"Código SIEX";"Tipo material fertilizantes según lista SIEX";"C_FERTILIZANTE";"D_CLASIFICA_NIVEL1";"D_CLASIFICA_NIVEL2";"Nombre producto";"Fabricante";"D_FERTILIZANTE_2";"N_% TOTAL";"N orgánico % (en fertilizantes orgánico-minerales)";"N % nítrico";"N % amoniacal";"N % ureico";"P2O5 % total";"P2O5 % soluble en agua";"P2O5 % soluble en citrato amónico neutro y agua";"P_% TOTAL";"K2O % total";"K2O % soluble en agua";"K_% TOTAL";"D_GRUPO_CONSUMO";"¿Inhibidor de la nitrificación? Si/No";"¿Inhibidor de la ureasa? Si/No";"Ca (CaO)";"Mg (MgO)";"S (SO3)";"Cadmio (Cd)";"Cobre (Cu)";"Plomo (Pb)";"Níquel (Ni)";"Zinc (Zn)";"Mercurio (Hg)";"Cromo total (Cr)";"Boro (B)";"Cobalto (Co)";"Manganeso (Mn)";"Molibdeno (Mo)";"Hierro (Fe)";"Estado de agregación";"% Corg"
"14";"Productos fertilizantes: abonos inorgánicos";"0";;;;;"PERSONALIZADO: ABONO MINERAL";"0";"0";"0";"0";"0";"0";"0";"0";"0";"0";"0";"0";;"NO";"NO";"0";"0";"0";"0";"0";"0";"0";"0";"0";"0";"0";"0";"0";"0";"0";;"0"
"14";"Productos fertilizantes: abonos inorgánicos";"1";"Simple";"NITROGENADO";"ÁCIDO NÍTRICO (15-00-00)";"GENÉRICO";"ÁCIDO NÍTRICO (15-00-00) de GENÉRICO";"15";"0";"15";"0";"0";"0";"0";"0";"0";"0";"0";"0";;"NO";"NO";"0";"0";"0";"0";"0";"0";"0";"0";"0";"0";"0";"0";"0";"0";"0";"Líquido";"0"
"14";"Productos fertilizantes: abonos inorgánicos";"2";"Simple";"NITROGENADO";"NITRATO AMÓNICO-NA (34,5-00-00)";"GENÉRICO";"NITRATO AMÓNICO-NA (34,5-00-00) de GENÉRICO";"34.5";"0";"16.9";"17.6";"0";"0";"0";"0";"0";"0";"0";"0";;"NO";"NO";"0";"0";"0";"0";"0";"0";"0";"0";"0";"0";"0";"0";"0";"0";"0";"Sólido";"0"
"14";"Productos fertilizantes: abonos inorgánicos";"3";"Simple";"NITROGENADO";"NITRATO AMÓNICO CÁLCICO-NAC (27-00-00)";"GENÉRICO";"NITRATO AMÓNICO CÁLCICO-NAC (27-00-00) de GENÉRICO";"27";"0";"13.5";"13.5";"0";"0";"0";"0";"0";"0";"0";"0";;"NO";"NO";"8";"0";"0";"0";"0";"0";"0";"0";"0";"0";"0";"0";"0";"0";"0";"Sólido";"0"
"14";"Productos fertilizantes: abonos inorgánicos";"4";"Simple";"NITROGENADO";"NITRATO DE CALCIO SÓLIDO (15,5-00-00)";"GENÉRICO";"NITRATO DE CALCIO SÓLIDO (15,5-00-00) de GENÉRICO";"15.5";"0";"14.5";"1";"0";"0";"0";"0";"0";"0";"0";"0";;"NO";"NO";"27";"0";"0";"0";"0";"0";"0";"0";"0";"0";"0";"0";"0";"0";"0";"Sólido";"0"
"14";"Productos fertilizantes: abonos inorgánicos";"5";"Simple";"NITROGENADO";"NITRATO DE CALCIO LÍQUIDO (08-00-00)";"GENÉRICO";"NITRATO DE CALCIO LÍQUIDO (08-00-00) de GENÉRICO";"8";"0";"8";"0";"0";"0";"0";"0";"0";"0";"0";"0";;"NO";"NO";"16";"0";"0";"0";"0";"0";"0";"0";"0";"0";"0";"0";"0";"0";"0";"Líquido";"0"
"14";"Productos fertilizantes: abonos inorgánicos";"6";"Simple";"NITROGENADO";"NITROSULFATO AMÓNICO-NSA 26 (26-00-00)";"GENÉRICO";"NITROSULFATO AMÓNICO-NSA 26 (26-00-00) de GENÉRICO";"26";"0";"6.5";"19.5";"0";"0";"0";"0";"0";"0";"0";"0";;"NO";"NO";"0";"0";"35";"0";"0";"0";"0";"0";"0";"0";"0";"0";"0";"0";"0";"Sólido";"0"
"14";"Productos fertilizantes: abonos inorgánicos";"7";"Simple";"NITROGENADO";"SOLUCIÓN NITROGENADA (20-00-00)";"GENÉRICO";"SOLUCIÓN NITROGENADA (20-00-00) de GENÉRICO";"20";"0";"10";"10";"0";"0";"0";"0";"0";"0";"0";"0";;"NO";"NO";"0";"0";"0";"0";"0";"0";"0";"0";"0";"0";"0";"0";"0";"0";"0";"Líquido";"0"
"14";"Productos fertilizantes: abonos inorgánicos";"8";"Simple";"NITROGENADO";"SOLUCIÓN NITROGENADA (32-00-00)";"GENÉRICO";"SOLUCIÓN NITROGENADA (32-00-00) de GENÉRICO";"32";"0";"8";"8";"16";"0";"0";"0";"0";"0";"0";"0";;"NO";"NO";"0";"0";"0";"0";"0";"0";"0";"0";"0";"0";"0";"0";"0";"0";"0";"Líquido";"0"
"14";"Productos fertilizantes: abonos inorgánicos";"9";"Simple";"NITROGENADO";"SULFATO AMÓNICO (21-00-00)";"GENÉRICO";"SULFATO AMÓNICO (21-00-00) de GENÉRICO";"21";"0";"0";"21";"0";"0";"0";"0";"0";"0";"0";"0";;"NO";"NO";"0";"0";"55";"0";"0";"0";"0";"0";"0";"0";"0";"0";"0";"0";"0";"Sólido";"0"
"14";"Productos fertilizantes: abonos inorgánicos";"10";"Simple";"NITROGENADO";"UREA 40 con S (40-00-00)";"GENÉRICO";"UREA 40 con S (40-00-00) de GENÉRICO";"40";"0";"0";"0";"40";"0";"0";"0";"0";"0";"0";"0";;"NO";"NO";"0";"0";"14";"0";"0";"0";"0";"0";"0";"0";"0";"0";"0";"0";"0";"Sólido";"0"
"14";"Productos fertilizantes: abonos inorgánicos";"11";"Simple";"NITROGENADO";"UREA 46 (46-00-00)";"GENÉRICO";"UREA 46 (46-00-00) de GENÉRICO";"46";"0";"0";"0";"46";"0";"0";"0";"0";"0";"0";"0";;"NO";"NO";"0";"0";"0";"0";"0";"0";"0";"0";"0";"0";"0";"0";"0";"0";"0";"Sólido";"0"
"14";"Productos fertilizantes: abonos inorgánicos";"12";"Simple";"NITROGENADO";"AMONIACO 82 (82-00-00)";"GENÉRICO";"AMONIACO 82 (82-00-00) de GENÉRICO";"82";"0";"0";"82";"0";"0";"0";"0";"0";"0";"0";"0";;"NO";"NO";"0";"0";"0";"0";"0";"0";"0";"0";"0";"0";"0";"0";"0";"0";"0";"Líquido";"0"
"14";"Productos fertilizantes: abonos inorgánicos";"13";"Simple";"FOSFATADO";"ÁCIDO FOSFÓRICO 52 (00-52-00)";"GENÉRICO";"ÁCIDO FOSFÓRICO 52 (00-52-00) de GENÉRICO";"0";"0";"0";"0";"0";"52.477";"52";"52";"22.88";"0";"0";"0";;"NO";"NO";"0";"0";"0";"0";"0";"0";"0";"0";"0";"0";"0";"0";"0";"0";"0";"Líquido";"0"
"14";"Productos fertilizantes: abonos inorgánicos";"14";"Simple";"FOSFATADO";"SUPERFOSFATO SIMPLE-SSP 18 (00-18-00)";"GENÉRICO";"SUPERFOSFATO SIMPLE-SSP 18 (00-18-00) de GENÉRICO";"0";"0";"0";"0";"0";"18.165";"16";"18";"7.92";"0";"0";"0";;"NO";"NO";"17";"0";"30.5";"0";"0";"0";"0";"0";"0";"0";"0";"0";"0";"0";"0";"Sólido";"0"
"14";"Productos fertilizantes: abonos inorgánicos";"15";"Simple";"FOSFATADO";"SUPERFOSFATO CONCENTRADO-SSP 45 (00-45-00)";"GENÉRICO";"SUPERFOSFATO CONCENTRADO-SSP 45 (00-45-00) de GENÉRICO";"0";"0";"0";"0";"0";"45.413";"42";"45";"19.8";"0";"0";"0";;"NO";"NO";"39";"0";"0";"0";"0";"0";"0";"0";"0";"0";"0";"0";"0";"0";"0";"Sólido";"0"
"14";"Productos fertilizantes: abonos inorgánicos";"16";"Simple";"POTASICO";"CLORURO POTÁSICO-ClK 60 (00-00-60)";"GENÉRICO";"CLORURO POTÁSICO-ClK 60 (00-00-60) de GENÉRICO";"0";"0";"0";"0";"0";"0";"0";"0";"0";"60";"60";"49.8";;"NO";"NO";"0";"0";"0";"0";"0";"0";"0";"0";"0";"0";"0";"0";"0";"0";"0";"Sólido";"0"
"14";"Productos fertilizantes: abonos inorgánicos";"17";"Simple";"POTASICO";"SULFATO POTÁSICO-SOP 50 (00-00-50)";"GENÉRICO";"SULFATO POTÁSICO-SOP 50 (00-00-50) de GENÉRICO";"0";"0";"0";"0";"0";"0";"0";"0";"0";"50";"50";"41.5";;"NO";"NO";"0";"0";"42";"0";"0";"0";"0";"0";"0";"0";"0";"0";"0";"0";"0";"Sólido";"0"
"14";"Productos fertilizantes: abonos inorgánicos";"18";"Complejo";"BINARIO NP";"FOSFATO MONOAMÓNICO-MAP (10,5-52-00)";"GENÉRICO";"FOSFATO MONOAMÓNICO-MAP (10,5-52-00) de GENÉRICO";"10.5";"0";"0";"10.5";"0";"52.477";"50";"52";"22.88";"0";"0";"0";;"NO";"NO";"0";"0";"0";"0";"0";"0";"0";"0";"0";"0";"0";"0";"0";"0";"0";"Sólido";"0"
"14";"Productos fertilizantes: abonos inorgánicos";"19";"Complejo";"BINARIO NP";"11-61-00";"GENÉRICO";"11-61-00 de GENÉRICO";"11";"0";"0";"5.5";"5.5";"60.55";"60.55";"60";"26.4";"0";"0";"0";;"NO";"NO";"0";"0";"0";"0";"0";"0";"0";"0";"0";"0";"0";"0";"0";"0";"0";"Sólido";"0"
"14";"Productos fertilizantes: abonos inorgánicos";"20";"Complejo";"BINARIO NP";"16-20-00";"GENÉRICO";"16-20-00 de GENÉRICO";"16";"0";"0";"8";"8";"20.183";"20.183";"20";"8.8";"0";"0";"0";;"NO";"NO";"0";"0";"0";"0";"0";"0";"0";"0";"0";"0";"0";"0";"0";"0";"0";"Sólido";"0"
"14";"Productos fertilizantes: abonos inorgánicos";"21";"Complejo";"BINARIO NP";"FOSFATO DIAMÓNICO-DAP (18-46-00)";"GENÉRICO";"FOSFATO DIAMÓNICO-DAP (18-46-00) de GENÉRICO";"18";"0";"0";"18";"0";"46.422";"45";"46";"20.24";"0";"0";"0";;"NO";"NO";"0";"0";"0";"0";"0";"0";"0";"0";"0";"0";"0";"0";"0";"0";"0";"Sólido";"0"
"14";"Productos fertilizantes: abonos inorgánicos";"22";"Complejo";"BINARIO NK";"12-00-18";"GENÉRICO";"12-00-18 de GENÉRICO";"12";"0";"0";"6";"6";"0";"0";"0";"0";"18";"18";"14.94";;"NO";"NO";"0";"0";"0";"0";"0";"0";"0";"0";"0";"0";"0";"0";"0";"0";"0";"Sólido";"0"
"14";"Productos fertilizantes: abonos inorgánicos";"23";"Complejo";"BINARIO NK";"NITRATO POTÁSICO (13-00-46)";"GENÉRICO";"NITRATO POTÁSICO (13-00-46) de GENÉRICO";"13";"0";"13";"0";"0";"0";"0";"0";"0";"46";"46";"38.18";;"NO";"NO";"0";"0";"0";"0";"0";"0";"0";"0";"0";"0";"0";"0";"0";"0";"0";"Sólido";"0"
"14";"Productos fertilizantes: abonos inorgánicos";"24";"Complejo";"BINARIO PK";"00-20-17";"GENÉRICO";"00-20-17 de GENÉRICO";"0";"0";"0";"0";"0";"20.183";"0";"20.183";"8.8";"17";"17";"14.11";;"NO";"NO";"0";"0";"0";"0";"0";"0";"0";"0";"0";"0";"0";"0";"0";"0";"0";"Sólido";"0"
"14";"Productos fertilizantes: abonos inorgánicos";"25";"Complejo";"TERNARIO NPK";"08-18-08";"GENÉRICO";"08-18-08 de GENÉRICO";"8";"0";"0";"4";"4";"18.165";"0";"18";"7.92";"8";"8";"6.64";;"NO";"NO";"0";"0";"0";"0";"0";"0";"0";"0";"0";"0";"0";"0";"0";"0";"0";"Sólido";"0"
"14";"Productos fertilizantes: abonos inorgánicos";"26";"Complejo";"TERNARIO NPK";"08-15-15";"GENÉRICO";"08-15-15 de GENÉRICO";"8";"0";"0";"4";"4";"15.138";"0";"15";"6.6";"15";"15";"12.45";;"NO";"NO";"0";"0";"0";"0";"0";"0";"0";"0";"0";"0";"0";"0";"0";"0";"0";"Sólido";"0"
"14";"Productos fertilizantes: abonos inorgánicos";"27";"Complejo";"TERNARIO NPK";"08-16-08";"GENÉRICO";"08-16-08 de GENÉRICO";"8";"0";"0";"4";"4";"16.147";"0";"16";"7.04";"8";"8";"6.64";;"NO";"NO";"0";"0";"0";"0";"0";"0";"0";"0";"0";"0";"0";"0";"0";"0";"0";"Sólido";"0"
"14";"Productos fertilizantes: abonos inorgánicos";"28";"Complejo";"TERNARIO NPK";"08-24-08";"GENÉRICO";"08-24-08 de GENÉRICO";"8";"0";"0";"4";"4";"24.22";"0";"24";"10.56";"8";"8";"6.64";;"NO";"NO";"0";"0";"0";"0";"0";"0";"0";"0";"0";"0";"0";"0";"0";"0";"0";"Sólido";"0"
"14";"Productos fertilizantes: abonos inorgánicos";"29";"Complejo";"TERNARIO NPK";"08-12-12";"GENÉRICO";"08-12-12 de GENÉRICO";"8";"0";"0";"4";"4";"12.11";"0";"12";"5.28";"12";"12";"9.96";;"NO";"NO";"0";"0";"0";"0";"0";"0";"0";"0";"0";"0";"0";"0";"0";"0";"0";"Sólido";"0"
"14";"Productos fertilizantes: abonos inorgánicos";"30";"Complejo";"TERNARIO NPK";"07-14-14";"GENÉRICO";"07-14-14 de GENÉRICO";"7";"0";"0";"3.5";"3.5";"14.128";"0";"14";"6.16";"14";"14";"11.62";;"NO";"NO";"0";"0";"0";"0";"0";"0";"0";"0";"0";"0";"0";"0";"0";"0";"0";"Sólido";"0"
"14";"Productos fertilizantes: abonos inorgánicos";"31";"Complejo";"TERNARIO NPK";"08-13-13 Mg";"GENÉRICO";"08-13-13 Mg de GENÉRICO";"8";"0";"0";"4";"4";"13.119";"0";"13";"5.72";"13";"13";"10.79";;"NO";"NO";"0";"2";"0";"0";"0";"0";"0";"0";"0";"0";"0";"0";"0";"0";"0";"Sólido";"0"
"14";"Productos fertilizantes: abonos inorgánicos";"32";"Complejo";"TERNARIO NPK";"08-12-16 B";"GENÉRICO";"08-12-16 B de GENÉRICO";"8";"0";"0";"4";"4";"12.11";"0";"12";"5.28";"16";"16";"13.28";;"NO";"NO";"0";"0";"0";"0";"0";"0";"0";"0";"0";"0";"0.1";"0";"0";"0";"0";"Sólido";"0"
"14";"Productos fertilizantes: abonos inorgánicos";"33";"Complejo";"TERNARIO NPK";"05-15-15";"GENÉRICO";"05-15-15 de GENÉRICO";"5";"0";"0";"2.5";"2.5";"15.138";"0";"15";"6.6";"15";"15";"12.45";;"NO";"NO";"0";"0";"0";"0";"0";"0";"0";"0";"0";"0";"0";"0";"0";"0";"0";"Sólido";"0"
"14";"Productos fertilizantes: abonos inorgánicos";"34";"Complejo";"TERNARIO NPK";"06-12-18";"GENÉRICO";"06-12-18 de GENÉRICO";"6";"0";"0";"3";"3";"12.11";"0";"12";"5.28";"18";"18";"14.94";;"NO";"NO";"0";"0";"0";"0";"0";"0";"0";"0";"0";"0";"0";"0";"0";"0";"0";"Sólido";"0"
"14";"Productos fertilizantes: abonos inorgánicos";"35";"Complejo";"TERNARIO NPK";"08-22-05";"GENÉRICO";"08-22-05 de GENÉRICO";"8";"0";"0";"4";"4";"22.202";"0";"22";"9.68";"5";"5";"4.15";;"NO";"NO";"0";"0";"0";"0";"0";"0";"0";"0";"0";"0";"0";"0";"0";"0";"0";"Sólido";"0"
"14";"Productos fertilizantes: abonos inorgánicos";"36";"Complejo";"TERNARIO NPK";"08-20-10 Mg";"GENÉRICO";"08-20-10 Mg de GENÉRICO";"8";"0";"0";"4";"4";"20.183";"0";"20";"8.8";"10";"10";"8.3";;"NO";"NO";"0";"2";"0";"0";"0";"0";"0";"0";"0";"0";"0";"0";"0";"0";"0";"Sólido";"0"
"14";"Productos fertilizantes: abonos inorgánicos";"37";"Complejo";"TERNARIO NPK";"09-18-27";"GENÉRICO";"09-18-27 de GENÉRICO";"9";"0";"0";"4.5";"4.5";"18.165";"0";"18";"7.92";"27";"27";"22.41";;"NO";"NO";"0";"0";"0";"0";"0";"0";"0";"0";"0";"0";"0";"0";"0";"0";"0";"Sólido";"0"
"14";"Productos fertilizantes: abonos inorgánicos";"38";"Complejo";"TERNARIO NPK";"07-14-21 S";"GENÉRICO";"07-14-21 S de GENÉRICO";"7";"0";"0";"3.5";"3.5";"14.128";"0";"14";"6.16";"21";"21";"17.43";;"NO";"NO";"0";"0";"15";"0";"0";"0";"0";"0";"0";"0";"0";"0";"0";"0";"0";"Sólido";"0"
"14";"Productos fertilizantes: abonos inorgánicos";"39";"Complejo";"TERNARIO NPK";"09-25-12";"GENÉRICO";"09-25-12 de GENÉRICO";"9";"0";"0";"4.5";"4.5";"25.229";"0";"25";"11";"12";"12";"9.96";;"NO";"NO";"0";"2";"0";"0";"0";"0";"0";"0";"0";"0";"0";"0";"0";"0";"0";"Sólido";"0"
"14";"Productos fertilizantes: abonos inorgánicos";"40";"Complejo";"TERNARIO NPK";"08-14-14 Mg";"GENÉRICO";"08-14-14 Mg de GENÉRICO";"8";"0";"0";"4";"4";"14.128";"0";"14";"6.16";"14";"14";"11.62";;"NO";"NO";"0";"0";"0";"0";"0";"0";"0";"0";"0";"0";"0";"0";"0";"0";"0";"Sólido";"0"
"14";"Productos fertilizantes: abonos inorgánicos";"41";"Complejo";"TERNARIO NPK";"06-10-20";"GENÉRICO";"06-10-20 de GENÉRICO";"6";"0";"0";"3";"3";"10.092";"0";"10";"4.4";"20";"20";"16.6";;"NO";"NO";"0";"0";"0";"0";"0";"0";"0";"0";"0";"0";"0";"0";"0";"0";"0";"Sólido";"0"
"14";"Productos fertilizantes: abonos inorgánicos";"42";"Complejo";"TERNARIO NPK";"08-06-20";"GENÉRICO";"08-06-20 de GENÉRICO";"8";"0";"0";"4";"4";"6.055";"0";"6";"2.64";"20";"20";"16.6";;"NO";"NO";"0";"0";"0";"0";"0";"0";"0";"0";"0";"0";"0";"0";"0";"0";"0";"Sólido";"0"
"14";"Productos fertilizantes: abonos inorgánicos";"43";"Complejo";"TERNARIO NPK";"08-12-20";"GENÉRICO";"08-12-20 de GENÉRICO";"8";"0";"0";"4";"4";"12.11";"0";"12";"5.28";"20";"20";"16.6";;"NO";"NO";"0";"0";"0";"0";"0";"0";"0";"0";"0";"0";"0";"0";"0";"0";"0";"Sólido";"0"
"14";"Productos fertilizantes: abonos inorgánicos";"44";"Complejo";"TERNARIO NPK";"07-14-16";"GENÉRICO";"07-14-16 de GENÉRICO";"7";"0";"0";"3.5";"3.5";"14.128";"0";"14";"6.16";"16";"16";"13.28";;"NO";"NO";"0";"0";"0";"0";"0";"0";"0";"0";"0";"0";"0";"0";"0";"0";"0";"Sólido";"0"
"14";"Productos fertilizantes: abonos inorgánicos";"45";"Complejo";"TERNARIO NPK";"05-10-15";"GENÉRICO";"05-10-15 de GENÉRICO";"5";"0";"0";"2.5";"2.5";"10.092";"0";"10";"4.4";"15";"15";"12.45";;"NO";"NO";"0";"0";"0";"0";"0";"0";"0";"0";"0";"0";"0";"0";"0";"0";"0";"Sólido";"0"
"14";"Productos fertilizantes: abonos inorgánicos";"46";"Complejo";"TERNARIO NPK";"05-10-22";"GENÉRICO";"05-10-22 de GENÉRICO";"5";"0";"0";"2.5";"2.5";"10.092";"0";"10";"4.4";"22";"22";"18.26";;"NO";"NO";"0";"0";"0";"0";"0";"0";"0";"0";"0";"0";"0";"0";"0";"0";"0";"Sólido";"0"
"14";"Productos fertilizantes: abonos inorgánicos";"47";"Complejo";"TERNARIO NPK";"05-08-18";"GENÉRICO";"05-08-18 de GENÉRICO";"5";"0";"0";"2.5";"2.5";"8.073";"0";"8";"3.52";"18";"18";"14.94";;"NO";"NO";"0";"0";"0";"0";"0";"0";"0";"0";"0";"0";"0";"0";"0";"0";"0";"Sólido";"0"
"14";"Productos fertilizantes: abonos inorgánicos";"48";"Complejo";"TERNARIO NPK";"05-14-14";"GENÉRICO";"05-14-14 de GENÉRICO";"5";"0";"0";"2.5";"2.5";"14.128";"0";"14";"6.16";"14";"14";"11.62";;"NO";"NO";"0";"0";"0";"0";"0";"0";"0";"0";"0";"0";"0";"0";"0";"0";"0";"Sólido";"0"
"14";"Productos fertilizantes: abonos inorgánicos";"49";"Complejo";"TERNARIO NPK";"06-15-38";"GENÉRICO";"06-15-38 de GENÉRICO";"6";"0";"0";"3";"3";"15.138";"0";"15";"6.6";"38";"38";"31.54";;"NO";"NO";"0";"0";"0";"0";"0";"0";"0";"0";"0";"0";"0";"0";"0";"0";"0";"Sólido";"0"
"14";"Productos fertilizantes: abonos inorgánicos";"50";"Complejo";"TERNARIO NPK";"05-10-20";"GENÉRICO";"05-10-20 de GENÉRICO";"5";"0";"0";"2.5";"2.5";"10.092";"0";"10";"4.4";"20";"20";"16.6";;"NO";"NO";"0";"0";"0";"0";"0";"0";"0";"0";"0";"0";"0";"0";"0";"0";"0";"Sólido";"0"
"14";"Productos fertilizantes: abonos inorgánicos";"51";"Complejo";"TERNARIO NPK";"07-18-13";"GENÉRICO";"07-18-13 de GENÉRICO";"7";"0";"0";"3.5";"3.5";"18.165";"0";"18";"7.92";"13";"13";"10.79";;"NO";"NO";"0";"0";"0";"0";"0";"0";"0";"0";"0";"0";"0";"0";"0";"0";"0";"Sólido";"0"
"14";"Productos fertilizantes: abonos inorgánicos";"52";"Complejo";"TERNARIO NPK";"15-15-15";"GENÉRICO";"15-15-15 de GENÉRICO";"15";"0";"0";"7.5";"7.5";"15.138";"0";"15";"6.6";"15";"15";"12.45";;"NO";"NO";"0";"0";"0";"0";"0";"0";"0";"0";"0";"0";"0";"0";"0";"0";"0";"Sólido";"0"
"14";"Productos fertilizantes: abonos inorgánicos";"53";"Complejo";"TERNARIO NPK";"14-16-14";"GENÉRICO";"14-16-14 de GENÉRICO";"14";"0";"0";"7";"7";"16.147";"0";"16";"7.04";"14";"14";"11.62";;"NO";"NO";"0";"0";"0";"0";"0";"0";"0";"0";"0";"0";"0";"0";"0";"0";"0";"Sólido";"0"
"14";"Productos fertilizantes: abonos inorgánicos";"54";"Complejo";"TERNARIO NPK";"12-10-20";"GENÉRICO";"12-10-20 de GENÉRICO";"12";"0";"0";"6";"6";"10.092";"0";"10";"4.4";"20";"20";"16.6";;"NO";"NO";"0";"0";"0";"0";"0";"0";"0";"0";"0";"0";"0";"0";"0";"0";"0";"Sólido";"0"
"14";"Productos fertilizantes: abonos inorgánicos";"55";"Complejo";"TERNARIO NPK";"14-10-16";"GENÉRICO";"14-10-16 de GENÉRICO";"14";"0";"0";"7";"7";"10.092";"0";"10";"4.4";"16";"16";"13.28";;"NO";"NO";"0";"0";"0";"0";"0";"0";"0";"0";"0";"0";"0";"0";"0";"0";"0";"Sólido";"0"
"14";"Productos fertilizantes: abonos inorgánicos";"56";"Complejo";"TERNARIO NPK";"12-10-17";"GENÉRICO";"12-10-17 de GENÉRICO";"12";"0";"0";"6";"6";"10.092";"0";"10";"4.4";"17";"17";"14.11";;"NO";"NO";"0";"0";"0";"0";"0";"0";"0";"0";"0";"0";"0";"0";"0";"0";"0";"Sólido";"0"
"14";"Productos fertilizantes: abonos inorgánicos";"57";"Complejo";"TERNARIO NPK";"12-12-17";"GENÉRICO";"12-12-17 de GENÉRICO";"12";"0";"0";"6";"6";"12.11";"0";"12";"5.28";"17";"17";"14.11";;"NO";"NO";"0";"0";"0";"0";"0";"0";"0";"0";"0";"0";"0";"0";"0";"0";"0";"Sólido";"0"
"14";"Productos fertilizantes: abonos inorgánicos";"58";"Complejo";"TERNARIO NPK";"10-06-15";"GENÉRICO";"10-06-15 de GENÉRICO";"10";"0";"0";"5";"5";"6.055";"0";"6";"2.64";"15";"15";"12.45";;"NO";"NO";"0";"0";"0";"0";"0";"0";"0";"0";"0";"0";"0";"0";"0";"0";"0";"Sólido";"0"
"14";"Productos fertilizantes: abonos inorgánicos";"59";"Complejo";"TERNARIO NPK";"12-12-12";"GENÉRICO";"12-12-12 de GENÉRICO";"12";"0";"0";"6";"6";"12.11";"0";"12";"5.28";"12";"12";"9.96";;"NO";"NO";"0";"0";"0";"0";"0";"0";"0";"0";"0";"0";"0";"0";"0";"0";"0";"Sólido";"0"
"14";"Productos fertilizantes: abonos inorgánicos";"60";"Complejo";"TERNARIO NPK";"10-10-20";"GENÉRICO";"10-10-20 de GENÉRICO";"10";"0";"0";"5";"5";"10.092";"0";"10";"4.4";"20";"20";"16.6";;"NO";"NO";"0";"0";"0";"0";"0";"0";"0";"0";"0";"0";"0";"0";"0";"0";"0";"Sólido";"0"
"14";"Productos fertilizantes: abonos inorgánicos";"61";"Complejo";"TERNARIO NPK";"10-25-13";"GENÉRICO";"10-25-13 de GENÉRICO";"10";"0";"0";"5";"5";"25.229";"0";"25";"11";"13";"13";"10.79";;"NO";"NO";"0";"0";"0";"0";"0";"0";"0";"0";"0";"0";"0";"0";"0";"0";"0";"Sólido";"0"
"14";"Productos fertilizantes: abonos inorgánicos";"62";"Complejo";"TERNARIO NPK";"10-20-10";"GENÉRICO";"10-20-10 de GENÉRICO";"10";"0";"0";"5";"5";"20.183";"0";"20";"8.8";"10";"10";"8.3";;"NO";"NO";"0";"0";"0";"0";"0";"0";"0";"0";"0";"0";"0";"0";"0";"0";"0";"Sólido";"0"
"14";"Productos fertilizantes: abonos inorgánicos";"63";"Complejo";"TERNARIO NPK";"12-11-18";"GENÉRICO";"12-11-18 de GENÉRICO";"12";"0";"0";"6";"6";"11.101";"0";"11";"4.84";"18";"18";"14.94";;"NO";"NO";"0";"0";"0";"0";"0";"0";"0";"0";"0";"0";"0";"0";"0";"0";"0";"Sólido";"0"
"14";"Productos fertilizantes: abonos inorgánicos";"64";"Complejo";"TERNARIO NPK";"12-24-08";"GENÉRICO";"12-24-08 de GENÉRICO";"12";"0";"0";"6";"6";"24.22";"0";"24";"10.56";"8";"8";"6.64";;"NO";"NO";"0";"0";"0";"0";"0";"0";"0";"0";"0";"0";"0";"0";"0";"0";"0";"Sólido";"0"
"14";"Productos fertilizantes: abonos inorgánicos";"65";"Complejo";"TERNARIO NPK";"11-22-16";"GENÉRICO";"11-22-16 de GENÉRICO";"11";"0";"0";"5.5";"5.5";"22.202";"0";"22";"9.68";"16";"16";"13.28";;"NO";"NO";"0";"0";"0";"0";"0";"0";"0";"0";"0";"0";"0";"0";"0";"0";"0";"Sólido";"0"
"14";"Productos fertilizantes: abonos inorgánicos";"66";"Complejo";"TERNARIO NPK";"12-15-15";"GENÉRICO";"12-15-15 de GENÉRICO";"12";"0";"0";"6";"6";"15.138";"0";"15";"6.6";"15";"15";"12.45";;"NO";"NO";"0";"0";"0";"0";"0";"0";"0";"0";"0";"0";"0";"0";"0";"0";"0";"Sólido";"0"
"14";"Productos fertilizantes: abonos inorgánicos";"67";"Complejo";"TERNARIO NPK";"11-15-15 S";"GENÉRICO";"11-15-15 S de GENÉRICO";"11";"0";"0";"5.5";"5.5";"15.138";"0";"15";"6.6";"15";"15";"12.45";;"NO";"NO";"0";"0";"15";"0";"0";"0";"0";"0";"0";"0";"0";"0";"0";"0";"0";"Sólido";"0"
"14";"Productos fertilizantes: abonos inorgánicos";"68";"Complejo";"TERNARIO NPK";"12-05-20";"GENÉRICO";"12-05-20 de GENÉRICO";"12";"0";"0";"6";"6";"5.046";"0";"5";"2.2";"20";"20";"16.6";;"NO";"NO";"0";"0";"0";"0";"0";"0";"0";"0";"0";"0";"0";"0";"0";"0";"0";"Sólido";"0"
"14";"Productos fertilizantes: abonos inorgánicos";"69";"Complejo";"TERNARIO NPK";"10-22-08";"GENÉRICO";"10-22-08 de GENÉRICO";"10";"0";"0";"5";"5";"22.202";"0";"22";"9.68";"8";"8";"6.64";;"NO";"NO";"0";"0";"0";"0";"0";"0";"0";"0";"0";"0";"0";"0";"0";"0";"0";"Sólido";"0"
"14";"Productos fertilizantes: abonos inorgánicos";"70";"Complejo";"TERNARIO NPK";"14-14-07 S";"GENÉRICO";"14-14-07 S de GENÉRICO";"14";"0";"0";"7";"7";"14.128";"0";"14";"6.16";"7";"7";"5.81";;"NO";"NO";"0";"0";"15";"0";"0";"0";"0";"0";"0";"0";"0";"0";"0";"0";"0";"Sólido";"0"
"14";"Productos fertilizantes: abonos inorgánicos";"71";"Complejo";"TERNARIO NPK";"15-08-20";"GENÉRICO";"15-08-20 de GENÉRICO";"15";"0";"0";"7.5";"7.5";"8.073";"0";"8";"3.52";"20";"20";"16.6";;"NO";"NO";"0";"0";"0";"0";"0";"0";"0";"0";"0";"0";"0";"0";"0";"0";"0";"Sólido";"0"
"14";"Productos fertilizantes: abonos inorgánicos";"72";"Complejo";"TERNARIO NPK";"10-10-10";"GENÉRICO";"10-10-10 de GENÉRICO";"10";"0";"0";"5";"5";"10.092";"0";"10";"4.4";"10";"10";"8.3";;"NO";"NO";"0";"0";"0";"0";"0";"0";"0";"0";"0";"0";"0";"0";"0";"0";"0";"Sólido";"0"
"14";"Productos fertilizantes: abonos inorgánicos";"73";"Complejo";"TERNARIO NPK";"10-07-20";"GENÉRICO";"10-07-20 de GENÉRICO";"10";"0";"0";"5";"5";"7.064";"0";"7";"3.08";"20";"20";"16.6";;"NO";"NO";"0";"0";"0";"0";"0";"0";"0";"0";"0";"0";"0";"0";"0";"0";"0";"Sólido";"0"
"14";"Productos fertilizantes: abonos inorgánicos";"74";"Complejo";"TERNARIO NPK";"12-24-12";"GENÉRICO";"12-24-12 de GENÉRICO";"12";"0";"0";"6";"6";"24.22";"0";"24";"10.56";"12";"12";"9.96";;"NO";"NO";"0";"0";"0";"0";"0";"0";"0";"0";"0";"0";"0";"0";"0";"0";"0";"Sólido";"0"
"14";"Productos fertilizantes: abonos inorgánicos";"75";"Complejo";"TERNARIO NPK";"20-08-07";"GENÉRICO";"20-08-07 de GENÉRICO";"20";"0";"0";"10";"10";"8.073";"0";"8";"3.52";"7";"7";"5.81";;"NO";"NO";"0";"0";"0";"0";"0";"0";"0";"0";"0";"0";"0";"0";"0";"0";"0";"Sólido";"0"
"14";"Productos fertilizantes: abonos inorgánicos";"76";"Complejo";"TERNARIO NPK";"20-10-05";"GENÉRICO";"20-10-05 de GENÉRICO";"20";"0";"0";"10";"10";"10.092";"0";"10";"4.4";"5";"5";"4.15";;"NO";"NO";"0";"0";"0";"0";"0";"0";"0";"0";"0";"0";"0";"0";"0";"0";"0";"Sólido";"0"
"14";"Productos fertilizantes: abonos inorgánicos";"77";"Complejo";"TERNARIO NPK";"25-08-10";"GENÉRICO";"25-08-10 de GENÉRICO";"25";"0";"0";"12.5";"12.5";"8.073";"0";"8";"3.52";"10";"10";"8.3";;"NO";"NO";"0";"0";"0";"0";"0";"0";"0";"0";"0";"0";"0";"0";"0";"0";"0";"Sólido";"0"
"14";"Productos fertilizantes: abonos inorgánicos";"78";"Complejo";"TERNARIO NPK";"20-10-05 S Mg";"GENÉRICO";"20-10-05 S Mg de GENÉRICO";"20";"0";"0";"10";"10";"10.092";"0";"10";"4.4";"5";"5";"4.15";;"NO";"NO";"0";"2";"15";"0";"0";"0";"0";"0";"0";"0";"0";"0";"0";"0";"0";"Sólido";"0"
"14";"Productos fertilizantes: abonos inorgánicos";"79";"Complejo";"TERNARIO NPK";"25-04-10";"GENÉRICO";"25-04-10 de GENÉRICO";"25";"0";"0";"12.5";"12.5";"4.037";"0";"4";"1.76";"10";"10";"8.3";;"NO";"NO";"0";"0";"0";"0";"0";"0";"0";"0";"0";"0";"0";"0";"0";"0";"0";"Sólido";"0"
"14";"Productos fertilizantes: abonos inorgánicos";"80";"Complejo";"TERNARIO NPK";"17-11-12";"GENÉRICO";"17-11-12 de GENÉRICO";"17";"0";"0";"8.5";"8.5";"11.101";"0";"11";"4.84";"12";"12";"9.96";;"NO";"NO";"0";"0";"0";"0";"0";"0";"0";"0";"0";"0";"0";"0";"0";"0";"0";"Sólido";"0"
"14";"Productos fertilizantes: abonos inorgánicos";"81";"Simple";"NITROGENADO";"Nitrosulf 27";"EUROCHEM";"Nitrosulf 27 (NITRATO AMONICO CON S) de EuroChem";"27";"0";"13.5";"13.5";"0";"0";"0";"0";"0";"0";"0";"0";;"NO";"NO";"0";"0";"10";"0";"0";"0";"0";"0";"0";"0";"0";"0";"0";"0";"0";"Sólido";"0"
"14";"Productos fertilizantes: abonos inorgánicos";"82";"Simple";"NITROGENADO";"ENTEC 26";"EUROCHEM";"ENTEC 26 (NITROSULFATO AMONICO 26) de EuroChem";"26";"0";"7";"19";"0";"0";"0";"0";"0";"0";"0";"0";;"SI";"NO";"0";"0";"36.3";"0";"0";"0";"0";"0";"0";"0";"0";"0";"0";"0";"0";"Sólido";"0"
"14";"Productos fertilizantes: abonos inorgánicos";"83";"Simple";"NITROGENADO";"ENTEC 27";"EUROCHEM";"ENTEC 27 (NITRATO AMONICO CON S) de EuroChem";"27";"0";"13.5";"13.5";"0";"0";"0";"0";"0";"0";"0";"0";;"SI";"NO";"0";"0";"10";"0";"0";"0";"0";"0";"0";"0";"0";"0";"0";"0";"0";"Sólido";"0"
"14";"Productos fertilizantes: abonos inorgánicos";"84";"Simple";"NITROGENADO";"ENTEC solub 21";"EUROCHEM";"ENTEC solub 21 (SULFATO AMONICO 21) de EuroChem";"21";"0";"0";"21";"0";"0";"0";"0";"0";"0";"0";"0";;"SI";"NO";"0";"0";"60";"0";"0";"0";"0";"0";"0";"0";"0";"0";"0";"0";"0";"Sólido";"0"
"14";"Productos fertilizantes: abonos inorgánicos";"85";"Simple";"NITROGENADO";"SULFATO AMÓNICO";"UBE ";"SULFATO AMÓNICO (SULFATO AMONICO 21) de UBE ";"21";"0";"0";"21";"0";"0";"0";"0";"0";"0";"0";"0";;"NO";"NO";"0";"0";"52.6";"0";"0";"0";"0";"0";"0";"0";"0";"0";"0";"0";"0";"Sólido";"0"
"14";"Productos fertilizantes: abonos inorgánicos";"86";"Simple";"NITROGENADO";"AUREA-Mg";"FERTISAC, S.L.";"AUREA-Mg (ABONO NITROGENADO MIXTO N 30) de FERTISAC, S.L.";"30";"0";"0";"5";"25";"0";"0";"0";"0";"0";"0";"0";;"NO";"NO";"4";"2";"22";"0";"0";"0";"0";"0";"0";"0";"0";"0";"0";"0";"0";"Sólido";"0"
"14";"Productos fertilizantes: abonos inorgánicos";"87";"Simple";"NITROGENADO";"AUREA-Mg (INNITRO)";"FERTISAC, S.L.";"AUREA-Mg (INNITRO) (ABONO NITROGENADO MIXTO N 30) de FERTISAC, S.L.";"30";"0";"0";"6";"24";"0";"0";"0";"0";"0";"0";"0";;"NO";"SI";"5";"2";"24";"0";"0";"0";"0";"0";"0";"0";"0";"0";"0";"0";"0";"Sólido";"0"
"14";"Productos fertilizantes: abonos inorgánicos";"88";"Simple";"NITROGENADO";"INNITRO PLUS 24";"FERTISAC, S.L.";"INNITRO PLUS 24 (ABONO NITROGENADO MIXTO N 24) de FERTISAC, S.L.";"24";"0";"0";"10";"14";"0";"0";"0";"0";"0";"0";"0";;"NO";"SI";"6";"3";"35";"0";"0";"0";"0";"0";"0";"0";"0";"0";"0";"0";"0";"Sólido";"0"
"14";"Productos fertilizantes: abonos inorgánicos";"89";"Simple";"NITROGENADO";"NITROSAC FM";"FERTISAC, S.L.";"NITROSAC FM (ABONO NITROGENADO MIXTO N 17) de FERTISAC, S.L.";"17";"0";"0";"7";"10";"0";"0";"0";"0";"0";"0";"0";;"NO";"NO";"0";"6";"28";"0";"0";"0";"0";"0";"0";"0";"0";"0";"0";"0";"0";"Sólido";"0"
"14";"Productos fertilizantes: abonos inorgánicos";"90";"Simple";"NITROGENADO";"SULFATUR";"FERTISAC, S.L.";"SULFATUR (SOLUCIÓN ÁCIDA DE ABONO NITROGENADO) de FERTISAC, S.L.";"15";"0";"0";"0";"15";"0";"0";"0";"0";"0";"0";"0";;"NO";"NO";"0";"0";"40";"0";"0";"0";"0";"0";"0";"0";"0";"0";"0";"0";"0";"Líquido";"0"
"14";"Productos fertilizantes: abonos inorgánicos";"91";"Simple";"FOSFATADO";"Superfosfato Simple";"FERTISAC, S.L.";"Superfosfato Simple (SSP18) de FERTISAC, S.L.";"0";"0";"0";"0";"0";"18.005";"16.7";"18";"7.85";"0";"0";"0";;"NO";"NO";"24";"0";"34";"0";"0";"0";"0";"0";"0";"0";"0";"0";"0";"0";"0";"Sólido";"0"
"14";"Productos fertilizantes: abonos inorgánicos";"92";"Simple";"FOSFATADO";"Superfosfato Triple";"FERTISAC, S.L.";"Superfosfato Triple (SSP 45) de FERTISAC, S.L.";"0";"0";"0";"0";"0";"45";"39";"44";"19.62";"0";"0";"0";;"NO";"NO";"39";"0";"0";"0";"0";"0";"0";"0";"0";"0";"0";"0";"0";"0";"0";"Sólido";"0"
"14";"Productos fertilizantes: abonos inorgánicos";"93";"Simple";"POTASICO";"Polysulphate";"ICL IBERIA";"Polysulphate Granular 0-0-14 de ICL Iberia";"0";"0";"0";"0";"0";"0";"0";"0";"0";"14";"14";"11.62";;"NO";"NO";"17";"6";"48";"0";"0";"0";"0";"0";"0";"0";"0";"0";"0";"0";"0";"Sólido";"0"
"14";"Productos fertilizantes: abonos inorgánicos";"94";"Simple";"POTASICO";"PotashpluS";"ICL IBERIA";"PotashpluS Granular 0-0-37 de ICL Iberia";"0";"0";"0";"0";"0";"0";"0";"0";"0";"37";"37";"30.71";;"NO";"NO";"8";"2.8";"23";"0";"0";"0";"0";"0";"0";"0";"0";"0";"0";"0";"0";"Sólido";"0"
"14";"Productos fertilizantes: abonos inorgánicos";"95";"Complejo";"BINARIO NP";"Croplex 12-40";"EUROCHEM";"Croplex 12-40 (12-40-0) de EuroChem";"12";"0";"0";"12";"0";"40";"0";"0";"17.44";"0";"0";"0";;"NO";"NO";"0";"0";"25";"0";"0";"0";"0";"0";"0";"0";"0";"0";"0";"0";"0";"Sólido";"0"
"14";"Productos fertilizantes: abonos inorgánicos";"96";"Complejo";"BINARIO NP";"Nitrofos 20-20";"EUROCHEM";"Nitrofos 20-20 (20-20-0) de EuroChem";"20";"0";"8.3";"11.7";"0";"20";"15.2";"20";"8.72";"0";"0";"0";;"NO";"NO";"0";"0";"5";"0";"0";"0";"0";"0";"0";"0";"0";"0";"0";"0";"0";"Sólido";"0"
"14";"Productos fertilizantes: abonos inorgánicos";"97";"Complejo";"BINARIO NP";"ENTEC 25-15";"EUROCHEM";"ENTEC 25-15 (25-15-0) de EuroChem";"25";"0";"11";"14";"0";"15";"12";"15";"6.54";"0";"0";"0";;"SI";"NO";"0";"0";"2.5";"0";"0";"0";"0";"0";"0";"0";"0";"0";"0";"0";"0";"Sólido";"0"
"14";"Productos fertilizantes: abonos inorgánicos";"98";"Complejo";"BINARIO NP";"Aqualis UP 18-44";"EUROCHEM";"Aqualis UP 18-44 (18-44-0) de EuroChem";"18";"0";"0";"0";"18";"43.991";"44";"44";"19.18";"0";"0";"0";;"NO";"NO";"0";"0";"25";"0";"0";"0";"0";"0";"0";"0";"0";"0";"0";"0";"0";"Líquido";"0"
"14";"Productos fertilizantes: abonos inorgánicos";"99";"Complejo";"BINARIO NP";"NP 15-25";"FERTISAC, S.L.";"NP 15-25 (15-25-0) de FERTISAC, S.L.";"15";"0";"0";"10";"5";"25";"22";"25";"10.9";"0";"0";"0";;"NO";"NO";"9";"2";"14";"0";"0";"0";"0";"0";"0";"0";"0";"0";"0";"0";"0";"Sólido";"0"
"14";"Productos fertilizantes: abonos inorgánicos";"100";"Complejo";"BINARIO NP";"NP 9-20";"FERTISAC, S.L.";"NP 9-20 (9-20-0) de FERTISAC, S.L.";"9";"0";"0";"9";"0";"20";"13";"20";"8.72";"0";"0";"0";;"NO";"NO";"6";"6";"27";"0";"0";"0";"0";"0";"0";"0";"0";"0";"0";"0";"0";"Sólido";"0"
"14";"Productos fertilizantes: abonos inorgánicos";"101";"Complejo";"BINARIO PK";"PK FN 20-10";"FERTISAC, S.L.";"PK FN 20-10 (0-20-10) de FERTISAC, S.L.";"0";"0";"0";"0";"0";"20";"4";"8.5";"8.72";"10";"10";"8.3";;"NO";"NO";"33";"0";"10";"0";"0";"0";"0";"0";"0";"0";"0";"0";"0";"0";"0";"Sólido";"0"
"14";"Productos fertilizantes: abonos inorgánicos";"102";"Complejo";"BINARIO PK";"PK (S) 0-20-25 FN";"FERTISAC, S.L.";"PK (S) 0-20-25 FN de FERTISAC, S.L.";"0";"0";"0";"0";"0";"20";"15.5";"17";"8.72";"25";"25";"20.75";;"NO";"NO";"7";"0";"20";"0";"0";"0";"0";"0";"0";"0";"0";"0";"0";"0";"0";"Sólido";"0"
"14";"Productos fertilizantes: abonos inorgánicos";"103";"Complejo";"TERNARIO NPK";"NPK 8-15-15";"FERTISAC, S.L.";"8-15-15 de FERTISAC, S.L.";"8";"0";"0";"5.5";"2.5";"15";"12";"15";"6.54";"15";"15";"12.45";;"NO";"NO";"8";"0";"16";"0";"0";"0";"0";"0";"0";"0";"0";"0";"0";"0";"0";"Sólido";"0"
"14";"Productos fertilizantes: abonos inorgánicos";"104";"Complejo";"TERNARIO NPK";"NPK 8-16-8";"FERTISAC, S.L.";"8-16-8 de FERTISAC, S.L.";"8";"0";"0";"4";"4";"16.009";"11.5";"16";"6.98";"8";"8";"6.64";;"NO";"NO";"8";"0";"14";"0";"0";"0";"0";"0";"0";"0";"0";"0";"0";"0";"0";"Sólido";"0"
"14";"Productos fertilizantes: abonos inorgánicos";"105";"Complejo";"TERNARIO NPK";"NPK 7-14-7";"FERTISAC, S.L.";"7-14-7 de FERTISAC, S.L.";"7";"0";"0";"4";"3";"13.991";"8.5";"14";"6.1";"7";"7";"5.81";;"NO";"NO";"12";"2";"15";"0";"0";"0";"0";"0";"0";"0";"0";"0";"0";"0";"0";"Sólido";"0"
"14";"Productos fertilizantes: abonos inorgánicos";"106";"Complejo";"TERNARIO NPK";"NPK 5-10-10";"FERTISAC, S.L.";"5-10-10 de FERTISAC, S.L.";"5";"0";"0";"2";"3";"10";"7";"10";"4.36";"10";"10";"8.3";;"NO";"NO";"18";"2";"22";"0";"0";"0";"0";"0";"0";"0";"0";"0";"0";"0";"0";"Sólido";"0"
"14";"Productos fertilizantes: abonos inorgánicos";"107";"Complejo";"TERNARIO NPK";"NPK 5-10-15";"FERTISAC, S.L.";"5-10-15 de FERTISAC, S.L.";"5";"0";"0";"2";"3";"10";"6.5";"10";"4.36";"15";"15";"12.45";;"NO";"NO";"14";"2";"18";"0";"0";"0";"0";"0";"0";"0";"0";"0";"0";"0";"0";"Sólido";"0"
"14";"Productos fertilizantes: abonos inorgánicos";"108";"Complejo";"TERNARIO NPK";"NPK 8-20-12";"FERTISAC, S.L.";"8-20-12 de FERTISAC, S.L.";"8";"0";"0";"5.5";"2.5";"20";"16.5";"20";"8.72";"12";"12";"9.96";;"NO";"NO";"4";"0";"19";"0";"0";"0";"0";"0";"0";"0";"0";"0";"0";"0";"0";"Sólido";"0"
"14";"Productos fertilizantes: abonos inorgánicos";"109";"Complejo";"TERNARIO NPK";"NPK 15-15-15";"FERTISAC, S.L.";"15-15-15 de FERTISAC, S.L.";"15";"0";"0";"8";"7";"15";"12.5";"15";"6.54";"15";"15";"12.45";;"NO";"NO";"0";"0";"18";"0";"0";"0";"0";"0";"0";"0";"0";"0";"0";"0";"0";"Sólido";"0"
"14";"Productos fertilizantes: abonos inorgánicos";"110";"Complejo";"TERNARIO NPK";"NPK FN 15-15-15";"FERTISAC, S.L.";"15-15-15  FN de FERTISAC, S.L.";"15";"0";"0";"8";"7";"15";"10";"12";"6.54";"15";"15";"12.45";;"NO";"NO";"4";"0";"18";"0";"0";"0";"0";"0";"0";"0";"0";"0";"0";"0";"0";"Sólido";"0"
"14";"Productos fertilizantes: abonos inorgánicos";"111";"Complejo";"TERNARIO NPK";"NPK (S) 15-15-15";"FERTISAC, S.L.";"15-15-15 (S) de FERTISAC, S.L.";"15";"0";"0";"8.5";"6.5";"15";"13";"15";"6.54";"15";"15";"12.45";;"NO";"NO";"1.5";"0";"20";"0";"0";"0";"0";"0";"0";"0";"0";"0";"0";"0";"0";"Sólido";"0"
"14";"Productos fertilizantes: abonos inorgánicos";"112";"Complejo";"TERNARIO NPK";"NPK (NK) 12-6-24";"FERTISAC, S.L.";"12-6-24 (NK) de FERTISAC, S.L.";"12";"0";"7";"5";"0";"6.009";"5";"6";"2.62";"24";"24";"19.92";;"NO";"NO";"6";"2";"14";"0";"0";"0";"0";"0";"0";"0";"0";"0";"0";"0";"0";"Sólido";"0"
"14";"Productos fertilizantes: abonos inorgánicos";"113";"Complejo";"TERNARIO NPK";"NPK 12-10-18";"FERTISAC, S.L.";"12-10-18 de FERTISAC, S.L.";"12";"0";"0";"7.5";"4.5";"10";"8";"10";"4.36";"18";"18";"14.94";;"NO";"NO";"6";"0";"21";"0";"0";"0";"0";"0";"0";"0";"0";"0";"0";"0";"0";"Sólido";"0"
"14";"Productos fertilizantes: abonos inorgánicos";"114";"Complejo";"TERNARIO NPK";"NPK (NK) 12-10-18";"FERTISAC, S.L.";"12-10-18 (NK) de FERTISAC, S.L.";"12";"0";"5.5";"6.5";"0";"10";"7";"10";"4.36";"18";"18";"14.94";;"NO";"NO";"1.5";"0";"20";"0";"0";"0";"0";"0";"0";"0";"0";"0";"0";"0";"0";"Sólido";"0"
"14";"Productos fertilizantes: abonos inorgánicos";"115";"Complejo";"TERNARIO NPK";"NPK 12-12-17";"FERTISAC, S.L.";"12-12-17 de FERTISAC, S.L.";"12";"0";"0";"7";"5";"11.995";"7.5";"12";"5.23";"17";"17";"14.11";;"NO";"NO";"3";"0";"18";"0";"0";"0";"0";"0";"0";"0";"0";"0";"0";"0";"0";"Sólido";"0"
"14";"Productos fertilizantes: abonos inorgánicos";"116";"Complejo";"TERNARIO NPK";"NPK (S) 12-12-17";"FERTISAC, S.L.";"12-12-17 (S) de FERTISAC, S.L.";"12";"0";"0";"6";"6";"11.995";"7.5";"12";"5.23";"17";"17";"14.11";;"NO";"NO";"3";"0";"19";"0";"0";"0";"0";"0";"0";"0";"0";"0";"0";"0";"0";"Sólido";"0"
"14";"Productos fertilizantes: abonos inorgánicos";"117";"Complejo";"TERNARIO NPK";"NPK (NK) 12-12-17";"FERTISAC, S.L.";"12-12-17 (NK) de FERTISAC, S.L.";"12";"0";"6";"6";"0";"11.995";"7.5";"12";"5.23";"17";"17";"14.11";;"NO";"NO";"0";"1.5";"18";"0";"0";"0";"0";"0";"0";"0";"0";"0";"0";"0";"0";"Sólido";"0"
"14";"Productos fertilizantes: abonos inorgánicos";"118";"Complejo";"TERNARIO NPK";"NPK 10-10-20";"FERTISAC, S.L.";"10-10-20 de FERTISAC, S.L.";"10";"0";"0";"6";"4";"10";"6.5";"10";"4.36";"20";"20";"16.6";;"NO";"NO";"3";"1.5";"10";"0";"0";"0";"0";"0";"0";"0";"0";"0";"0";"0";"0";"Sólido";"0"
"14";"Productos fertilizantes: abonos inorgánicos";"119";"Complejo";"TERNARIO NPK";"NPK FN 10-10-25";"FERTISAC, S.L.";"10-10-25 FN de FERTISAC, S.L.";"10";"0";"0";"5.5";"4.5";"10";"7";"7.5";"4.36";"25";"25";"20.75";;"NO";"NO";"8";"0";"14";"0";"0";"0";"0";"0";"0";"0";"0";"0";"0";"0";"0";"Sólido";"0"
"14";"Productos fertilizantes: abonos inorgánicos";"120";"Complejo";"TERNARIO NPK";"NPK FN 11-11-11";"FERTISAC, S.L.";"11-11-11 FN de FERTISAC, S.L.";"11";"0";"0";"7";"4";"11.009";"7";"9";"4.8";"11";"11";"9.13";;"NO";"NO";"9";"1.5";"21";"0";"0";"0";"0";"0";"0";"0";"0";"0";"0";"0";"0";"Sólido";"0"
"14";"Productos fertilizantes: abonos inorgánicos";"121";"Complejo";"TERNARIO NPK";"NPK (S) 11-22-11";"FERTISAC, S.L.";"11-22-11  (S) de FERTISAC, S.L.";"11";"0";"0";"7.5";"3.5";"25.229";"18";"22";"11";"11";"11";"9.13";;"NO";"NO";"0";"0";"24";"0";"0";"0";"0";"0";"0";"0";"0";"0";"0";"0";"0";"Sólido";"0"
"14";"Productos fertilizantes: abonos inorgánicos";"122";"Complejo";"TERNARIO NPK";"NPK 12-5-21";"FERTISAC, S.L.";"12-5-21 de FERTISAC, S.L.";"12";"0";"0";"6";"6";"5";"3.5";"5";"2.18";"21";"21";"17.43";;"NO";"NO";"5";"0";"21";"0";"0";"0";"0";"0";"0";"0";"0";"0";"0";"0";"0";"Sólido";"0"
"14";"Productos fertilizantes: abonos inorgánicos";"123";"Complejo";"TERNARIO NPK";"NPK FN 10-10-10";"FERTISAC, S.L.";"10-10-10 FN de FERTISAC, S.L.";"10";"0";"0";"5.5";"4.5";"10";"7";"7.5";"4.36";"10";"10";"8.3";;"NO";"NO";"8";"0";"14";"0";"0";"0";"0";"0";"0";"0";"0";"0";"0";"0";"0";"Sólido";"0"
"14";"Productos fertilizantes: abonos inorgánicos";"124";"Complejo";"TERNARIO NPK";"NPK 10-5-20";"FERTISAC, S.L.";"10-5-20 de FERTISAC, S.L.";"10";"0";"0";"6.5";"3.5";"5";"3";"5";"2.18";"20";"20";"16.6";;"NO";"NO";"5";"2";"22";"0";"0";"0";"0";"0";"0";"0";"0";"0";"0";"0";"0";"Sólido";"0"
"14";"Productos fertilizantes: abonos inorgánicos";"125";"Complejo";"TERNARIO NPK";"NPK 10-8-21";"FERTISAC, S.L.";"10-8-21 de FERTISAC, S.L.";"10";"0";"0";"6";"4";"8.005";"6";"8";"3.49";"21";"21";"17.43";;"NO";"NO";"7";"0";"22";"0";"0";"0";"0";"0";"0";"0";"0";"0";"0";"0";"0";"Sólido";"0"
"14";"Productos fertilizantes: abonos inorgánicos";"126";"Complejo";"TERNARIO NPK";"Nitrofoska special ";"EUROCHEM";"Nitrofoska special  (12-12-17) de EuroChem";"12";"0";"4.8";"7.2";"0";"11.995";"9";"12";"5.23";"17";"17";"14.11";;"NO";"NO";"0";"2";"20";"0";"0";"0";"0";"0";"0";"0";"0";"0";"0";"0";"0";"Sólido";"0"
"14";"Productos fertilizantes: abonos inorgánicos";"127";"Complejo";"TERNARIO NPK";"Nitrofoska perfect ";"EUROCHEM";"Nitrofoska perfect  (15-5-20) de EuroChem";"15";"0";"7";"8";"0";"5";"4.3";"5";"2.18";"20";"20";"16.6";;"NO";"NO";"0";"2";"22.5";"0";"0";"0";"0";"0";"0";"0";"0";"0";"0";"0";"0";"Sólido";"0"
"14";"Productos fertilizantes: abonos inorgánicos";"128";"Complejo";"TERNARIO NPK";"ENTEC Nitrofoska 14";"EUROCHEM";"ENTEC Nitrofoska 14 (14-7-17) de EuroChem";"14";"0";"6.1";"7.9";"0";"6.995";"5.5";"7";"3.05";"17";"17";"14.11";;"SI";"NO";"0";"2";"22.5";"0";"0";"0";"0";"0";"0";"0";"0";"0";"0";"0";"0";"Sólido";"0"
"14";"Productos fertilizantes: abonos inorgánicos";"129";"Complejo";"TERNARIO NPK";"ENTEC Nitrofoska special";"EUROCHEM";"ENTEC Nitrofoska special (12-12-17) de EuroChem";"12";"0";"4.8";"7.2";"0";"11.995";"9";"12";"5.23";"17";"17";"14.11";;"SI";"NO";"0";"2";"20";"0";"0";"0";"0";"0";"0";"0";"0";"0";"0";"0";"0";"Sólido";"0"
"14";"Productos fertilizantes: abonos inorgánicos";"130";"Complejo";"TERNARIO NPK";"ENTEC 13-10-20";"EUROCHEM";"ENTEC 13-10-20 de EuroChem";"13";"0";"3.7";"9.3";"0";"10";"8.7";"10";"4.36";"20";"20";"16.6";;"SI";"NO";"0";"0";"12.5";"0";"0";"0";"0";"0";"0";"0";"0";"0";"0";"0";"0";"Sólido";"0"
"14";"Productos fertilizantes: abonos inorgánicos";"131";"Complejo";"TERNARIO NPK";"ENTEC 12-20-12";"EUROCHEM";"ENTEC 12-20-12 de EuroChem";"12";"0";"3.9";"8.1";"0";"20";"17.4";"20";"8.72";"12";"12";"9.96";;"SI";"NO";"0";"0";"5";"0";"0";"0";"0";"0";"0";"0";"0";"0";"0";"0";"0";"Sólido";"0"
"14";"Productos fertilizantes: abonos inorgánicos";"132";"Complejo";"TERNARIO NPK";"ENTEC 15-13-13";"EUROCHEM";"ENTEC 15-13-13 de EuroChem";"15";"0";"5";"10";"0";"13.005";"11.6";"13";"5.67";"13";"13";"10.79";;"SI";"NO";"0";"0";"12.5";"0";"0";"0";"0";"0";"0";"0";"0";"0";"0";"0";"0";"Sólido";"0"
"14";"Productos fertilizantes: abonos inorgánicos";"133";"Complejo";"TERNARIO NPK";"ENTEC 13-9-16";"EUROCHEM";"ENTEC 13-9-16 de EuroChem";"13";"0";"3.6";"9.4";"0";"8.991";"7.3";"9";"3.92";"16";"16";"13.28";;"SI";"NO";"0";"4";"20";"0";"0";"0";"0";"0";"0";"0";"0";"0";"0";"0";"0";"Sólido";"0"
"14";"Productos fertilizantes: abonos inorgánicos";"134";"Complejo";"TERNARIO NPK";"Nitrofoska 15-15-15";"EUROCHEM";"Nitrofoska 15-15-15 de EuroChem";"15";"0";"6";"9";"0";"15";"13.1";"15";"6.54";"15";"15";"12.45";;"NO";"NO";"0";"0";"10";"0";"0";"0";"0";"0";"0";"0";"0";"0";"0";"0";"0";"Sólido";"0"
"14";"Productos fertilizantes: abonos inorgánicos";"135";"Complejo";"TERNARIO NPK";"Nitrofoska 12-20-12";"EUROCHEM";"Nitrofoska 12-20-12 de EuroChem";"12";"0";"3.9";"8.1";"0";"20";"17.4";"20";"8.72";"12";"12";"9.96";;"NO";"NO";"0";"0";"5";"0";"0";"0";"0";"0";"0";"0";"0";"0";"0";"0";"0";"Sólido";"0"
"14";"Productos fertilizantes: abonos inorgánicos";"136";"Complejo";"TERNARIO NPK";"NPK 20-8-10";"FERTISAC, S.L.";"20-8-10 de FERTISAC, S.L.";"20";"0";"0";"8";"12";"8.005";"6";"8";"3.49";"10";"10";"8.3";;"NO";"NO";"0";"0";"21";"0";"0";"0";"0";"0";"0";"0";"0";"0";"0";"0";"0";"Sólido";"0"
"14";"Productos fertilizantes: abonos inorgánicos";"137";"Complejo";"TERNARIO NPK";"NPK 20-5-5+B";"FERTISAC, S.L.";"20-5-5+B de FERTISAC, S.L.";"20";"0";"0";"9";"11";"5";"3.5";"5";"2.18";"5";"5";"4.15";;"NO";"NO";"0";"2";"27";"0";"0";"0";"0";"0";"0";"0";"0";"0";"0";"0";"0";"Sólido";"0"
"14";"Productos fertilizantes: abonos inorgánicos";"138";"Complejo";"TERNARIO NPK";"INNITRO COMPLEX 20-5-5";"FERTISAC, S.L.";"INNITRO COMPLEX 20-5-5 (20-5-5+B) de FERTISAC, S.L.";"20";"0";"0";"9";"11";"5";"4.5";"5";"2.18";"5";"5";"4.15";;"NO";"SI";"5";"2";"27";"0";"0";"0";"0";"0";"0";"0";"0";"0";"0";"0";"0";"Sólido";"0"
"14";"Productos fertilizantes: abonos inorgánicos";"139";"Complejo";"TERNARIO NPK";"INNITRO COMPLEX 20-5-8";"FERTISAC, S.L.";"INNITRO COMPLEX 20-5-8 de FERTISAC, S.L.";"20";"0";"0";"8";"12";"5";"3";"5";"2.18";"8";"8";"6.64";;"NO";"SI";"3";"2";"26";"0";"0";"0";"0";"0";"0";"0";"0";"0";"0";"0";"0";"Sólido";"0"
"14";"Productos fertilizantes: abonos inorgánicos";"140";"Complejo";"TERNARIO NPK";"INNITRO COMPLEX 20-5-10";"FERTISAC, S.L.";"INNITRO COMPLEX 20-5-10 de FERTISAC, S.L.";"20";"0";"0";"8.5";"11.5";"5";"3";"5";"2.18";"10";"10";"8.3";;"NO";"SI";"1.5";"1.5";"20";"0";"0";"0";"0";"0";"0";"0";"0";"0";"0";"0";"0";"Sólido";"0"
"14";"Productos fertilizantes: abonos inorgánicos";"141";"Complejo";"TERNARIO NPK";"NPK 20-10-5+Mg";"FERTISAC, S.L.";"20-10-5+Mg de FERTISAC, S.L.";"20";"0";"0";"9";"11";"10";"9";"10";"4.36";"5";"5";"4.15";;"NO";"NO";"5";"2";"22";"0";"0";"0";"0";"0";"0";"0";"0";"0";"0";"0";"0";"Sólido";"0"
"14";"Productos fertilizantes: abonos inorgánicos";"142";"Complejo";"TERNARIO NPK";"INNITRO COMPLEX 20-10-5";"FERTISAC, S.L.";"INNITRO COMPLEX 20-10-5 de FERTISAC, S.L.";"20";"0";"0";"9";"11";"10";"9";"10";"4.36";"5";"5";"4.15";;"NO";"SI";"5";"2";"22";"0";"0";"0";"0";"0";"0";"0";"0";"0";"0";"0";"0";"Sólido";"0"
"14";"Productos fertilizantes: abonos inorgánicos";"143";"Complejo";"TERNARIO NPK";"NPK 17-10-10";"FERTISAC, S.L.";"17-10-10 de FERTISAC, S.L.";"17";"0";"0";"8";"9";"10";"8.5";"10";"4.36";"10";"10";"8.3";;"NO";"NO";"5";"1.5";"20";"0";"0";"0";"0";"0";"0";"0";"0";"0";"0";"0";"0";"Sólido";"0"
"14";"Productos fertilizantes: abonos inorgánicos";"144";"Complejo";"TERNARIO NPK";"INNITRO COMPLEX 17-10-10";"FERTISAC, S.L.";"INNITRO COMPLEX 17-10-10 de FERTISAC, S.L.";"17";"0";"0";"8";"9";"10";"8.5";"10";"4.36";"10";"10";"8.3";;"NO";"SI";"1.5";"2";"20";"0";"0";"0";"0";"0";"0";"0";"0";"0";"0";"0";"0";"Sólido";"0"
"14";"Productos fertilizantes: abonos inorgánicos";"145";"Complejo";"TERNARIO NPK";"Nitrofoska super ";"EUROCHEM";"Nitrofoska super  (20-5-10) de EuroChem";"20";"0";"9.5";"10.5";"0";"5";"3.9";"5";"2.18";"10";"10";"8.3";;"NO";"NO";"0";"3";"12.5";"0";"0";"0";"0";"0";"0";"0";"0";"0";"0";"0";"0";"Sólido";"0"
"14";"Productos fertilizantes: abonos inorgánicos";"146";"Complejo";"TERNARIO NPK";"ENTEC Nitrofoska 21";"EUROCHEM";"ENTEC Nitrofoska 21 (21-8-11) de EuroChem";"21";"0";"9.7";"11.3";"0";"8.005";"6.4";"8";"3.49";"11";"11";"9.13";;"SI";"NO";"0";"0";"10";"0";"0";"0";"0";"0";"0";"0";"0";"0";"0";"0";"0";"Sólido";"0"
"14";"Productos fertilizantes: abonos inorgánicos";"147";"Complejo";"TERNARIO NPK";"ENTEC 20-8-10";"EUROCHEM";"ENTEC 20-8-10 de EuroChem";"20";"0";"8.8";"11.2";"0";"8.005";"6.7";"8";"3.49";"10";"10";"8.3";;"SI";"NO";"0";"2";"7.5";"0";"0";"0";"0";"0";"0";"0";"0";"0";"0";"0";"0";"Sólido";"0"
"14";"Productos fertilizantes: abonos inorgánicos";"148";"Complejo";"TERNARIO NPK";"ENTEC 20-10-10";"EUROCHEM";"ENTEC 20-10-10 de EuroChem";"20";"0";"8.6";"11.4";"0";"10";"8.1";"10";"4.36";"10";"10";"8.3";;"SI";"NO";"0";"0";"7.5";"0";"0";"0";"0";"0";"0";"0";"0";"0";"0";"0";"0";"Sólido";"0"
"14";"Productos fertilizantes: abonos inorgánicos";"149";"Complejo";"TERNARIO NPK";"ENTEC 24-8-7";"EUROCHEM";"ENTEC 24-8-7 de EuroChem";"24.1";"0";"10.8";"13.3";"0";"8.005";"6.6";"8";"3.49";"7";"7";"5.81";;"SI";"NO";"0";"0";"5";"0";"0";"0";"0";"0";"0";"0";"0";"0";"0";"0";"0";"Sólido";"0"
"14";"Productos fertilizantes: abonos inorgánicos";"150";"Complejo";"TERNARIO NPK";"ENTEC 22-5-5";"EUROCHEM";"ENTEC 22-5-5 de EuroChem";"22";"0";"10";"12";"0";"5";"4.3";"5";"2.18";"5";"5";"4.15";;"SI";"NO";"0";"0";"5";"0";"0";"0";"0";"0";"0";"0";"0";"0";"0";"0";"0";"Sólido";"0"
"14";"Productos fertilizantes: abonos inorgánicos";"151";"Complejo";"TERNARIO NPK";"NPK 22-5-5";"EUROCHEM";"22-5-5 de EuroChem";"22";"0";"10";"12";"0";"5";"4.3";"5";"2.18";"5";"5";"4.15";;"NO";"NO";"0";"0";"5";"0";"0";"0";"0";"0";"0";"0";"0";"0";"0";"0";"0";"Sólido";"0"
"14";"Productos fertilizantes: abonos inorgánicos";"152";"Complejo";"TERNARIO NPK";"NPK 22-8-10";"EUROCHEM";"22-8-10 de EuroChem";"22";"0";"10.2";"11.8";"0";"8.005";"6.6";"8";"3.49";"10";"10";"8.3";;"NO";"NO";"0";"0";"2.5";"0";"0";"0";"0";"0";"0";"0";"0";"0";"0";"0";"0";"Sólido";"0"
"14";"Productos fertilizantes: abonos inorgánicos";"153";"Complejo";"TERNARIO NPK";"Aurora 20-10-10";"EUROCHEM";"Aurora 20-10-10 de EuroChem";"20";"0";"10";"10";"0";"10";"8";"10";"4.36";"10";"10";"8.3";;"NO";"NO";"0";"0";"2.5";"0";"0";"0";"0";"0";"0";"0";"0";"0";"0";"0";"0";"Sólido";"0"
"14";"Productos fertilizantes: abonos inorgánicos";"155";"Complejo";"BINARIO NP";"DAP";"FERTIBERIA";"DAP de FERTIBERIA";"18";"0";"0";"18";"0";"46";"42";"46";"20.056";"0";"0";"0";;"NO";"NO";"0";"0";"0";"0";"0";"0";"0";"0";"0";"0";"0";"0";"0";"0";"0";"Sólido";"0"
"14";"Productos fertilizantes: abonos inorgánicos";"156";"Simple";"NITROGENADO";"NAC 27 MgO";"FERTIBERIA";"NAC 27 MgO de FERTIBERIA";"27";"0";"13.5";"13.5";"0";"0";"0";"0";"0";"0";"0";"0";;"NO";"NO";"0";"3";"0";"0";"0";"0";"0";"0";"0";"0";"0";"0";"0";"0";"0";"Sólido";"0"
"14";"Productos fertilizantes: abonos inorgánicos";"157";"Simple";"NITROGENADO";"NAC 27 MgO+SDCD";"FERTIBERIA";"NAC 27 MgO+SDCD de FERTIBERIA";"27";"0";"13.5";"13.5";"0";"0";"0";"0";"0";"0";"0";"0";;"SI";"SI";"0";"3";"0";"0";"0";"0";"0";"0";"0";"0";"0";"0";"0";"0";"0";"Sólido";"0"
"14";"Productos fertilizantes: abonos inorgánicos";"158";"Simple";"NITROGENADO";"Fertibersol ANtech Miniprill";"FERTIBERIA";"Fertibersol ANtech Miniprill  de FERTIBERIA";"35";"0";"17.5";"17.5";"0";"0";"0";"0";"0";"0";"0";"0";;"NO";"NO";"0";"0";"0";"0";"0";"0";"0";"0";"0";"0";"0";"0";"0";"0";"0";"Sólido";"0"
"14";"Productos fertilizantes: abonos inorgánicos";"159";"Complejo";"BINARIO NK";"Fertibersol NiPo";"FERTIBERIA";"Fertibersol NiPo de FERTIBERIA";"13.5";"0";"13.5";"0";"0";"0";"0";"0";"0";"46";"46";"38.18";;"NO";"NO";"0";"0";"0";"0";"0";"0";"0";"0";"0";"0";"0";"0";"0";"0";"0";"Sólido";"0"
"14";"Productos fertilizantes: abonos inorgánicos";"160";"Simple";"NITROGENADO";"NSA Green";"FERTIBERIA";"NSA Green de FERTIBERIA";"22";"0";"5.5";"16.5";"0";"0";"0";"0";"0";"0";"0";"0";;"NO";"NO";"0";"5";"30";"0";"0";"0";"0";"0";"0";"0";"0";"0";"0";"0";"0";"Sólido";"0"
"14";"Productos fertilizantes: abonos inorgánicos";"161";"Simple";"NITROGENADO";"NSA 26% Blanco SDCD";"FERTIBERIA";"NSA 26% Blanco SDCD de FERTIBERIA";"26";"0";"6.5";"19.5";"0";"0";"0";"0";"0";"0";"0";"0";;"SI";"SI";"0";"0";"37";"0";"0";"0";"0";"0";"0";"0";"0";"0";"0";"0";"0";"Sólido";"0"
"14";"Productos fertilizantes: abonos inorgánicos";"162";"Simple";"NITROGENADO";"NSA 26% Blanco";"FERTIBERIA";"NSA 26% Blanco de FERTIBERIA";"26";"0";"6.5";"19.5";"0";"0";"0";"0";"0";"0";"0";"0";;"NO";"NO";"0";"0";"37";"0";"0";"0";"0";"0";"0";"0";"0";"0";"0";"0";"0";"Sólido";"0"
"14";"Productos fertilizantes: abonos inorgánicos";"163";"Simple";"NITROGENADO";"Nergetic Complete DZ+";"FERTIBERIA";"Nergetic Complete DZ+ de FERTIBERIA";"25.1";"0";"6.3";"18.8";"0";"0";"0";"0";"0";"0";"0";"0";;"SI";"SI";"0";"0";"32";"0";"0";"0";"0";"0.1";"0";"0";"0.01";"0";"0.1";"0.001";"0";"Sólido";"0"
"14";"Productos fertilizantes: abonos inorgánicos";"164";"Simple";"NITROGENADO";"Solución N20";"FERTIBERIA";"Solución N20 de FERTIBERIA";"20";"0";"10";"10";"0";"0";"0";"0";"0";"0";"0";"0";;"NO";"NO";"0";"0";"0";"0";"0";"0";"0";"0";"0";"0";"0";"0";"0";"0";"0";"Líquido";"0"
"14";"Productos fertilizantes: abonos inorgánicos";"165";"Simple";"NITROGENADO";"Solución N32";"FERTIBERIA";"Solución N32 de FERTIBERIA";"32";"0";"8";"8";"16";"0";"0";"0";"0";"0";"0";"0";;"NO";"NO";"0";"0";"0";"0";"0";"0";"0";"0";"0";"0";"0";"0";"0";"0";"0";"Líquido";"0"
"14";"Productos fertilizantes: abonos inorgánicos";"166";"Simple";"NITROGENADO";"Fertibersol SA 21 Cristal";"FERTIBERIA";"Fertibersol SA 21 Cristal de FERTIBERIA";"21";"0";"0";"21";"0";"0";"0";"0";"0";"0";"0";"0";;"NO";"NO";"0";"0";"60";"0";"0";"0";"0";"0";"0";"0";"0";"0";"0";"0";"0";"Sólido";"0"
"14";"Productos fertilizantes: abonos inorgánicos";"167";"Simple";"NITROGENADO";"Fertibersol SA 21 SDCD";"FERTIBERIA";"Fertibersol SA 21 SDCD de FERTIBERIA";"21";"0";"0";"21";"0";"0";"0";"0";"0";"0";"0";"0";;"SI";"SI";"0";"0";"60";"0";"0";"0";"0";"0";"0";"0";"0";"0";"0";"0";"0";"Sólido";"0"
"14";"Productos fertilizantes: abonos inorgánicos";"168";"Simple";"NITROGENADO";"Asure 30";"FERTIBERIA";"Asure 30 de FERTIBERIA";"30";"0";"0";"5";"25";"0";"0";"0";"0";"0";"0";"0";;"SI";"SI";"0";"0";"15";"0";"0";"0";"0";"0.1";"0";"0";"0";"0";"0";"0";"0";"Sólido";"0"
"14";"Productos fertilizantes: abonos inorgánicos";"169";"Simple";"NITROGENADO";"Fertibersol Ural Miniprill";"FERTIBERIA";"Fertibersol Ural Miniprill  de FERTIBERIA";"46";"0";"0";"0";"46";"0";"0";"0";"0";"0";"0";"0";;"NO";"NO";"0";"0";"0";"0";"0";"0";"0";"0";"0";"0";"0";"0";"0";"0";"0";"Sólido";"0"
"14";"Productos fertilizantes: abonos inorgánicos";"170";"Simple";"NITROGENADO";"Urea 46";"FERTIBERIA";"Urea 46 de FERTIBERIA";"46";"0";"0";"0";"46";"0";"0";"0";"0";"0";"0";"0";;"NO";"NO";"0";"0";"0";"0";"0";"0";"0";"0";"0";"0";"0";"0";"0";"0";"0";"Sólido";"0"
"14";"Productos fertilizantes: abonos inorgánicos";"172";"Complejo";"BINARIO PK";"Nergetic Complete NC1 (0-20-17)";"FERTIBERIA";"Nergetic Complete NC1 (0-20-17) de FERTIBERIA";"0";"0";"0";"0";"0";"20";"10";"12";"8.72";"17";"17";"14.11";;"SI";"NO";"16";"0";"7";"0";"0";"0";"0";"0";"0";"0";"0.02";"0";"0";"0";"0";"Sólido";"0"
"14";"Productos fertilizantes: abonos inorgánicos";"176";"Complejo";"BINARIO NK";"Impulse Progress 1";"FERTIBERIA";"Impulse Progress 1 de FERTIBERIA";"3";"0";"0.75";"0.75";"1.5";"0";"0";"0";"0";"12";"12";"9.96";;"NO";"NO";"0";"0";"0";"0";"0";"0";"0";"0.015";"0";"0";"0";"0";"0";"0";"0";"Líquido";"0"
"14";"Productos fertilizantes: abonos inorgánicos";"178";"Complejo";"TERNARIO NPK";"Impulse Progress 2";"FERTIBERIA";"Impulse Progress 2 de FERTIBERIA";"4";"0";"1";"1";"2";"4";"4";"4";"1.744";"12";"12";"9.96";;"NO";"NO";"0";"0";"0";"0";"0";"0";"0";"0.015";"0";"0";"0";"0";"0";"0";"0";"Líquido";"0"
"14";"Productos fertilizantes: abonos inorgánicos";"182";"Complejo";"TERNARIO NPK";"Impulse Progress 3";"FERTIBERIA";"Impulse Progress 3 de FERTIBERIA";"5.1";"0";"1.3";"1.3";"2.5";"3";"3";"3";"1.308";"11";"11";"9.13";;"NO";"NO";"0";"0";"0";"0";"0";"0";"0";"0.015";"0";"0";"0";"0";"0";"0";"0";"Líquido";"0"
"14";"Productos fertilizantes: abonos inorgánicos";"183";"Complejo";"TERNARIO NPK";"Nergetic Complete NC2 (6-10-20)";"FERTIBERIA";"Nergetic Complete NC2 (6-10-20) de FERTIBERIA";"6";"0";"1.5";"4.5";"0";"12";"8";"10";"5.232";"20";"20";"16.6";;"SI";"SI";"6.1";"1.2";"14";"0";"0.02";"0";"0";"0.02";"0";"0";"0.1";"0";"0";"0";"0";"Sólido";"0"
"14";"Productos fertilizantes: abonos inorgánicos";"185";"Complejo";"TERNARIO NPK";"SulfActive 6-8-21 (6,5-2-21,5)";"FERTIBERIA";"SulfActive 6-8-21 (6,5-2-21,5) de FERTIBERIA";"6";"0";"0";"6";"0";"8";"7";"8";"3.488";"21";"21";"17.43";;"NO";"NO";"6.5";"2";"21.5";"0";"0";"0";"0";"0";"0";"0";"0";"0";"0";"0";"0.6";"Sólido";"0"
"14";"Productos fertilizantes: abonos inorgánicos";"186";"Complejo";"BINARIO NP";"Impulse Neutro";"FERTIBERIA";"Impulse Neutro de FERTIBERIA";"7.3";"0";"0";"7.3";"0";"22";"22";"22";"9.592";"0";"0";"0";;"NO";"NO";"0";"0";"0";"0";"0";"0";"0";"0.015";"0";"0";"0";"0";"0";"0";"0";"Líquido";"0"
"14";"Productos fertilizantes: abonos inorgánicos";"187";"Complejo";"TERNARIO NPK";"Foskamonio Ampor";"FERTIBERIA";"Foskamonio Ampor de FERTIBERIA";"7";"0";"1.5";"5.5";"0";"14";"10";"12";"6.104";"14";"14";"11.62";;"NO";"NO";"5.3";"2";"16";"0";"0";"0";"0";"0";"0";"0";"0.02";"0";"0";"0";"0";"Sólido";"0"
"14";"Productos fertilizantes: abonos inorgánicos";"188";"Complejo";"TERNARIO NPK";"Impact Zero Sulfactive 8-20-5 (6-2-25)";"FERTIBERIA";"Impact Zero Sulfactive 8-20-5 (6-2-25) de FERTIBERIA";"8";"0";"0";"8";"0";"21";"18";"20";"9.156";"5";"5";"4.15";;"NO";"NO";"6";"2";"25";"0";"0";"0";"0";"0";"0";"0";"0";"0";"0";"0";"0";"Sólido";"0"
"14";"Productos fertilizantes: abonos inorgánicos";"189";"Complejo";"TERNARIO NPK";"Nergetic Complete NC4 (8-12-12)";"FERTIBERIA";"Nergetic Complete NC4 (8-12-12) de FERTIBERIA";"8";"0";"2";"6";"0";"12";"10";"12";"5.232";"12";"12";"9.96";;"SI";"SI";"6.8";"1.2";"17";"0";"0";"0";"0";"0";"0";"0";"0";"0";"0";"0";"0";"Sólido";"0"
"14";"Productos fertilizantes: abonos inorgánicos";"193";"Complejo";"TERNARIO NPK";"SulfActive 8-12-20 (6-2-22)";"FERTIBERIA";"SulfActive 8-12-20 (6-2-22) de FERTIBERIA";"8";"0";"0";"6";"2";"14";"11";"12";"6.104";"20";"20";"16.6";;"NO";"NO";"6";"2";"22";"0";"0";"0";"0";"0";"0";"0";"0";"0";"0";"0";"0";"Sólido";"0"
"14";"Productos fertilizantes: abonos inorgánicos";"194";"Complejo";"TERNARIO NPK";"SulfActive 8-16-8 (6-2-25)";"FERTIBERIA";"SulfActive 8-16-8 (6-2-25) de FERTIBERIA";"8";"0";"2";"6";"0";"17";"13.4";"16";"7.412";"8";"8";"6.64";;"NO";"NO";"6";"2";"25";"0";"0";"0";"0";"0";"0";"0";"0";"0";"0";"0";"0";"Sólido";"0"
"14";"Productos fertilizantes: abonos inorgánicos";"196";"Complejo";"TERNARIO NPK";"SulfActive 8-20-5 (6-2-25)";"FERTIBERIA";"SulfActive 8-20-5 (6-2-25) de FERTIBERIA";"8";"0";"1";"7";"0";"21";"18";"20";"9.156";"5";"5";"4.15";;"NO";"NO";"6";"2";"25";"0";"0";"0";"0";"0";"0";"0";"0";"0";"0";"0";"0";"Sólido";"0"
"14";"Productos fertilizantes: abonos inorgánicos";"201";"Complejo";"TERNARIO NPK";"Nergetic Complete NC6 (10-20-8)";"FERTIBERIA";"Nergetic Complete NC6 (10-20-8) de FERTIBERIA";"10";"0";"2";"8";"0";"23";"15";"20";"10.028";"8";"8";"6.64";;"SI";"SI";"0";"0";"14";"0";"0";"0";"0";"0";"0";"0";"0";"0";"0";"0";"0";"Sólido";"0"
"14";"Productos fertilizantes: abonos inorgánicos";"202";"Complejo";"BINARIO NP";"Nergetic Complete NC7 (10-24-0)";"FERTIBERIA";"Nergetic Complete NC7 (10-24-0) de FERTIBERIA";"10";"0";"2.5";"7.5";"0";"24";"10";"13";"10.464";"0";"0";"0";;"SI";"SI";"20";"0";"9.5";"0";"0";"0";"0";"0";"0";"0";"0";"0";"0";"0";"0";"Sólido";"0"
"14";"Productos fertilizantes: abonos inorgánicos";"204";"Complejo";"TERNARIO NPK";"Impulse Grow 3";"FERTIBERIA";"Impulse Grow 3 de FERTIBERIA";"11.1";"0";"2.8";"2.8";"5.5";"5";"5";"5";"2.18";"5";"5";"4.15";;"NO";"NO";"0";"0";"0";"0";"0";"0";"0";"0.015";"0";"0";"0";"0";"0";"0";"0";"Líquido";"0"
"14";"Productos fertilizantes: abonos inorgánicos";"208";"Complejo";"TERNARIO NPK";"SulfActive 12-12-12 (5-2-25)";"FERTIBERIA";"SulfActive 12-12-12 (5-2-25) de FERTIBERIA";"12";"0";"2.5";"9.5";"0";"12";"10";"12";"5.232";"12";"12";"9.96";;"NO";"NO";"5";"2";"25";"0";"0";"0";"0";"0";"0";"0";"0";"0";"0";"0";"0";"Sólido";"0"
"14";"Productos fertilizantes: abonos inorgánicos";"209";"Complejo";"TERNARIO NPK";"SulfActive 11-6-18 (3,5-2-21) Azul";"FERTIBERIA";"SulfActive 11-6-18 (3,5-2-21) Azul de FERTIBERIA";"11";"0";"2.5";"8.5";"0";"6";"5";"6";"2.616";"18";"18";"14.94";;"NO";"NO";"3.5";"2";"21";"0";"0";"0";"0";"0";"0";"0";"0";"0";"0";"0";"0";"Sólido";"0"
"14";"Productos fertilizantes: abonos inorgánicos";"213";"Complejo";"TERNARIO NPK";"Impulse Grow 2";"FERTIBERIA";"Impulse Grow 2 de FERTIBERIA";"15.1";"0";"3.8";"3.8";"7.5";"3";"3";"3";"1.308";"5";"5";"4.15";;"NO";"NO";"0";"0";"0";"0";"0";"0";"0";"0.015";"0";"0";"0";"0";"0";"0";"0";"Líquido";"0"
"14";"Productos fertilizantes: abonos inorgánicos";"214";"Complejo";"TERNARIO NPK";"Foskamonio Olivo";"FERTIBERIA";"Foskamonio Olivo de FERTIBERIA";"17";"0";"0";"10.5";"6.5";"8";"7";"8";"3.488";"10";"10";"8.3";;"NO";"NO";"0";"0";"24.5";"0";"0";"0";"0";"0.5";"0";"0";"0.5";"0";"0";"0";"0.5";"Sólido";"0"
"14";"Productos fertilizantes: abonos inorgánicos";"215";"Complejo";"TERNARIO NPK";"NPK(S) 17-8-10 (25) Olivo+";"FERTIBERIA";"NPK(S) 17-8-10 (25) Olivo+ de FERTIBERIA";"17";"0";"0";"10.5";"6.5";"8";"7";"8";"3.488";"10";"10";"8.3";;"NO";"NO";"0";"0";"24.5";"0";"0";"0";"0";"0.5";"0";"0";"0.5";"0";"0";"0";"0.5";"Sólido";"0"
"14";"Productos fertilizantes: abonos inorgánicos";"216";"Complejo";"TERNARIO NPK";"SulfActive 18-6-6 (10-2-20)";"FERTIBERIA";"SulfActive 18-6-6 (10-2-20) de FERTIBERIA";"18";"0";"0";"3.5";"14.5";"7";"5";"6";"3.052";"6";"6";"4.98";;"NO";"NO";"10";"2";"20";"0";"0";"0";"0";"0";"0";"0";"0";"0";"0";"0";"0";"Sólido";"0"
"14";"Productos fertilizantes: abonos inorgánicos";"217";"Complejo";"TERNARIO NPK";"SulfActive 18-6-6 (10-2-20) SDCD";"FERTIBERIA";"SulfActive 18-6-6 (10-2-20) SDCD de FERTIBERIA";"18";"0";"0";"3.5";"14.5";"7";"5";"6";"3.052";"6";"6";"4.98";;"SI";"SI";"10";"2";"20";"0";"0";"0";"0";"0";"0";"0";"0";"0";"0";"0";"0";"Sólido";"0"
"14";"Productos fertilizantes: abonos inorgánicos";"219";"Complejo";"TERNARIO NPK";"Nergetic Complete NC9 (20-8-10)";"FERTIBERIA";"Nergetic Complete NC9 (20-8-10) de FERTIBERIA";"20";"0";"8";"12";"0";"9";"6";"8";"3.924";"10";"10";"8.3";;"SI";"SI";"0";"0";"8";"0";"0";"0";"0";"0";"0";"0";"0";"0";"0";"0";"0";"Sólido";"0"
"14";"Productos fertilizantes: abonos inorgánicos";"221";"Complejo";"BINARIO NP";"Nergetic Complete NC10 (20-17-0)";"FERTIBERIA";"Nergetic Complete NC10 (20-17-0) de FERTIBERIA";"20";"0";"8";"12";"0";"17";"9";"11";"7.412";"0";"0";"0";;"SI";"SI";"0";"0";"0";"0";"0";"0";"0";"0";"0";"0";"0";"0";"0";"0";"0";"Sólido";"0"
"14";"Productos fertilizantes: abonos inorgánicos";"223";"Complejo";"TERNARIO NPK";"Impulse Grow 1";"FERTIBERIA";"Impulse Grow 1 de FERTIBERIA";"20";"0";"5";"5";"10";"3";"3";"3";"1.308";"3";"3";"2.49";;"NO";"NO";"0";"0";"0";"0";"0";"0";"0";"0.015";"0";"0";"0";"0";"0";"0";"0";"Líquido";"0"
"14";"Productos fertilizantes: abonos inorgánicos";"225";"Complejo";"TERNARIO NPK";"Nergetic Complete NC11 (24-7-7)";"FERTIBERIA";"Nergetic Complete NC11 (24-7-7) de FERTIBERIA";"24";"0";"11";"13";"0";"7";"5";"7";"3.052";"7";"7";"5.81";;"SI";"SI";"2";"0";"3";"0";"0";"0";"0";"0";"0";"0";"0";"0";"0";"0";"0";"Sólido";"0"
"14";"Productos fertilizantes: abonos inorgánicos";"229";"Simple";"NITROGENADO";"Impulse 18-0-0+5SO3 NA";"FERTIBERIA";"Impulse 18-0-0+5SO3 NA de FERTIBERIA";"18";"0";"8.5";"9.5";"0";"0";"0";"0";"0";"0";"0";"0";;"NO";"NO";"0";"0";"5";"0";"0";"0";"0";"0.01";"0";"0";"0";"0";"0";"0";"0";"Líquido";"0"
"14";"Productos fertilizantes: abonos inorgánicos";"231";"Simple";"NITROGENADO";"Impulse Power";"FERTIBERIA";"Impulse Power de FERTIBERIA";"26.9";"0";"6.5";"7.4";"13";"0";"0";"0";"0";"0";"0";"0";;"NO";"NO";"0";"0";"5";"0";"0";"0";"0";"0.01";"0";"0";"0";"0";"0";"0";"0";"Líquido";"0"
"14";"Productos fertilizantes: abonos inorgánicos";"232";"Simple";"NITROGENADO";"Fertibersol MagNit";"FERTIBERIA";"Fertibersol MagNit de FERTIBERIA";"10.5";"0";"10.5";"0";"0";"0";"0";"0";"0";"0";"0";"0";;"NO";"NO";"0";"14.5";"0";"0";"0";"0";"0";"0";"0";"0";"0";"0";"0";"0";"0";"Sólido";"0"
"14";"Productos fertilizantes: abonos inorgánicos";"234";"Simple";"NITROGENADO";"Nergetic Complete 30";"FERTIBERIA";"Nergetic Complete 30 de FERTIBERIA";"30";"0";"0";"8";"22";"0";"0";"0";"0";"0";"0";"0";;"SI";"NO";"0";"0";"21";"0";"0";"0";"0";"0";"0";"0";"0";"0";"0.2";"0.002";"0";"Sólido";"0"
"14";"Productos fertilizantes: abonos inorgánicos";"235";"Simple";"NITROGENADO";"Nergetic Complete DM+";"FERTIBERIA";"Nergetic Complete DM+ de FERTIBERIA";"24";"0";"12";"12";"0";"0";"0";"0";"0";"0";"0";"0";;"SI";"SI";"9.5";"6";"0";"0";"0";"0";"0";"0";"0";"0";"0.05";"0";"0";"0";"0";"Sólido";"0"
"14";"Productos fertilizantes: abonos inorgánicos";"236";"Simple";"NITROGENADO";"Nergetic Complete DS+";"FERTIBERIA";"Nergetic Complete DS+ de FERTIBERIA";"24";"0";"12";"12";"0";"0";"0";"0";"0";"0";"0";"0";;"SI";"SI";"12";"0";"14";"0";"0";"0";"0";"0";"0";"0";"0.05";"0";"0";"0";"0";"Sólido";"0"
"14";"Productos fertilizantes: abonos inorgánicos";"237";"Simple";"FOSFATADO";"Nergetic Complete P27";"FERTIBERIA";"Nergetic Complete P27 de FERTIBERIA";"0";"0";"0";"0";"0";"27";"19";"22";"11.772";"0";"0";"0";;"SI";"NO";"23.5";"0";"22";"0";"0";"0";"0";"0.1";"0";"0";"0";"0";"0.2";"0.002";"0.2";"Sólido";"0"
"14";"Productos fertilizantes: abonos inorgánicos";"239";"Simple";"NITROGENADO";"Soluteck Nitrato de Calcio con Boro";"FERTIBERIA";"Soluteck Nitrato de Calcio con Boro de FERTIBERIA";"15.5";"0";"14.5";"1";"0";"0";"0";"0";"0";"0";"0";"0";;"NO";"NO";"27";"0";"0";"0";"0";"0";"0";"0";"0";"0";"0.2";"0";"0";"0";"0";"Sólido";"0"
"14";"Productos fertilizantes: abonos inorgánicos";"240";"Simple";"NITROGENADO";"Soluteck EON";"FERTIBERIA";"Soluteck EON de FERTIBERIA";"15.5";"0";"15.5";"0";"0";"0";"0";"0";"0";"0";"0";"0";;"NO";"NO";"27";"0";"0";"0";"0";"0";"0";"0";"0";"0";"0";"0";"0";"0";"0";"Sólido";"0"
"12";"Productos fertilizantes enmiendas calizas";"241";"Simple";"NITROGENADO";"Amicote Corbigran-CVIDA";"FERTIBERIA";"Amicote Corbigran-CVIDA de FERTIBERIA";"4";"0";"2";"2";"0";"0";"0";"0";"0";"0";"0";"0";;"NO";"NO";"36.4";"6";"0";"0";"0";"0";"0";"0";"0";"0";"0";"0";"0";"0";"0";"Sólido";"0"
"14";"Productos fertilizantes: abonos inorgánicos";"242";"Simple";"FOSFATADO";"Amicote Eco 18";"FERTIBERIA";"Amicote Eco 18 de FERTIBERIA";"0";"0";"0";"0";"0";"18";"0";"0";"7.848";"0";"0";"0";;"NO";"NO";"36";"0";"0";"0";"0";"0";"0";"0";"0";"0";"0";"0";"0";"0";"0";"Sólido";"0"
"14";"Productos fertilizantes: abonos inorgánicos";"243";"Complejo";"TERNARIO NPK";"Impulse Booster";"FERTIBERIA";"Impulse Booster de FERTIBERIA";"5";"0";"1.25";"1.25";"2.5";"15";"15";"15";"6.54";"5";"5";"4.15";;"NO";"NO";"0";"0";"0";"0";"0";"0";"0";"0.015";"0";"0";"0";"0";"0";"0";"0";"Líquido";"0"
"14";"Productos fertilizantes: abonos inorgánicos";"244";"Simple";"NITROGENADO";"MagneLiq";"FERTIBERIA";"MagneLiq  de FERTIBERIA";"7";"0";"7";"0";"0";"0";"0";"0";"0";"0";"0";"0";;"NO";"NO";"0";"0";"0";"0";"0";"0";"0";"0";"0";"0";"0";"0";"0";"0";"0";"Líquido";"0"
"14";"Productos fertilizantes: abonos inorgánicos";"246";"Simple";"NITROGENADO";"CalciLiq 16 ácido";"FERTIBERIA";"CalciLiq 16 ácido  de FERTIBERIA";"8";"0";"8";"0";"0";"0";"0";"0";"0";"0";"0";"0";;"NO";"NO";"16";"0";"0";"0";"0";"0";"0";"0";"0";"0";"0";"0";"0";"0";"0";"Líquido";"0"
"14";"Productos fertilizantes: abonos inorgánicos";"247";"Simple";"NITROGENADO";"CalciLiq 16 neutro";"FERTIBERIA";"CalciLiq 16 neutro  de FERTIBERIA";"8";"0";"8";"0";"0";"0";"0";"0";"0";"0";"0";"0";;"NO";"NO";"16";"0";"0";"0";"0";"0";"0";"0";"0";"0";"0";"0";"0";"0";"0";"Líquido";"0"
"14";"Productos fertilizantes: abonos inorgánicos";"249";"Simple";"NITROGENADO";"Impulse Cell+";"FERTIBERIA";"Impulse Cell+ de FERTIBERIA";"8.3";"0";"8.3";"0";"0";"0";"0";"0";"0";"0";"0";"0";;"NO";"NO";"10";"5.8";"0";"0";"0";"0";"0";"0.01";"0";"0";"0";"0";"0";"0";"0";"Líquido";"0"
"14";"Productos fertilizantes: abonos inorgánicos";"251";"Simple";"NITROGENADO";"Impulse Cell";"FERTIBERIA";"Impulse Cell de FERTIBERIA";"9";"0";"9";"0";"0";"0";"0";"0";"0";"0";"0";"0";;"NO";"NO";"16";"0";"0";"0";"0";"0";"0";"0.01";"0";"0";"0";"0";"0";"0";"0";"Líquido";"0"
"14";"Productos fertilizantes: abonos inorgánicos";"252";"Complejo";"TERNARIO NPK";"NPK 12-12-17 SOP + micros";"FERTIBERIA";"NPK 12-12-17 SOP + micros de FERTIBERIA";"12";"0";"2";"10";"0";"13";"10";"12";"5.668";"17";"17";"14.11";;"NO";"NO";"0";"2";"24";"0";"0";"0";"0";"0.08";"0";"0";"0.02";"0";"0.06";"0";"0.1";"Sólido";"0"
"14";"Productos fertilizantes: abonos inorgánicos";"253";"Simple";"NITROGENADO";"Impact Zero Fertibersol Nica Cristal";"FERTIBERIA";"Impact Zero Fertibersol Nica Cristal  de FERTIBERIA";"15.5";"0";"14.3";"1.2";"0";"0";"0";"0";"0";"0";"0";"0";;"NO";"NO";"27";"0";"0";"0";"0";"0";"0";"0";"0";"0";"0";"0";"0";"0";"0";"Sólido";"0"
"14";"Productos fertilizantes: abonos inorgánicos";"254";"Simple";"NITROGENADO";"Fertibersol Nica Cristal";"FERTIBERIA";"Fertibersol Nica Cristal  de FERTIBERIA";"15.5";"0";"14.5";"1";"0";"0";"0";"0";"0";"0";"0";"0";;"NO";"NO";"27";"0";"0";"0";"0";"0";"0";"0";"0";"0";"0";"0";"0";"0";"0";"Sólido";"0"
"14";"Productos fertilizantes: abonos inorgánicos";"256";"Complejo";"TERNARIO NPK";"Nitromax 20-8-5";"FERTIBERIA";"Nitromax 20-8-5 de FERTIBERIA";"20";"0";"6.5";"13.5";"0";"9";"7";"8";"3.924";"5";"5";"4.15";;"NO";"NO";"0";"0";"7";"0";"0";"0";"0";"0";"0";"0";"0";"0";"0";"0";"0";"Sólido";"0"
"14";"Productos fertilizantes: abonos inorgánicos";"257";"Complejo";"TERNARIO NPK";"Nitromax 20-8-8";"FERTIBERIA";"Nitromax 20-8-8 de FERTIBERIA";"20";"0";"6.5";"13.5";"0";"9";"7";"8";"3.924";"8";"8";"6.64";;"NO";"NO";"0";"0";"13";"0";"0";"0";"0";"0";"0";"0";"0";"0";"0";"0";"0";"Sólido";"0"
"14";"Productos fertilizantes: abonos inorgánicos";"258";"Simple";"NITROGENADO";"Nitramon 24 (S)";"FERTIBERIA";"Nitramon 24 (S) de FERTIBERIA";"24";"0";"12";"12";"0";"0";"0";"0";"0";"0";"0";"0";;"NO";"NO";"12";"0";"18";"0";"0";"0";"0";"0";"0";"0";"0";"0";"0";"0";"0";"Sólido";"0"
"14";"Productos fertilizantes: abonos inorgánicos";"259";"Simple";"NITROGENADO";"Nitramon 27 (S) ADP";"FERTIBERIA";"Nitramon 27 (S) ADP de FERTIBERIA";"27";"0";"13.5";"13.5";"0";"0";"0";"0";"0";"0";"0";"0";;"NO";"NO";"8";"0";"12";"0";"0";"0";"0";"0";"0";"0";"0";"0";"0";"0";"0";"Sólido";"0"
"14";"Productos fertilizantes: abonos inorgánicos";"260";"Simple";"NITROGENADO";"Nitramon 27 (12)+SDCD";"FERTIBERIA";"Nitramon 27 (12)+SDCD  de FERTIBERIA";"27";"0";"13.5";"13.5";"0";"0";"0";"0";"0";"0";"0";"0";;"SI";"SI";"0";"0";"12";"0";"0";"0";"0";"0";"0";"0";"0";"0";"0";"0";"0";"Sólido";"0"
"14";"Productos fertilizantes: abonos inorgánicos";"262";"Simple";"NITROGENADO";"Ngreen";"FERTIBERIA";"Ngreen  de FERTIBERIA";"30";"0";"7.7";"7.8";"14.5";"0";"0";"0";"0";"0";"0";"0";;"NO";"NO";"0";"0.75";"2.6";"0";"0";"0";"0";"0";"0";"0";"0";"0";"0";"0";"0";"Líquido";"0"
"14";"Productos fertilizantes: abonos inorgánicos";"263";"Simple";"NITROGENADO";"Fertibersol Nitro";"FERTIBERIA";"Fertibersol Nitro  de FERTIBERIA";"34.5";"0";"16.9";"17.6";"0";"0";"0";"0";"0";"0";"0";"0";;"NO";"NO";"0";"0";"0";"0";"0";"0";"0";"0";"0";"0";"0";"0";"0";"0";"0";"Sólido";"0"
"14";"Productos fertilizantes: abonos inorgánicos";"264";"Complejo";"TERNARIO NPK";"SulfActive 7-12-15";"FERTIBERIA";"SulfActive 7-12-15 de FERTIBERIA";"7";"0";"0";"7";"0";"12";"12";"12";"5.232";"15";"15";"12.45";;"NO";"NO";"6";"2";"22.5";"0";"0";"0";"0";"0";"0";"0";"0";"0";"0";"0";"0";"Sólido";"0"
"14";"Productos fertilizantes: abonos inorgánicos";"265";"Complejo";"TERNARIO NPK";"SulfActive 8-10-18 (6-2-20)+micros";"FERTIBERIA";"SulfActive 8-10-18 (6-2-20)+micros de FERTIBERIA";"8";"0";"1";"7";"0";"10";"8";"10";"4.36";"18";"18";"14.94";;"NO";"NO";"6";"2";"20";"0";"0";"0";"0";"0.1";"0";"0";"0.1";"0";"0";"0";"0";"Sólido";"0"
"14";"Productos fertilizantes: abonos inorgánicos";"268";"Complejo";"TERNARIO NPK";"Foskamonio 7-21-7";"FERTIBERIA";"Foskamonio 7-21-7 de FERTIBERIA";"7";"0";"1.5";"5.5";"0";"22";"18";"21";"9.592";"7";"7";"5.81";;"NO";"NO";"0";"0";"7";"0";"0";"0";"0";"0";"0";"0";"0";"0";"0";"0";"0";"Sólido";"0"
"14";"Productos fertilizantes: abonos inorgánicos";"269";"Complejo";"TERNARIO NPK";"Foskamonio 8-24-8";"FERTIBERIA";"Foskamonio 8-24-8 de FERTIBERIA";"8";"0";"0";"8";"0";"25";"20";"24";"10.9";"8";"8";"6.64";;"NO";"NO";"0";"0";"12";"0";"0";"0";"0";"0";"0";"0";"0";"0";"0";"0";"0";"Sólido";"0"
"14";"Productos fertilizantes: abonos inorgánicos";"271";"Complejo";"TERNARIO NPK";"NPK 8-15-15";"FERTIBERIA";"NPK 8-15-15 de FERTIBERIA";"8";"0";"2";"6";"0";"16";"12";"15";"6.976";"15";"15";"12.45";;"NO";"NO";"0";"0";"15";"0";"0";"0";"0";"0";"0";"0";"0";"0";"0";"0";"0";"Sólido";"0"
"16";"Productos fertilizantes: abonos organominerales";"272";"Complejo";"TERNARIO NPK";"FERTI-ORGAN 4-6-12";"FERTISAC, S.L.";"FERTI-ORGAN 4-6-12 (+MO) de FERTISAC, S.L.";"4";"0.5";"0";"1";"2.5";"6.009";"4";"6";"2.62";"12";"12";"9.96";;"NO";"NO";"1.5";"0";"7";"0";"0";"0";"0";"0";"0";"0";"0";"0";"0";"0";"0";"Sólido";"0"
"16";"Productos fertilizantes: abonos organominerales";"273";"Complejo";"TERNARIO NPK";"FERTI-ORGAN 5-10-20";"FERTISAC, S.L.";"FERTI-ORGAN 5-10-20 (+MO) de FERTISAC, S.L.";"5";"0.5";"0";"2.5";"2";"10";"6.5";"10";"4.36";"20";"20";"16.6";;"NO";"NO";"1.5";"0";"13";"0";"0";"0";"0";"0";"0";"0";"0";"0";"0";"0";"0";"Sólido";"0"
"16";"Productos fertilizantes: abonos organominerales";"274";"Complejo";"TERNARIO NPK";"FERTI-ORGAN 6-12-12";"FERTISAC, S.L.";"FERTI-ORGAN 6-12-12 (+MO) de FERTISAC, S.L.";"6";"0.5";"0";"3.5";"2";"11.995";"7";"12";"5.23";"12";"12";"9.96";;"NO";"NO";"6";"0";"15";"0";"0";"0";"0";"0";"0";"0";"0";"0";"0";"0";"0";"Sólido";"0"
"16";"Productos fertilizantes: abonos organominerales";"275";"Complejo";"TERNARIO NPK";"FERTI-ORGAN 5-6-12";"FERTISAC, S.L.";"FERTI-ORGAN 5-6-12 (+MO) de FERTISAC, S.L.";"5";"0.5";"0";"2.5";"2";"6.009";"4";"6";"2.62";"12";"12";"9.96";;"NO";"NO";"1.5";"1.5";"10";"0";"0";"0";"0";"0";"0";"0";"0";"0";"0";"0";"0";"Sólido";"0"
"14";"Productos fertilizantes: abonos inorgánicos";"276";"Simple";"NITROGENADO";"Nitrosulfam 24-0-0 Mg";"MIRAT FERTILIZANTES";"Nitrosulfam 24-0-0 Mg de MIRAT FERTILIZANTES";"24";"0";"0";"10.5";"13.5";"0";"0";"0";"0";"0";"0";"0";;"NO";"NO";"4";"2";"36";"0";"0";"0";"0";"0";"0";"0";"0";"0";"0";"0";"0";"Sólido";"0"
"14";"Productos fertilizantes: abonos inorgánicos";"279";"Simple";"NITROGENADO";"Nitrosulfam 30-0-0 Mg";"MIRAT FERTILIZANTES";"Nitrosulfam 30-0-0 Mg de MIRAT FERTILIZANTES";"30";"0";"0";"8";"22";"0";"0";"0";"0";"0";"0";"0";;"NO";"NO";"3";"2";"24";"0";"0";"0";"0";"0.02";"0";"0";"0";"0";"0";"0";"0";"Sólido";"0"
"14";"Productos fertilizantes: abonos inorgánicos";"283";"Complejo";"BINARIO PK";"Forterra PK 0-7-14 Mg";"MIRAT FERTILIZANTES";"Forterra PK 0-7-14 Mg de MIRAT FERTILIZANTES";"0";"0";"0";"0";"0";"7";"6";"7";"3.052";"14";"14";"11.62";;"NO";"NO";"8";"2";"13";"0";"0";"0";"0";"0";"0";"0";"0";"0";"0";"0";"0";"Sólido";"0"
"14";"Productos fertilizantes: abonos inorgánicos";"286";"Complejo";"TERNARIO NPK";"Forterra NPK 8-15-15";"MIRAT FERTILIZANTES";"Forterra NPK 8-15-15 de MIRAT FERTILIZANTES";"8";"0";"0";"5.2";"2.8";"15";"14";"15";"6.54";"15";"15";"12.45";;"NO";"NO";"9";"0";"20";"0";"0";"0";"0";"0";"0";"0";"0";"0";"0";"0";"0";"Sólido";"0"
"14";"Productos fertilizantes: abonos inorgánicos";"287";"Complejo";"TERNARIO NPK";"Forterra NPK 8-16-8";"MIRAT FERTILIZANTES";"Forterra NPK 8-16-8 de MIRAT FERTILIZANTES";"8";"0";"0";"5.5";"2.5";"16";"14.5";"16";"6.976";"8";"8";"6.64";;"NO";"NO";"10";"0";"24";"0";"0";"0";"0";"0";"0";"0";"0";"0";"0";"0";"0";"Sólido";"0"
"14";"Productos fertilizantes: abonos inorgánicos";"288";"Complejo";"TERNARIO NPK";"Forterra NPK 8-24-8";"MIRAT FERTILIZANTES";"Forterra NPK 8-24-8 de MIRAT FERTILIZANTES";"8";"0";"0";"6.2";"1.8";"24";"22.5";"24";"10.464";"8";"8";"6.64";;"NO";"NO";"5";"0";"17";"0";"0";"0";"0";"0";"0";"0";"0";"0";"0";"0";"0";"Sólido";"0"
"14";"Productos fertilizantes: abonos inorgánicos";"290";"Complejo";"TERNARIO NPK";"Forterra NPK 7-14-14";"MIRAT FERTILIZANTES";"Forterra NPK 7-14-14 de MIRAT FERTILIZANTES";"7";"0";"0";"4.5";"2.5";"14";"13";"14";"6.104";"14";"14";"11.62";;"NO";"NO";"7";"2";"19";"0";"0";"0";"0";"0";"0";"0";"0";"0";"0";"0";"0";"Sólido";"0"
"14";"Productos fertilizantes: abonos inorgánicos";"291";"Complejo";"TERNARIO NPK";"Forterra NPK 9-18-27";"MIRAT FERTILIZANTES";"Forterra NPK 9-18-27 de MIRAT FERTILIZANTES";"9";"0";"0";"7";"2";"18";"15.5";"18";"7.848";"27";"27";"22.41";;"NO";"NO";"0";"0";"8";"0";"0";"0";"0";"0";"0";"0";"0";"0";"0";"0";"0";"Sólido";"0"
"14";"Productos fertilizantes: abonos inorgánicos";"292";"Complejo";"TERNARIO NPK";"Forterra NPK 9-18-27 B";"MIRAT FERTILIZANTES";"Forterra NPK 9-18-27 B de MIRAT FERTILIZANTES";"9";"0";"0";"7.5";"1.5";"18";"15";"18";"7.848";"27";"27";"22.41";;"NO";"NO";"0";"0";"7";"0";"0";"0";"0";"0";"0";"0";"0.2";"0";"0";"0";"0";"Sólido";"0"
"14";"Productos fertilizantes: abonos inorgánicos";"293";"Complejo";"TERNARIO NPK";"Forterra NPK 6-10-20 Mg B";"MIRAT FERTILIZANTES";"Forterra NPK 6-10-20 Mg B de MIRAT FERTILIZANTES";"6";"0";"0";"3.5";"2.5";"10";"8.5";"10";"4.36";"20";"20";"16.6";;"NO";"NO";"8";"2";"19";"0";"0";"0";"0";"0";"0";"0";"0.2";"0";"0";"0";"0";"Sólido";"0"
"14";"Productos fertilizantes: abonos inorgánicos";"299";"Complejo";"TERNARIO NPK";"Forterra NPK 7-10-15";"MIRAT FERTILIZANTES";"Forterra NPK 7-10-15 de MIRAT FERTILIZANTES";"7";"0";"0";"4.3";"2.7";"10";"9";"10";"4.36";"15";"15";"12.45";;"NO";"NO";"6";"0";"23";"0";"0";"0";"0";"0";"0";"0";"0";"0";"0";"0";"0";"Sólido";"0"
"14";"Productos fertilizantes: abonos inorgánicos";"301";"Complejo";"TERNARIO NPK";"Forterra NPK 7-10-24 Mg";"MIRAT FERTILIZANTES";"Forterra NPK 7-10-24 Mg de MIRAT FERTILIZANTES";"7";"0";"0";"5";"2";"10";"8";"10";"4.36";"24";"24";"19.92";;"NO";"NO";"8";"2";"15";"0";"0";"0";"0";"0";"0";"0";"0";"0";"0";"0";"0";"Sólido";"0"
"14";"Productos fertilizantes: abonos inorgánicos";"303";"Complejo";"TERNARIO NPK";"Forterra NPK 7-12-7";"MIRAT FERTILIZANTES";"Forterra NPK 7-12-7 de MIRAT FERTILIZANTES";"7";"0";"0";"4.2";"2.8";"12";"10.5";"12";"5.232";"7";"7";"5.81";;"NO";"NO";"12";"0";"26";"0";"0";"0";"0";"0";"0";"0";"0";"0";"0";"0";"0";"Sólido";"0"
"14";"Productos fertilizantes: abonos inorgánicos";"304";"Complejo";"TERNARIO NPK";"Forterra NPK 7-14-8 Mg";"MIRAT FERTILIZANTES";"Forterra NPK 7-14-8 Mg de MIRAT FERTILIZANTES";"7";"0";"0";"4";"3";"14";"12.5";"14";"6.104";"8";"8";"6.64";;"NO";"NO";"9";"2";"24";"0";"0";"0";"0";"0";"0";"0";"0";"0";"0";"0";"0";"Sólido";"0"
"14";"Productos fertilizantes: abonos inorgánicos";"306";"Complejo";"TERNARIO NPK";"Forterra NPK 7-15-10";"MIRAT FERTILIZANTES";"Forterra NPK 7-15-10 de MIRAT FERTILIZANTES";"7";"0";"0";"4";"3";"15";"13.5";"15";"6.54";"10";"10";"8.3";;"NO";"NO";"10";"0";"22";"0";"0";"0";"0";"0";"0";"0";"0";"0";"0";"0";"0";"Sólido";"0"
"14";"Productos fertilizantes: abonos inorgánicos";"310";"Complejo";"TERNARIO NPK";"Forterra NPK 8-12-18 Mg";"MIRAT FERTILIZANTES";"Forterra NPK 8-12-18 Mg de MIRAT FERTILIZANTES";"8";"0";"0";"5";"3";"12";"10";"12";"5.232";"18";"18";"14.94";;"NO";"NO";"4";"2";"19";"0";"0";"0";"0";"0";"0";"0";"0";"0";"0";"0";"0";"Sólido";"0"
"14";"Productos fertilizantes: abonos inorgánicos";"312";"Complejo";"TERNARIO NPK";"Forterra NPK 8-16-12";"MIRAT FERTILIZANTES";"Forterra NPK 8-16-12 de MIRAT FERTILIZANTES";"8";"0";"0";"5";"3";"16";"13";"16";"6.976";"12";"12";"9.96";;"NO";"NO";"7";"0";"20";"0";"0";"0";"0";"0";"0";"0";"0";"0";"0";"0";"0";"Sólido";"0"
"14";"Productos fertilizantes: abonos inorgánicos";"313";"Complejo";"TERNARIO NPK";"Forterra NPK 8-18-6";"MIRAT FERTILIZANTES";"Forterra NPK 8-18-6 de MIRAT FERTILIZANTES";"8";"0";"0";"5.5";"2.5";"18";"16.5";"18";"7.848";"6";"6";"4.98";;"NO";"NO";"6";"0";"19";"0";"0";"0";"0";"0";"0";"0";"0";"0";"0";"0";"0";"Sólido";"0"
"14";"Productos fertilizantes: abonos inorgánicos";"314";"Complejo";"TERNARIO NPK";"Forterra NPK 8-20-8";"MIRAT FERTILIZANTES";"Forterra NPK 8-20-8 de MIRAT FERTILIZANTES";"8";"0";"0";"5.8";"2.2";"20";"19";"20";"8.72";"8";"8";"6.64";;"NO";"NO";"6";"0";"20";"0";"0";"0";"0";"0";"0";"0";"0";"0";"0";"0";"0";"Sólido";"0"
"14";"Productos fertilizantes: abonos inorgánicos";"315";"Complejo";"TERNARIO NPK";"Forterra NPK 8-24-16";"MIRAT FERTILIZANTES";"Forterra NPK 8-24-16 de MIRAT FERTILIZANTES";"8";"0";"0";"6";"2";"24";"22.5";"24";"10.464";"16";"16";"13.28";;"NO";"NO";"4";"0";"13";"0";"0";"0";"0";"0";"0";"0";"0";"0";"0";"0";"0";"Sólido";"0"
"14";"Productos fertilizantes: abonos inorgánicos";"321";"Complejo";"TERNARIO NPK";"Forterra NPK 12-10-17 Mg Zn";"MIRAT FERTILIZANTES";"Forterra NPK 12-10-17 Mg Zn de MIRAT FERTILIZANTES";"12";"0";"0";"8";"4";"10";"8.5";"10";"4.36";"17";"17";"14.11";;"NO";"NO";"0";"2";"21";"0";"0";"0";"0";"0.02";"0";"0";"0";"0";"0";"0";"0";"Sólido";"0"
"14";"Productos fertilizantes: abonos inorgánicos";"322";"Complejo";"TERNARIO NPK";"Forterra NPK 12-24-12";"MIRAT FERTILIZANTES";"Forterra NPK 12-24-12 de MIRAT FERTILIZANTES";"12";"0";"0";"8";"4";"24";"22.5";"24";"10.464";"12";"12";"9.96";;"NO";"NO";"2";"0";"14";"0";"0";"0";"0";"0";"0";"0";"0";"0";"0";"0";"0";"Sólido";"0"
"14";"Productos fertilizantes: abonos inorgánicos";"328";"Complejo";"TERNARIO NPK";"Unifertil NPK 20-10-5 MgS";"MIRAT FERTILIZANTES";"Unifertil NPK 20-10-5 MgS de MIRAT FERTILIZANTES";"20";"0";"0";"12";"8";"10";"8.5";"10";"4.36";"5";"5";"4.15";;"NO";"NO";"0";"2";"28";"0";"0";"0";"0";"0";"0";"0";"0";"0";"0";"0";"0";"Sólido";"0"
"14";"Productos fertilizantes: abonos inorgánicos";"329";"Complejo";"TERNARIO NPK";"Forterra NPK 3-14-6 MgBZn";"MIRAT FERTILIZANTES";"Forterra NPK 3-14-6 MgBZn de MIRAT FERTILIZANTES";"3";"0";"0";"1.8";"1.2";"14";"11";"14";"6.104";"6";"6";"4.98";;"NO";"NO";"12";"2";"26";"0";"0";"0";"0";"0.02";"0";"0";"0.1";"0";"0";"0";"0";"Sólido";"0"
"14";"Productos fertilizantes: abonos inorgánicos";"330";"Complejo";"TERNARIO NPK";"Forterra NPK 9-20-6 Mg Zn";"MIRAT FERTILIZANTES";"Forterra NPK 9-20-6 Mg Zn de MIRAT FERTILIZANTES";"9";"0";"0";"6";"3";"20";"19";"20";"8.72";"6";"6";"4.98";;"NO";"NO";"6";"2";"24";"0";"0";"0";"0";"0.02";"0";"0";"0";"0";"0";"0";"0";"Sólido";"0"
"14";"Productos fertilizantes: abonos inorgánicos";"331";"Complejo";"TERNARIO NPK";"Forterra NPK 9-12-24 Mg";"MIRAT FERTILIZANTES";"Forterra NPK 9-12-24 Mg de MIRAT FERTILIZANTES";"9";"0";"0";"6.4";"2.6";"12";"10.5";"12";"5.232";"24";"24";"19.92";;"NO";"NO";"0";"2";"16";"0";"0";"0";"0";"0";"0";"0";"0";"0";"0";"0";"0";"Sólido";"0"
"14";"Productos fertilizantes: abonos inorgánicos";"332";"Complejo";"TERNARIO NPK";"ForterraNPK 8-12-20 Mg";"MIRAT FERTILIZANTES";"ForterraNPK 8-12-20 Mg de MIRAT FERTILIZANTES";"8";"0";"0";"5.2";"2.8";"12";"11";"12";"5.232";"20";"20";"16.6";;"NO";"NO";"4";"2";"17";"0";"0";"0";"0";"0";"0";"0";"0";"0";"0";"0";"0";"Sólido";"0"
"14";"Productos fertilizantes: abonos inorgánicos";"333";"Complejo";"TERNARIO NPK";"Unifertil NPK 20-7-9 MgBZn";"MIRAT FERTILIZANTES";"Unifertil NPK 20-7-9 MgBZn de MIRAT FERTILIZANTES";"20";"0";"0";"11.8";"8.2";"7";"6";"7";"3.052";"9";"9";"7.47";;"NO";"NO";"0";"2";"28";"0";"0";"0";"0";"0.02";"0";"0";"0.1";"0";"0";"0";"0";"Sólido";"0"
"14";"Productos fertilizantes: abonos inorgánicos";"334";"Complejo";"TERNARIO NPK";"Unifertil NPK 20-5-10 B Mg";"MIRAT FERTILIZANTES";"Unifertil NPK 20-5-10 B Mg de MIRAT FERTILIZANTES";"20";"0";"0";"11.5";"8.5";"5";"4";"5";"2.18";"10";"10";"8.3";;"NO";"NO";"0";"2";"28";"0";"0";"0";"0";"0";"0";"0";"0";"0";"0";"0";"0";"Sólido";"0"
"14";"Productos fertilizantes: abonos inorgánicos";"335";"Complejo";"TERNARIO NPK";"Unifertil NPK 20-5-10 MgS";"MIRAT FERTILIZANTES";"Unifertil NPK 20-5-10 MgS de MIRAT FERTILIZANTES";"20";"0";"0";"11.5";"8.5";"5";"4";"5";"2.18";"10";"10";"8.3";;"NO";"NO";"0";"2";"28";"0";"0";"0";"0";"0";"0";"0";"0";"0";"0";"0";"0";"Sólido";"0"
"14";"Productos fertilizantes: abonos inorgánicos";"336";"Complejo";"TERNARIO NPK";"Fertilent NPK 20-7-9";"MIRAT FERTILIZANTES";"Fertilent NPK 20-7-9 de MIRAT FERTILIZANTES";"20";"0";"0";"11.8";"8.2";"7";"6";"7";"3.052";"9";"9";"7.47";;"SI";"NO";"0";"2";"28";"0";"0";"0";"0";"0.02";"0";"0";"0";"0";"0";"0";"0";"Sólido";"0"
"14";"Productos fertilizantes: abonos inorgánicos";"337";"Simple";"NITROGENADO";"Nitro-34";"MIRAT FERTILIZANTES";"Nitro-34 de MIRAT FERTILIZANTES";"34";"0";"5.6";"0.4";"28";"0";"0";"0";"0";"0";"0";"0";;"NO";"NO";"10.3";"0";"0";"0";"0";"0";"0";"0.02";"0";"0";"0";"0";"0";"0";"0";"Sólido";"0"
"14";"Productos fertilizantes: abonos inorgánicos";"338";"Complejo";"OTROS";"Carbogran";"MIRAT FERTILIZANTES";"Carbogran  de MIRAT FERTILIZANTES";"0";"0";"0";"0";"0";"0";"0";"0";"0";"0";"0";"0";;"NO";"NO";"46";"0";"0";"0";"0";"0";"0";"0";"0";"0";"0";"0";"0";"0";"0";"Sólido";"0"
"14";"Productos fertilizantes: abonos inorgánicos";"339";"Complejo";"OTROS";"Carbogran Mg";"MIRAT FERTILIZANTES";"Carbogran Mg de MIRAT FERTILIZANTES";"0";"0";"0";"0";"0";"0";"0";"0";"0";"0";"0";"0";;"NO";"NO";"50";"2";"0";"0";"0";"0";"0";"0";"0";"0";"0";"0";"0";"0";"0";"Sólido";"0"
"14";"Productos fertilizantes: abonos inorgánicos";"340";"Simple";"FOSFATADO";"Superfosfato";"MIRAT FERTILIZANTES";"Superfosfato de MIRAT FERTILIZANTES";"0";"0";"0";"0";"0";"19";"17";"18";"8.284";"0";"0";"0";;"NO";"NO";"25";"0";"25";"0";"0";"0";"0";"0";"0";"0";"0";"0";"0";"0";"0";"Sólido";"0"
"14";"Productos fertilizantes: abonos inorgánicos";"341";"Complejo";"BINARIO NP";"11-52-0";"MIRAT FERTILIZANTES";"11-52-0 de MIRAT FERTILIZANTES";"11";"0";"0";"11";"0";"52";"51";"52";"22.672";"0";"0";"0";;"NO";"NO";"0";"0";"0";"0";"0";"0";"0";"0";"0";"0";"0";"0";"0";"0";"0";"Sólido";"0"
"14";"Productos fertilizantes: abonos inorgánicos";"342";"Complejo";"TERNARIO NPK";"Forterra 7-18-27 B";"MIRAT FERTILIZANTES";"Forterra 7-18-27 B de MIRAT FERTILIZANTES";"7";"0";"0";"5.8";"1.2";"18";"15";"18";"7.848";"27";"27";"22.41";;"NO";"NO";"0";"0";"8";"0";"0";"0";"0";"0";"0";"0";"0.2";"0";"0";"0";"0";"Sólido";"0"
"15";"Productos fertilizantes: abonos orgánicos";"500";;;;;"PERSONALIZADO: ABONO ORGÁNICO";"0";"0";"0";"0";"0";"0";"0";"0";"0";"0";"0";"0";;"NO";"NO";"0";"0";"0";"0";"0";"0";"0";"0";"0";"0";"0";"0";"0";"0";"0";;"0"
"2";"Estiércol líquido de bovino";"531";;;;"GENÉRICO";"Purín de vacuno de leche (líquido/depósito)";"0.291";"0.152";"0";"0.139";"0";"0.124";"0";"0";"0.054";"0.336";"0";"0.279";;"NO";"NO";"0";"0";"0";"0";"0";"0";"0";"0";"0";"0";"0";"0";"0";"0";"0";"Líquido";"2.96"
"5";"Estiércol sólido de bovino";"532";;;;"GENÉRICO";"Estiércol vacuno carne con cama de paja (sólido/con cama)";"0.3";"0.24";"0";"0.06";"0";"0.229";"0";"0";"0.1";"0.5";"0";"0.415";;"NO";"NO";"0";"0";"0";"0";"0";"0";"0";"0";"0";"0";"0";"0";"0";"0";"0";"Sólido";"20.3"
"4";"Estiércol sólido de aves";"533";;;;"GENÉRICO";"Gallinaza de gallina ponedora en jaula, recogida en cinta (sólido/sin cama)";"1.63";"1.223";"0";"0.408";"0";"1.039";"0";"0";"0.453";"0.8";"0";"0.664";;"NO";"NO";"0";"0";"0";"0";"0";"0";"0";"0";"0";"0";"0";"0";"0";"0";"0";"Sólido";"12.94"
"4";"Estiércol sólido de aves";"534";;;;"GENÉRICO";"Gallinaza de gallina ponedora en jaula, recogida en foso (sólido/depósito)";"2.07";"0";"0";"0";"0";"1.651";"0";"0";"0.72";"1.602";"0";"1.33";;"NO";"NO";"0";"0";"0";"0";"0";"0";"0";"0";"0";"0";"0";"0";"0";"0";"0";"Sólido";"12.94"
"4";"Estiércol sólido de aves";"535";;;;"GENÉRICO";"Gallinaza de gallina ponedora en suelo con cama de paja o serrí­n (sólido/con cama)";"1.5";"0";"0";"0";"0";"1.147";"0";"0";"0.5";"0.687";"0";"0.57";;"NO";"NO";"0";"0";"0";"0";"0";"0";"0";"0";"0";"0";"0";"0";"0";"0";"0";"Sólido";"13.98"
"4";"Estiércol sólido de aves";"536";;;;"GENÉRICO";"Gallinaza de pollos con cama de paja (sólido/con cama)";"2.88";"0";"0";"0";"0";"1.514";"0";"0";"0.66";"1.59";"0";"1.32";;"NO";"NO";"0";"0";"0";"0";"0";"0";"0";"0";"0";"0";"0";"0";"0";"0";"0";"Sólido";"24.19"
"4";"Estiércol sólido de aves";"537";;;;"GENÉRICO";"Gallinaza de pollos con cama de viruta de pino (sólido/con cama)";"2.74";"0";"0";"0";"0";"1.514";"0";"0";"0.66";"1.819";"0";"1.51";;"NO";"NO";"0";"0";"0";"0";"0";"0";"0";"0";"0";"0";"0";"0";"0";"0";"0";"Sólido";"24.3"
"3";"Estiércol de porcino";"538";;;;"GENÉRICO";"Purín de cerdas madres (líquido/depósito)";"0.29";"0.073";"0";"0.218";"0";"0.211";"0";"0";"0.092";"0.18";"0";"0.149";;"NO";"NO";"0";"0";"0";"0";"0";"0";"0";"0";"0";"0";"0";"0";"0";"0";"0";"Líquido";"0.89"
"3";"Estiércol de porcino";"539";;;;"GENÉRICO";"Purín de cerdos engorde/cebo (líquido/depósito)";"0.57";"0.171";"0";"0.399";"0";"0.36";"0";"0";"0.157";"0.42";"0";"0.349";;"NO";"NO";"0";"0";"0";"0";"0";"0";"0";"0";"0";"0";"0";"0";"0";"0";"0";"Líquido";"1.76"
"3";"Estiércol de porcino";"540";;;;"GENÉRICO";"Purín granja de porcino en ciclo cerrado (líquido/depósito)";"0.34";"0.102";"0";"0.238";"0";"0.241";"0";"0";"0.105";"0.251";"0";"0.208";;"NO";"NO";"0";"0";"0";"0";"0";"0";"0";"0";"0";"0";"0";"0";"0";"0";"0";"Líquido";"1.52"
"3";"Estiércol de porcino";"541";;;;"GENÉRICO";"Fracción sólida del purín de porcino (sólido/sin cama)";"0.35";"0";"0";"0";"0";"1.17";"0";"0";"0.51";"0.217";"0";"0.18";;"NO";"NO";"0";"0";"0";"0";"0";"0";"0";"0";"0";"0";"0";"0";"0";"0";"0";"Sólido";"12.7"
"8";"Estiércol sólido de ovino";"542";;;;"GENÉRICO";"Ovino (sólido/con cama)";"1.09";"1.002";"0";"0.088";"0";"0.321";"0";"0";"0.14";"0.5";"0";"0.415";;"NO";"NO";"0";"0";"0";"0";"0";"0";"0";"0";"0";"0";"0";"0";"0";"0";"0";"Sólido";"19.66"
"10";"Otros tipos de estiércol sólido: conejo, visón, zorro…";"543";;;;"GENÉRICO";"Estiércol de conejo";"1.29";"1.14";"0";"0.15";"0";"1.032";"0";"0";"0.45";"0.904";"0";"0.75";;"NO";"NO";"0";"0";"0";"0";"0";"0";"0";"0";"0";"0";"0";"0";"0";"0";"0";"Sólido";"9.63"
"7";"Estiércol sólido de equino";"544";;;;"GENÉRICO";"Caballo (sólido/cama de paja)";"1.07";"1.04";"0";"0.03";"0";"0.803";"0";"0";"0.35";"0.904";"0";"0.75";;"NO";"NO";"0";"0";"0";"0";"0";"0";"0";"0";"0";"0";"0";"0";"0";"0";"0";"Sólido";"26.99"
"6";"Estiércol sólido de caprino";"545";;;;"GENÉRICO";"Estiércol de caprino de leche con cama de paja (sólido/con cama)";"1.05";"0.91";"0";"0.14";"0";"0.321";"0";"0";"0.14";"1.916";"0";"1.59";;"NO";"NO";"0";"0";"0";"0";"0";"0";"0";"0";"0";"0";"0";"0";"0";"0";"0";"Sólido";"16.42"
"3";"Estiércol de porcino";"550";;;;"GENÉRICO";"Orgánico-Porcino (sólido/con cama)";"0.7";"0";"0";"0";"0";"1.606";"0";"0";"0.7";"0.422";"0";"0.35";;"NO";"NO";"0";"0";"0";"0";"0";"0";"0";"0";"0";"0";"0";"0";"0";"0";"0";"Sólido";"12.7"
"22";"Residuos: Lodos de tratamiento de aguas residuales urbanas (lodos EDAR), incluidos en el Real Decreto 1310/1990, de 29 de octubre. siempre que hayan sido tratados. ";"551";;;;"GENÉRICO";"Lodo de depuradora";"1.12";"0";"0";"0";"0";"0.872";"0";"0";"0.38";"0.084";"0";"0.07";;"NO";"NO";"0";"0";"0";"0";"0";"0";"0";"0";"0";"0";"0";"0";"0";"0";"0";"Sólido";"5.82"
"13";"Productos fertilizantes enmiendas orgánicas";"552";;;;"GENÉRICO";"Enmienda orgánica: Compost (RSU, FORM)";"1.49";"1.45";"0";"0.04";"0";"1.33";"0";"0";"0.58";"1.048";"0";"0.87";;"NO";"NO";"0";"0";"0";"0";"0";"0";"0";"0";"0";"0";"0";"0";"0";"0";"0";"Sólido";"26.1"
"13";"Productos fertilizantes enmiendas orgánicas";"553";;;;"GENÉRICO";"Enmienda orgánica: Compost (lodos de depuradora)";"2.21";"1.547";"0";"0.663";"0";"2.679";"0";"0";"1.168";"0.59";"0";"0.49";;"NO";"NO";"0";"0";"0";"0";"0";"0";"0";"0";"0";"0";"0";"0";"0";"0";"0";"Sólido";"20.996"
"13";"Productos fertilizantes enmiendas orgánicas";"554";;;;"GENÉRICO";"Enmienda orgánica: Compost (vegetal)";"1.31";"1.13";"0";"0.19";"0";"2.592";"0";"0";"1.13";"1.361";"0";"1.13";;"NO";"NO";"0";"0";"0";"0";"0";"0";"0";"0";"0";"0";"0";"0";"0";"0";"0";"Sólido";"17.5"
"13";"Productos fertilizantes enmiendas orgánicas";"555";;;;"GENÉRICO";"Enmienda orgánica: Compost (estiércol)";"2.62";"2.25";"0";"0.38";"0";"3.44";"0";"0";"1.5";"1.807";"0";"1.5";;"NO";"NO";"0";"0";"0";"0";"0";"0";"0";"0";"0";"0";"0";"0";"0";"0";"0";"Sólido";"30"
"13";"Productos fertilizantes enmiendas orgánicas";"556";;;;"GENÉRICO";"Enmienda orgánica: Compost (vermicompost)";"1.2";"0.98";"0";"0.23";"0";"0.665";"0";"0";"0.29";"1.651";"0";"1.37";;"NO";"NO";"0";"0";"0";"0";"0";"0";"0";"0";"0";"0";"0";"0";"0";"0";"0";"Sólido";"15"
"3";"Estiércol de porcino";"557";;;;"GENÉRICO";"Estiércol líquido de porcino: efluentes tratamiento NDN intensivo (>60% eliminación N)";"0.03";"0.018";"0";"0.012";"0";"0.03";"0";"0";"0.013";"0.21";"0";"0.174";;"NO";"NO";"0";"0";"0";"0";"0";"0";"0";"0";"0";"0";"0";"0";"0";"0";"0";"Líquido";"0.406"
"3";"Estiércol de porcino";"558";;;;"GENÉRICO";"Estiércol líquido de porcino: efluentes tratamiento NDN suave (<50% eliminación N)";"0.06";"0.02";"0";"0.04";"0";"0.089";"0";"0";"0.039";"0.2";"0";"0.166";;"NO";"NO";"0";"0";"0";"0";"0";"0";"0";"0";"0";"0";"0";"0";"0";"0";"0";"Líquido";"0.058"
"1";"Estiercol líquido de aves";"559";;;;"GENÉRICO";"Estiércol líquido de aves";"0.815";"0.612";"0";"0.204";"0";"0.521";"0";"0";"0.227";"0.4";"0";"0.332";;"NO";"NO";"0";"0";"0";"0";"0";"0";"0";"0";"0";"0";"0";"0";"0";"0";"0";"Líquido";"6.468"
"3";"Estiércol de porcino";"560";;;;"GENÉRICO";"Purín de cerdos engorde/cebo (líquido/depósito) - denso > 8% MS";"0.75";"0.263";"0";"0.488";"0";"0.509";"0";"0";"0.222";"0.58";"0";"0.481";;"NO";"NO";"0";"0";"0";"0";"0";"0";"0";"0";"0";"0";"0";"0";"0";"0";"0";"Líquido";"0"
"3";"Estiércol de porcino";"561";;;;"GENÉRICO";"Purín de lechones 6 - 20 kg (líquido/depósito)";"0.34";"0.136";"0";"0.204";"0";"0.259";"0";"0";"0.113";"0.17";"0";"0.141";;"NO";"NO";"0";"0";"0";"0";"0";"0";"0";"0";"0";"0";"0";"0";"0";"0";"0";"Líquido";"0"
"2";"Estiércol líquido de bovino";"562";;;;"GENÉRICO";"Purín de engorde de terneros (líquido)";"0.52";"0.286";"0";"0.234";"0";"0.17";"0";"0";"0.074";"0.36";"0";"0.299";;"NO";"NO";"0";"0";"0";"0";"0";"0";"0";"0";"0";"0";"0";"0";"0";"0";"0";"Líquido";"0"
"5";"Estiércol sólido de bovino";"563";;;;"GENÉRICO";"Estiércol vacuno leche (sólido)";"0.51";"0.255";"0";"0.255";"0";"0.39";"0";"0";"0.17";"0.72";"0";"0.598";;"NO";"NO";"0";"0";"0";"0";"0";"0";"0";"0";"0";"0";"0";"0";"0";"0";"0";"Sólido";"0"
"5";"Estiércol sólido de bovino";"564";;;;"GENÉRICO";"Estiércol de ternero de engorde";"0.97";"0.776";"0";"0.194";"0";"0.64";"0";"0";"0.279";"1.03";"0";"0.855";;"NO";"NO";"0";"0";"0";"0";"0";"0";"0";"0";"0";"0";"0";"0";"0";"0";"0";"Sólido";"0"
"13";"Productos fertilizantes enmiendas orgánicas";"565";;;;"GENÉRICO";"Enmienda orgánica: Compost (estiércol de bovino de leche con lecho compostado)";"1.21";"1.016";"0";"0.194";"0";"0.679";"0";"0";"0.296";"1.5";"0";"1.245";;"NO";"NO";"0";"0";"0";"0";"0";"0";"0";"0";"0";"0";"0";"0";"0";"0";"0";"Sólido";"16.066"
"13";"Productos fertilizantes enmiendas orgánicas";"566";;;;"GENÉRICO";"Enmienda orgánica: Compost (estiércol de bovino)";"1.08";"0.928";"0";"0.152";"0";"0.81";"0";"0";"0.353";"1.551";"0";"1.287";;"NO";"NO";"0";"0";"0";"0";"0";"0";"0";"0";"0";"0";"0";"0";"0";"0";"0";"Sólido";"15.428"
"4";"Estiércol sólido de aves";"567";;;;"GENÉRICO";"Estiércol de pavo (nave/cinta transportadora)";"3.24";"2.106";"0";"1.134";"0";"2.58";"0";"0";"1.125";"2";"0";"1.66";;"NO";"NO";"0";"0";"0";"0";"0";"0";"0";"0";"0";"0";"0";"0";"0";"0";"0";"Sólido";"0"
"4";"Estiércol sólido de aves";"568";;;;"GENÉRICO";"Estiércol de pavo (estercolero)";"2.49";"1.992";"0";"0.498";"0";"2.58";"0";"0";"1.125";"3.205";"0";"2.66";;"NO";"NO";"0";"0";"0";"0";"0";"0";"0";"0";"0";"0";"0";"0";"0";"0";"0";"Sólido";"0"
"4";"Estiércol sólido de aves";"569";;;;"GENÉRICO";"Gallinaza de gallina reproductora en jaula, recogida en cinta (sólido/sin cama)";"2.26";"1.695";"0";"0.565";"0";"3.39";"0";"0";"1.478";"2.36";"0";"1.959";;"NO";"NO";"0";"0";"0";"0";"0";"0";"0";"0";"0";"0";"0";"0";"0";"0";"0";"Sólido";"0"
"4";"Estiércol sólido de aves";"570";;;;"GENÉRICO";"Gallinaza de gallina reproductora (estercolero)";"1.74";"1.392";"0";"0.348";"0";"3.39";"0";"0";"1.478";"2.36";"0";"1.959";;"NO";"NO";"0";"0";"0";"0";"0";"0";"0";"0";"0";"0";"0";"0";"0";"0";"0";"Sólido";"0"
"4";"Estiércol sólido de aves";"571";;;;"GENÉRICO";"Gallinaza de gallina de reposición en jaula, recogida en cinta (sólido/sin cama)";"2.54";"1.778";"0";"0.762";"0";"4.58";"0";"0";"1.997";"2.551";"0";"2.117";;"NO";"NO";"0";"0";"0";"0";"0";"0";"0";"0";"0";"0";"0";"0";"0";"0";"0";"Sólido";"0"
"4";"Estiércol sólido de aves";"572";;;;"GENÉRICO";"Gallinaza de gallina de reposición (estercolero)";"1.95";"1.56";"0";"0.39";"0";"4.58";"0";"0";"1.997";"2.551";"0";"2.117";;"NO";"NO";"0";"0";"0";"0";"0";"0";"0";"0";"0";"0";"0";"0";"0";"0";"0";"Sólido";"0"
"4";"Estiércol sólido de aves";"573";;;;"GENÉRICO";"Gallinaza de pollos de engorde en jaula, recogida en cinta (sólido/sin cama)";"2.96";"2.22";"0";"0.74";"0";"1.911";"0";"0";"0.833";"1.39";"0";"1.154";;"NO";"NO";"0";"0";"0";"0";"0";"0";"0";"0";"0";"0";"0";"0";"0";"0";"0";"Sólido";"0"
"13";"Productos fertilizantes enmiendas orgánicas";"574";;;;"GENÉRICO";"Enmienda orgánica: Compost (gallina ponedora)";"2.03";"1.726";"0";"0.305";"0";"2.601";"0";"0";"1.134";"2.5";"0";"2.075";;"NO";"NO";"0";"0";"0";"0";"0";"0";"0";"0";"0";"0";"0";"0";"0";"0";"0";"Sólido";"20.648"
"8";"Estiércol sólido de ovino";"575";;;;"GENÉRICO";"Estiércol de ovino de carne";"0.94";"0.658";"0";"0.282";"0";"0.5";"0";"0";"0.218";"1";"0";"0.83";;"NO";"NO";"0";"0";"0";"0";"0";"0";"0";"0";"0";"0";"0";"0";"0";"0";"0";"Sólido";"0"
"8";"Estiércol sólido de ovino";"576";;;;"GENÉRICO";"Estiércol de ovino de leche";"0.81";"0.486";"0";"0.324";"0";"0.321";"0";"0";"0.14";"0.86";"0";"0.714";;"NO";"NO";"0";"0";"0";"0";"0";"0";"0";"0";"0";"0";"0";"0";"0";"0";"0";"Sólido";"0"
"6";"Estiércol sólido de caprino";"577";;;;"GENÉRICO";"Estiércol de caprino";"0.94";"0.658";"0";"0.282";"0";"0.5";"0";"0";"0.218";"0.9";"0";"0.747";;"NO";"NO";"0";"0";"0";"0";"0";"0";"0";"0";"0";"0";"0";"0";"0";"0";"0";"Sólido";"0"
"13";"Productos fertilizantes enmiendas orgánicas";"578";;;;"GENÉRICO";"Enmienda orgánica: Compost (conejo)";"0.98";"0.706";"0";"0.274";"0";"1.271";"0";"0";"0.554";"1.29";"0";"1.071";;"NO";"NO";"0";"0";"0";"0";"0";"0";"0";"0";"0";"0";"0";"0";"0";"0";"0";"Sólido";"13.34"
"10";"Otros tipos de estiércol sólido: conejo, visón, zorro…";"579";;;;"GENÉRICO";"Estiércol seco por secado solar (mayoría porcino)";"2.18";"1.918";"0";"0.262";"0";"2.25";"0";"0";"0.981";"4.17";"0";"3.461";;"NO";"NO";"0";"0";"0";"0";"0";"0";"0";"0";"0";"0";"0";"0";"0";"0";"0";"Sólido";"34.394"
"3";"Estiércol de porcino";"580";;;;"GENÉRICO";"Purín fracción líquida: separación con tamiz y/o tornillo prensa";"0.36";"0.115";"0";"0.245";"0";"0.241";"0";"0";"0.105";"0.31";"0";"0.257";;"NO";"NO";"0";"0";"0";"0";"0";"0";"0";"0";"0";"0";"0";"0";"0";"0";"0";"Líquido";"1.45"
"3";"Estiércol de porcino";"581";;;;"GENÉRICO";"Purín fracción líquida: separación con centrífuga";"0.26";"0.044";"0";"0.216";"0";"0.06";"0";"0";"0.026";"0.23";"0";"0.191";;"NO";"NO";"0";"0";"0";"0";"0";"0";"0";"0";"0";"0";"0";"0";"0";"0";"0";"Líquido";"0.58"
"3";"Estiércol de porcino";"582";;;;"GENÉRICO";"Purín fracción sólida: separación con tamiz y/o tornillo prensa";"0.64";"0.39";"0";"0.25";"0";"0.58";"0";"0";"0.253";"0.351";"0";"0.291";;"NO";"NO";"0";"0";"0";"0";"0";"0";"0";"0";"0";"0";"0";"0";"0";"0";"0";"Sólido";"11.658"
"3";"Estiércol de porcino";"583";;;;"GENÉRICO";"Purín fracción sólida: separación con centrífuga";"1.04";"0.593";"0";"0.447";"0";"1.589";"0";"0";"0.693";"0.26";"0";"0.216";;"NO";"NO";"0";"0";"0";"0";"0";"0";"0";"0";"0";"0";"0";"0";"0";"0";"0";"Sólido";"9.396"
"13";"Productos fertilizantes enmiendas orgánicas";"584";;;;"GENÉRICO";"Enmienda orgánica: Compost (fracción sólida del purín de porcino)";"1.16";"0.974";"0";"0.186";"0";"4.661";"0";"0";"2.032";"0.67";"0";"0.556";;"NO";"NO";"0";"0";"0";"0";"0";"0";"0";"0";"0";"0";"0";"0";"0";"0";"0";"Sólido";"15.254"
"5";"Estiércol sólido de bovino";"585";;;;"GENÉRICO";"Estiércol vacuno carne con cama de paja (sólido/con cama), almacenado 6 a 12 meses en estercolero";"0.57";"0";"0";"0";"0";"0.486";"0";"0";"0.212";"0.869";"0";"0.721";;"NO";"NO";"0";"0";"0";"0";"0";"0";"0";"0";"0";"0";"0";"0";"0";"0";"0";"Sólido";"0"
"13";"Productos fertilizantes enmiendas orgánicas";"586";;;;"GENÉRICO";"Enmienda orgánica: digestato de digestión anaerobia registrado legalmente como producto fertilizante.";"0.44";"0.141";"0";"0.299";"0";"0.183";"0";"0";"0.08";"0.151";"0";"0.125";;"NO";"NO";"0";"0";"0";"0";"0";"0";"0";"0";"0";"0";"0";"0";"0";"0";"0";"Líquido";"1.682"
"18";"Residuos: Materiales que, sin haberse empleado en la elaboración de un producto fertilizante, cumplan con todos los requisitos de las CMCS 3, 4, 5, 6, 12, 13 y 14 del Anexo II del Reglamento (UE) 2019/1009. ";"587";;;;"GENÉRICO";"Material resultante de digestión anaerobia que cumple normas europeas de seguridad pero NO ha sido registrado como producto fertilizante";"0.44";"0.141";"0";"0.299";"0";"0.183";"0";"0";"0.08";"0.151";"0";"0.125";;"NO";"NO";"0";"0";"0";"0";"0";"0";"0";"0";"0";"0";"0";"0";"0";"0";"0";"Líquido";"1.682"
"1";"Estiercol líquido de aves";"700";;;;;"PERSONALIZADO: ESTIÉRCOL LÍQUIDO AVES";"0";"0";"0";"0";"0";"0";"0";"0";"0";"0";"0";"0";;"NO";"NO";"0";"0";"0";"0";"0";"0";"0";"0";"0";"0";"0";"0";"0";"0";"0";"Líquido";"0"
"2";"Estiércol líquido de bovino";"701";;;;;"PERSONALIZADO: ESTIÉRCOL LÍQUIDO BOVINO";"0";"0";"0";"0";"0";"0";"0";"0";"0";"0";"0";"0";;"NO";"NO";"0";"0";"0";"0";"0";"0";"0";"0";"0";"0";"0";"0";"0";"0";"0";"Líquido";"0"
"3";"Estiércol de porcino";"702";;;;;"PERSONALIZADO: ESTIÉRCOL PORCINO";"0";"0";"0";"0";"0";"0";"0";"0";"0";"0";"0";"0";;"NO";"NO";"0";"0";"0";"0";"0";"0";"0";"0";"0";"0";"0";"0";"0";"0";"0";"Líquido";"0"
"4";"Estiércol sólido de aves";"703";;;;;"PERSONALIZADO: ESTIÉRCOL SÓLIDO AVES";"0";"0";"0";"0";"0";"0";"0";"0";"0";"0";"0";"0";;"NO";"NO";"0";"0";"0";"0";"0";"0";"0";"0";"0";"0";"0";"0";"0";"0";"0";"Sólido";"0"
"5";"Estiércol sólido de bovino";"704";;;;;"PERSONALIZADO: ESTIÉRCOL SÓLIDO BOVINO";"0";"0";"0";"0";"0";"0";"0";"0";"0";"0";"0";"0";;"NO";"NO";"0";"0";"0";"0";"0";"0";"0";"0";"0";"0";"0";"0";"0";"0";"0";"Sólido";"0"
"6";"Estiércol sólido de caprino";"705";;;;;"PERSONALIZADO: ESTIÉRCOL SÓLIDO CAPRINO";"0";"0";"0";"0";"0";"0";"0";"0";"0";"0";"0";"0";;"NO";"NO";"0";"0";"0";"0";"0";"0";"0";"0";"0";"0";"0";"0";"0";"0";"0";"Sólido";"0"
"7";"Estiércol sólido de equino";"706";;;;;"PERSONALIZADO: ESTIÉRCOL SÓLIDO EQUINO";"0";"0";"0";"0";"0";"0";"0";"0";"0";"0";"0";"0";;"NO";"NO";"0";"0";"0";"0";"0";"0";"0";"0";"0";"0";"0";"0";"0";"0";"0";"Sólido";"0"
"8";"Estiércol sólido de ovino";"707";;;;;"PERSONALIZADO: ESTIÉRCOL SÓLIDO OVINO";"0";"0";"0";"0";"0";"0";"0";"0";"0";"0";"0";"0";;"NO";"NO";"0";"0";"0";"0";"0";"0";"0";"0";"0";"0";"0";"0";"0";"0";"0";"Sólido";"0"
"9";"Inhibidores";"708";;;;;"PERSONALIZADO: INHIBIDOR";"0";"0";"0";"0";"0";"0";"0";"0";"0";"0";"0";"0";;"NO";"NO";"0";"0";"0";"0";"0";"0";"0";"0";"0";"0";"0";"0";"0";"0";"0";;"0"
"10";"Otros tipos de estiércol sólido: conejo, visón, zorro…";"709";;;;;"PERSONALIZADO: OTRO TIPO ESTIÉRCOL SÓLIDO";"0";"0";"0";"0";"0";"0";"0";"0";"0";"0";"0";"0";;"NO";"NO";"0";"0";"0";"0";"0";"0";"0";"0";"0";"0";"0";"0";"0";"0";"0";"Sólido";"0"
"11";"Productos fertilizantes bioestimulantes";"710";;;;;"PERSONALIZADO: BIOESTIMULANTE";"0";"0";"0";"0";"0";"0";"0";"0";"0";"0";"0";"0";;"NO";"NO";"0";"0";"0";"0";"0";"0";"0";"0";"0";"0";"0";"0";"0";"0";"0";;"0"
"12";"Productos fertilizantes enmiendas calizas";"711";;;;;"PERSONALIZADO: ENMIENDA CALIZA";"0";"0";"0";"0";"0";"0";"0";"0";"0";"0";"0";"0";;"NO";"NO";"0";"0";"0";"0";"0";"0";"0";"0";"0";"0";"0";"0";"0";"0";"0";;"0"
"13";"Productos fertilizantes enmiendas orgánicas";"712";;;;;"PERSONALIZADO: ENMIENDA ORGÁNICA";"0";"0";"0";"0";"0";"0";"0";"0";"0";"0";"0";"0";;"NO";"NO";"0";"0";"0";"0";"0";"0";"0";"0";"0";"0";"0";"0";"0";"0";"0";;"0"
"16";"Productos fertilizantes: abonos organominerales";"713";;;;;"PERSONALIZADO: ORGANOMINERAL";"0";"0";"0";"0";"0";"0";"0";"0";"0";"0";"0";"0";;"NO";"NO";"0";"0";"0";"0";"0";"0";"0";"0";"0";"0";"0";"0";"0";"0";"0";;"0"
"17";"Productos fertilizantes otras enmiendas (retenedoras humedad, ácidas, etc.)";"714";;;;;"PERSONALIZADO: OTRAS ENMIENDAS";"0";"0";"0";"0";"0";"0";"0";"0";"0";"0";"0";"0";;"NO";"NO";"0";"0";"0";"0";"0";"0";"0";"0";"0";"0";"0";"0";"0";"0";"0";;"0"
"18";"Residuos: Materiales que, sin haberse empleado en la elaboración de un producto fertilizante, cumplan con todos los requisitos de las CMCS 3, 4, 5, 6, 12, 13 y 14 del Anexo II del Reglamento (UE) 2019/1009. ";"715";;;;;"PERSONALIZADO: RESIDUOS CMCS 3, 4, 5, 6, 12, 13 y 14";"0";"0";"0";"0";"0";"0";"0";"0";"0";"0";"0";"0";;"NO";"NO";"0";"0";"0";"0";"0";"0";"0";"0";"0";"0";"0";"0";"0";"0";"0";;"0"
"19";"Residuos: Subproductos de origen animal no aptos para consumo humano, que hayan sido tratados conforme al artículo 20 del Reglamento (CE) 1069/2009. ";"716";;;;;"PERSONALIZADO: RESIDUOS ORIGEN ANIMAL, TRATADOS";"0";"0";"0";"0";"0";"0";"0";"0";"0";"0";"0";"0";;"NO";"NO";"0";"0";"0";"0";"0";"0";"0";"0";"0";"0";"0";"0";"0";"0";"0";;"0"
"20";"Residuos: compost de alperujo";"717";;;;;"PERSONALIZADO: COMPOST ALPERUJO";"0";"0";"0";"0";"0";"0";"0";"0";"0";"0";"0";"0";;"NO";"NO";"0";"0";"0";"0";"0";"0";"0";"0";"0";"0";"0";"0";"0";"0";"0";;"0"
"21";"Residuos: alperujo desecado";"718";;;;;"PERSONALIZADO: ALPERUJO DESECADO";"0";"0";"0";"0";"0";"0";"0";"0";"0";"0";"0";"0";;"NO";"NO";"0";"0";"0";"0";"0";"0";"0";"0";"0";"0";"0";"0";"0";"0";"0";;"0"
"22";"Residuos: Lodos de tratamiento de aguas residuales urbanas (lodos EDAR), incluidos en el Real Decreto 1310/1990, de 29 de octubre. siempre que hayan sido tratados. ";"719";;;;;"PERSONALIZADO: LODOS EDAR, TRATADOS";"0";"0";"0";"0";"0";"0";"0";"0";"0";"0";"0";"0";;"NO";"NO";"0";"0";"0";"0";"0";"0";"0";"0";"0";"0";"0";"0";"0";"0";"0";;"0"
"23";"Residuos: Lodos calizos procedentes del proceso Kraft de fabricación de pasta de papel, para elevar el pH de suelos ácidos";"720";;;;;"PERSONALIZADO: LODOS CALIZOS KRAFT";"0";"0";"0";"0";"0";"0";"0";"0";"0";"0";"0";"0";;"NO";"NO";"0";"0";"0";"0";"0";"0";"0";"0";"0";"0";"0";"0";"0";"0";"0";;"0"
"0";"Otros";"800";;;;;"PERSONALIZADO: OTROS";"0";"0";"0";"0";"0";"0";"0";"0";"0";"0";"0";"0";;"NO";"NO";"0";"0";"0";"0";"0";"0";"0";"0";"0";"0";"0";"0";"0";"0";"0";;"0"
"13";"Productos fertilizantes enmiendas orgánicas";"801";;;;"GENÉRICO";"Ácido humico de Leonardita";"2.15";"1.85";"0";"0.3";"0";"0.505";"0";"0";"0.22";"6.157";"0";"5.11";;"NO";"NO";"0";"0";"0";"0";"0";"0";"0";"0";"0";"0";"0";"0";"0";"0";"0";"Líquido";"20.98"
"13";"Productos fertilizantes enmiendas orgánicas";"802";;;;"GENÉRICO";"Humus líquido de lombriz roja";"0.9";"0.8";"0";"0.1";"0";"1.261";"0";"0";"0.55";"2.048";"0";"1.7";;"NO";"NO";"0";"0";"0";"0";"0";"0";"0";"0";"0";"0";"0";"0";"0";"0";"0";"Líquido";"9.51"
"13";"Productos fertilizantes enmiendas orgánicas";"803";;;;"GENÉRICO";"Turba herbácea";"3.32";"2.73";"0";"0.52";"0";"6.445";"0";"0";"2.81";"3.265";"0";"2.71";;"NO";"NO";"0";"0";"0";"0";"0";"0";"0";"0";"0";"0";"0";"0";"0";"0";"0";"Sólido";"11.88"
"20";"Residuos: compost de alperujo";"804";;;;"GENÉRICO";"Compost de alperujo";"2.83";"2.83";"0";"0";"0";"1.376";"0";"0";"0.6";"3.277";"0";"2.72";;"NO";"NO";"7.991";"2.764";"2.028";"0";"0";"0";"0";"0";"0";"0";"0";"0";"0";"0";"0";"Sólido";"29.1"
"21";"Residuos: alperujo desecado";"805";;;;"GENÉRICO";"Alperujo desecado";"1.22";"1.22";"0";"0";"0";"0.275";"0";"0";"0.12";"1.651";"0";"1.37";;"NO";"NO";"0.264";"0.056";"0";"0";"12";"7.2";"0";"1.6";"0";"0";"0";"0";"0";"0";"0";"Sólido";"43.34"
"23";"Residuos: Lodos calizos procedentes del proceso Kraft de fabricación de pasta de papel, para elevar el pH de suelos ácidos";"806";;;;"GENÉRICO";"Lodos calizos procedentes de la fabricación de pasta de papel";"0.29";"0.27";"0";"0.02";"0";"0.069";"0";"0";"0.03";"0.024";"0";"0.02";;"NO";"NO";"3.715";"0.091";"0";"0";"26.37";"9.962";"5.86";"46.88";"0";"10.548";"0";"0";"0";"0";"0";;"0"
"14";"Productos fertilizantes: abonos inorgánicos";"1329";"Complejo";"TERNARIO NPK";"D-CODER TOP";"TIMAC AGRO";"D-CODER TOP 8  7-10-20 (2-2-10) de TIMAC AGRO";"7";"0";"0";"4";"3";"10.023";"6";"10";"4.37";"19.88";"20";"16.5";;"NO";"NO";"2";"2";"10";"0";"0";"0";"0";"0";"0";"0";"0";"0";"0";"0";"0";"Sólido";"0"
"14";"Productos fertilizantes: abonos inorgánicos";"1330";"Complejo";"BINARIO PK";"D-CODER TOP";"TIMAC AGRO";"D-CODER TOP 11  0-8-12 (4-2-16) de TIMAC AGRO";"0";"0";"0";"0";"0";"8.028";"6";"8";"3.5";"11.928";"12";"9.9";;"NO";"NO";"4";"2";"16";"0";"0";"0";"0";"0";"0";"0";"0";"0";"0";"0";"0";"Sólido";"0"
"14";"Productos fertilizantes: abonos inorgánicos";"1331";"Complejo";"TERNARIO NPK";"D-CODER TOP";"TIMAC AGRO";"D-CODER TOP 6 7-10-6 (2-22) 6CAO de TIMAC AGRO";"7";"0";"0";"5";"2";"10.023";"6";"10";"4.37";"5.964";"0";"4.95";;"NO";"NO";"6";"2";"22";"0";"0";"0";"0";"0";"0";"0";"0";"0";"0";"0";"0";"Sólido";"0"
"14";"Productos fertilizantes: abonos inorgánicos";"1332";"Complejo";"TERNARIO NPK";"D-CODER TOP";"TIMAC AGRO";"D-CODER TOP 4 9-12-8 (2-20) 2CaO de TIMAC AGRO";"9";"0";"0";"6";"3";"12.018";"7";"12";"5.24";"7.952";"8";"6.6";;"NO";"NO";"2";"2";"20";"0";"0";"0";"0";"0";"0";"0";"0";"0";"0";"0";"0";"Sólido";"0"
"14";"Productos fertilizantes: abonos inorgánicos";"1333";"Complejo";"BINARIO PK";"D-CODER TOP";"TIMAC AGRO";"D-CODER TOP 10 0-12-6 (5-20) 10CaO de TIMAC AGRO";"0";"0";"0";"0";"0";"12.018";"4";"7";"5.24";"5.964";"6";"4.95";;"NO";"NO";"10";"5";"20";"0";"0";"0";"0";"0";"0";"0";"0";"0";"0";"0";"0";"Sólido";"0"
"14";"Productos fertilizantes: abonos inorgánicos";"1334";"Complejo";"TERNARIO NPK";"D-CODER TOP";"TIMAC AGRO";"D-CODER TOP 2 14-8-6 (2-22) de TIMAC AGRO";"14";"0";"0";"10";"4";"8.028";"5";"8";"3.5";"5.964";"6";"4.95";;"NO";"NO";"0";"2";"22";"0";"0";"0";"0";"0";"0";"0";"0";"0";"0";"0";"0";"Sólido";"0"
"14";"Productos fertilizantes: abonos inorgánicos";"1335";"Complejo";"TERNARIO NPK";"D-CODER TOP";"TIMAC AGRO";"D-CODER TOP 1 20-6-6 FORRAJERO de TIMAC AGRO";"20";"0";"0";"8";"12";"6.009";"5";"6";"2.62";"5.964";"6";"4.95";;"NO";"NO";"0";"2";"20";"0";"0";"0";"0";"0";"0";"0";"0";"0";"0";"0";"0";"Sólido";"0"
"14";"Productos fertilizantes: abonos inorgánicos";"1336";"Complejo";"TERNARIO NPK";"D-CODER TOP";"TIMAC AGRO";"D-CODER TOP 3 14-5-9 (2-21) de TIMAC AGRO";"14";"0";"0";"9.5";"4.5";"5.023";"4";"5";"2.19";"8.952";"9";"7.43";;"NO";"NO";"0";"2";"21";"0";"0";"0";"0";"0";"0";"0";"0";"0";"0";"0";"0";"Sólido";"0"
"14";"Productos fertilizantes: abonos inorgánicos";"1337";"Complejo";"TERNARIO NPK";"D-CODER TOP";"TIMAC AGRO";"D-CODER TOP 13 18-5-5 (2-30) de TIMAC AGRO";"18";"0";"0";"11";"7";"5.023";"3";"5";"2.19";"4.976";"5";"4.13";;"NO";"NO";"0";"2";"30";"0";"0";"0";"0";"0";"0";"0";"0";"0";"0";"0";"0";"Sólido";"0"
"14";"Productos fertilizantes: abonos inorgánicos";"1338";"Complejo";"TERNARIO NPK";"NAVARGRAN";"TIMAC AGRO";"NAVARGRAN 7-14-16 de TIMAC AGRO";"7";"0";"0";"6";"1";"14.037";"11";"14";"6.12";"15.904";"16";"13.2";;"NO";"NO";"0";"0";"15";"0";"0";"0";"0";"0";"0";"0";"0";"0";"0";"0";"0";"Sólido";"0"
"14";"Productos fertilizantes: abonos inorgánicos";"1339";"Complejo";"TERNARIO NPK";"NAVARGRAN";"TIMAC AGRO";"NAVARGRAN 8-24-16 de TIMAC AGRO";"8";"0";"0";"6";"2";"24.06";"15";"24";"10.49";"15.904";"16";"13.2";;"NO";"NO";"0";"0";"10";"0";"0";"0";"0";"0";"0";"0";"0";"0";"0";"0";"0";"Sólido";"0"
"14";"Productos fertilizantes: abonos inorgánicos";"1340";"Complejo";"TERNARIO NPK";"NAVARGRAN";"TIMAC AGRO";"NAVARGRAN 8-16-8 (6 S.A.M.) de TIMAC AGRO";"8";"0";"0";"5";"3";"16.032";"6";"10";"6.99";"7.952";"8";"6.6";;"NO";"NO";"0";"0";"18";"0";"0";"0";"0";"0";"0";"0";"0";"0";"0";"0";"0";"Sólido";"0"
"14";"Productos fertilizantes: abonos inorgánicos";"1341";"Complejo";"TERNARIO NPK";"NAVARGRAN";"TIMAC AGRO";"NAVARGRAN 10-20-10 de TIMAC AGRO";"10";"0";"0";"9";"1";"20.046";"16";"20";"8.74";"9.94";"10";"8.25";;"NO";"NO";"0";"0";"18";"0";"0";"0";"0";"0";"0";"0";"0";"0";"0";"0";"0";"Sólido";"0"
"14";"Productos fertilizantes: abonos inorgánicos";"1342";"Complejo";"TERNARIO NPK";"NAVARGRAN";"TIMAC AGRO";"NAVARGRAN 8-14-8 (4SAM) de TIMAC AGRO";"8";"0";"0";"7";"1";"14.037";"7";"10";"6.12";"7.952";"8";"6.6";;"NO";"NO";"0";"0";"21";"0";"0";"0";"0";"0";"0";"0";"0";"0";"0";"0";"0";"Sólido";"0"
"14";"Productos fertilizantes: abonos inorgánicos";"1343";"Complejo";"BINARIO PK";"NAVARGRAN";"TIMAC AGRO";"NAVARGRAN 0-7-14 (2,5 MgO) de TIMAC AGRO";"0";"0";"0";"0";"0";"7.018";"5";"7";"3.06";"13.916";"0";"11.55";;"NO";"NO";"0";"1";"19";"0";"0";"0";"0";"0";"0";"0";"0";"0";"0";"0";"0";"Sólido";"0"
"14";"Productos fertilizantes: abonos inorgánicos";"1344";"Complejo";"TERNARIO NPK";"NAVARGRAN";"TIMAC AGRO";"NAVARGRAN 7-16-12 de TIMAC AGRO";"7";"0";"0";"6";"1";"16.032";"13";"16";"6.99";"11.928";"0";"9.9";;"NO";"NO";"0";"0";"18";"0";"0";"0";"0";"0";"0";"0";"0";"0";"0";"0";"0";"Sólido";"0"
"14";"Productos fertilizantes: abonos inorgánicos";"1345";"Complejo";"TERNARIO NPK";"NAVARGRAN";"TIMAC AGRO";"NAVARGRAN 5-7-16 SO3 de TIMAC AGRO";"5";"0";"0";"3";"2";"7.018";"5";"7";"3.06";"15.904";"16";"13.2";;"NO";"NO";"0";"0";"20";"0";"0";"0";"0";"0";"0";"0";"0";"0";"0";"0";"0";"Sólido";"0"
"14";"Productos fertilizantes: abonos inorgánicos";"1346";"Complejo";"TERNARIO NPK";"NAVARGRAN";"TIMAC AGRO";"NAVARGRAN 12-7-16 (2MgO) de TIMAC AGRO";"12";"0";"0";"9";"3";"7.018";"5";"7";"3.06";"15.904";"16";"13.2";;"NO";"NO";"0";"2";"24";"0";"0";"0";"0";"0";"0";"0";"0";"0";"0";"0";"0";"Sólido";"0"
"14";"Productos fertilizantes: abonos inorgánicos";"1347";"Complejo";"TERNARIO NPK";"NAVARGRAN";"TIMAC AGRO";"NAVARGRAN 15-5-7 de TIMAC AGRO";"15";"0";"0";"7";"8";"5.023";"3";"5";"2.19";"6.964";"7";"5.78";;"NO";"NO";"5";"0";"25";"0";"0";"0";"0";"0";"0";"0";"0";"0";"0";"0";"0";"Sólido";"0"
"14";"Productos fertilizantes: abonos inorgánicos";"1348";"Complejo";"TERNARIO NPK";"NAVARGRAN";"TIMAC AGRO";"NAVARGRAN 7-7-12 de TIMAC AGRO";"7";"0";"0";"5";"2";"7.018";"5";"7";"3.06";"11.928";"12";"9.9";;"NO";"NO";"15";"0";"25";"0";"0";"0";"0";"0";"0";"0";"0";"0";"0";"0";"0";"Sólido";"0"
"14";"Productos fertilizantes: abonos inorgánicos";"1349";"Complejo";"TERNARIO NPK";"NAVARGRAN";"TIMAC AGRO";"NAVARGRAN 14-7-5 de TIMAC AGRO";"14";"0";"0";"10";"4";"7.018";"5";"7";"3.06";"4.976";"5";"4.13";;"NO";"NO";"0";"0";"25";"0";"0";"0";"0";"0";"0";"0";"0";"0";"0";"0";"0";"Sólido";"0"
"14";"Productos fertilizantes: abonos inorgánicos";"1350";"Complejo";"TERNARIO NPK";"NAVARGRAN";"TIMAC AGRO";"NAVARGRAN 12-7-7 de TIMAC AGRO";"12";"0";"0";"7";"5";"7.018";"5";"7";"3.06";"6.964";"7";"5.78";;"NO";"NO";"9";"0";"26";"0";"0";"0";"0";"0";"0";"0";"0";"0";"0";"0";"0";"Sólido";"0"
"14";"Productos fertilizantes: abonos inorgánicos";"1351";"Complejo";"TERNARIO NPK";"NAVARGRAN";"TIMAC AGRO";"NAVARGRAN 9-12-24 de TIMAC AGRO";"9";"0";"0";"7";"2";"12.018";"7";"12";"5.24";"23.855";"24";"19.8";;"NO";"NO";"0";"0";"15";"0";"0";"0";"0";"0";"0";"0";"0";"0";"0";"0";"0";"Sólido";"0"
"14";"Productos fertilizantes: abonos inorgánicos";"1352";"Complejo";"TERNARIO NPK";"NAVARGRAN";"TIMAC AGRO";"NAVARGRAN 5-7-12 de TIMAC AGRO";"5";"0";"0";"3";"2";"7.018";"5";"7";"3.06";"11.928";"12";"9.9";;"NO";"NO";"18";"0";"23";"0";"0";"0";"0";"0";"0";"0";"0";"0";"0";"0";"0";"Sólido";"8.7"
"14";"Productos fertilizantes: abonos inorgánicos";"1353";"Complejo";"TERNARIO NPK";"NAVARGRAN";"TIMAC AGRO";"NAVARGRAN 12-7-18 2MgO de TIMAC AGRO";"12";"0";"0";"5";"7";"7.018";"5";"7";"3.06";"17.892";"18";"14.85";;"NO";"NO";"0";"1";"16";"0";"0";"0";"0";"0";"0";"0";"0";"0";"0";"0";"0";"Sólido";"8.7"
"14";"Productos fertilizantes: abonos inorgánicos";"1354";"Complejo";"TERNARIO NPK";"NAVARGRAN";"TIMAC AGRO";"NAVARGRAN 13-10-20 de TIMAC AGRO";"13";"0";"0";"5";"8";"10.023";"7";"10";"4.37";"19.88";"20";"16.5";;"NO";"NO";"0";"0";"10";"0";"0";"0";"0";"0";"0";"0";"0";"0";"0";"0";"0";"Sólido";"8.7"
"14";"Productos fertilizantes: abonos inorgánicos";"1355";"Complejo";"TERNARIO NPK";"NAVARGRAN";"TIMAC AGRO";"NAVARGRAN 10-11-18 de TIMAC AGRO";"10";"0";"0";"7";"3";"11.032";"9";"11";"4.81";"17.892";"18";"14.85";;"NO";"NO";"0";"0";"19";"0";"0";"0";"0";"0";"0";"0";"0";"0";"0";"0";"0";"Sólido";"8.7"
"14";"Productos fertilizantes: abonos inorgánicos";"1356";"Complejo";"TERNARIO NPK";"D-CODER TOP";"TIMAC AGRO";"D-CODER TOP 2 14-8-6 (2-22)+0,5 Zn de TIMAC AGRO";"14";"0";"0";"10";"4";"8.028";"5";"8";"3.5";"5.964";"6";"4.95";;"NO";"NO";"0";"2";"22";"0";"0";"0";"0";"0";"0";"0";"0";"0";"0";"0";"0";"Sólido";"0"
"14";"Productos fertilizantes: abonos inorgánicos";"1357";"Complejo";"TERNARIO NPK";"D-CODER TOP";"TIMAC AGRO";"D-CODER TOP 8  7-10-20 (2-2-10) de TIMAC AGRO";"7";"0";"0";"3";"4";"10.023";"0";"0";"4.37";"19.88";"0";"16.5";;"NO";"NO";"8";"2";"20";"0";"0";"0";"0";"0";"0";"0";"0";"0";"0";"0";"0";"Sólido";"0"
"14";"Productos fertilizantes: abonos inorgánicos";"1358";"Complejo";"TERNARIO NPK";"D-CODER TOP";"TIMAC AGRO";"D-CODER TOP 18 13-8-13 (2-16) de TIMAC AGRO";"13";"0";"0";"6";"7";"8.028";"5";"8";"3.5";"12.928";"13";"10.73";;"NO";"NO";"0";"2";"15";"0";"0";"0";"0";"0";"0";"0";"0";"0";"0";"0";"0";"Sólido";"0"
"14";"Productos fertilizantes: abonos inorgánicos";"1359";"Complejo";"TERNARIO NPK";"D-CODER TOP";"TIMAC AGRO";"D-CODER TOP 14 7-6-16 (4-2-30) de TIMAC AGRO";"6";"0";"0";"5";"1";"20.046";"0";"0";"8.74";"13.916";"0";"11.55";;"NO";"NO";"10";"2";"22";"0";"0";"0";"0";"0";"0";"0";"0";"0";"0";"0";"0";"Sólido";"0"
"14";"Productos fertilizantes: abonos inorgánicos";"1360";"Complejo";"TERNARIO NPK";"RHIZOVIT EXCELIS";"TIMAC AGRO";"EXCELIS SUPERVA de TIMAC AGRO";"5";"0";"0";"0";"5";"7.018";"7";"0";"3.06";"9.94";"10";"8.25";;"NO";"NO";"0";"0";"0";"0";"0";"0";"0";"0.1";"0";"0";"0";"0";"0";"0";"0.1";"Líquido";"0"
"14";"Productos fertilizantes: abonos inorgánicos";"1361";"Complejo";"TERNARIO NPK";"RHIZOVIT EXCELIS";"TIMAC AGRO";"EXCELIS MAGNIFICA de TIMAC AGRO";"7";"0";"1.7";"1.8";"3.5";"4.014";"4";"0";"1.75";"9.94";"10";"8.25";;"NO";"NO";"0";"0";"0";"0";"0";"0";"0";"0.1";"0";"0";"0";"0";"0.1";"0";"0";"Líquido";"0"
"14";"Productos fertilizantes: abonos inorgánicos";"1362";"Simple";"NITROGENADO";"RHIZOVIT EXCELIS";"TIMAC AGRO";"EXCELIS ALLEGRA de TIMAC AGRO";"22";"0";"6";"5.3";"10.7";"0";"0";"0";"0";"0";"0";"0";;"NO";"NO";"0";"1";"0";"0";"0";"0";"0";"0";"0";"0";"0";"0";"0";"0";"0";"Líquido";"0"
"14";"Productos fertilizantes: abonos inorgánicos";"1363";"Complejo";"TERNARIO NPK";"RHIZOVIT EXCELIS";"TIMAC AGRO";"EXCELIS PRIMADONA de TIMAC AGRO";"11";"0";"2.7";"2.8";"5.5";"4.014";"4";"0";"1.75";"5.964";"6";"4.95";;"NO";"NO";"0";"0";"0";"0";"0";"0";"0";"0.1";"0";"0";"0";"0";"0.1";"0";"0";"Líquido";"0"
"14";"Productos fertilizantes: abonos inorgánicos";"1364";"Complejo";"TERNARIO NPK";"RHIZOVIT EXCELIS";"TIMAC AGRO";"EXCELIS RHIZOVIT AMARA de TIMAC AGRO";"3";"0";"0.7";"0.8";"1.5";"4.014";"4";"0";"1.75";"11.928";"12";"9.9";;"NO";"NO";"0";"0";"0";"0";"0";"0";"0";"0.1";"0";"0";"0";"0";"0.1";"0";"0.1";"Líquido";"0"
"14";"Productos fertilizantes: abonos inorgánicos";"1365";"Complejo";"TERNARIO NPK";"RHIZOVIT EXCELIS";"TIMAC AGRO";"EXCELIS SELECTA de TIMAC AGRO";"9";"0";"4.5";"4.5";"0";"3.005";"3";"0";"1.31";"5.964";"6";"4.95";;"NO";"NO";"0";"0";"0";"0";"0";"0";"0";"0.1";"0";"0";"0";"0";"0.1";"0";"0";"Líquido";"0"
"14";"Productos fertilizantes: abonos inorgánicos";"1366";"Complejo";"TERNARIO NPK";"D-CODER TOP";"TIMAC AGRO";"D-CODER TOP 17 (7-5-13) disgregable de TIMAC AGRO";"7";"0";"0";"3";"4";"5.023";"3";"5";"2.19";"12.928";"13";"10.73";;"NO";"NO";"4";"2";"18";"0";"0";"0";"0";"0";"0";"0";"0";"0";"0";"0";"0";"Sólido";"0"
"14";"Productos fertilizantes: abonos inorgánicos";"1367";"Complejo";"TERNARIO NPK";"D-CODER TOP";"TIMAC AGRO";"D-CODER 19 10-5-5 de TIMAC AGRO";"10";"0";"0";"8";"2";"5.023";"3";"5";"2.19";"4.976";"5";"4.13";;"NO";"NO";"8";"2";"30";"0";"0";"0";"0";"0";"0";"0";"0";"0";"0";"0";"0";"Sólido";"0"
"14";"Productos fertilizantes: abonos inorgánicos";"1368";"Complejo";"TERNARIO NPK";"D-CODER TOP";"TIMAC AGRO";"D-CODER TOP 14 7-6-16 (4-2-30) SOP de TIMAC AGRO";"7";"0";"0";"7";"0";"6.009";"4";"6";"2.62";"15.904";"16";"13.2";;"NO";"NO";"4";"2";"30";"0";"0";"0";"0";"0";"0";"0";"0";"0";"0";"0";"0";"Sólido";"0"
"14";"Productos fertilizantes: abonos inorgánicos";"1369";"Complejo";"TERNARIO NPK";"D-CODER TOP";"TIMAC AGRO";"D-CODER TOP 20  10-5-15 (4-2-42) de TIMAC AGRO";"10";"0";"0";"10";"0";"5.023";"4";"5";"2.19";"14.916";"15";"12.38";;"NO";"NO";"4";"2";"42";"0";"0";"0";"0";"0";"0";"0";"0";"0";"0";"0";"0";"Sólido";"0"
"14";"Productos fertilizantes: abonos inorgánicos";"1370";"Complejo";"TERNARIO NPK";"D-CODER TOP";"TIMAC AGRO";"D-CODER TOP 13  18-5-5- (4-2-20) de TIMAC AGRO";"18";"0";"0";"8";"10";"5.023";"4";"5";"2.19";"4.976";"5";"4.13";;"NO";"NO";"4";"2";"20";"0";"0";"0";"0";"0";"0";"0";"0";"0";"0";"0";"0";"Sólido";"0"
"14";"Productos fertilizantes: abonos inorgánicos";"1371";"Complejo";"BINARIO NP";"D-CODER TOP";"TIMAC AGRO";"D-CODER TOP 21 6-12-0 (14-2-23) de TIMAC AGRO";"6";"0";"0";"5";"1";"12.018";"8";"12";"5.24";"0";"0";"0";;"NO";"NO";"14";"2";"23";"0";"0";"0";"0";"0";"0";"0";"0";"0";"0";"0";"0";"Sólido";"0"
"14";"Productos fertilizantes: abonos inorgánicos";"1372";"Complejo";"TERNARIO NPK";"NAVARGRAN";"TIMAC AGRO";"NAVARGRAN 5-15-15 de TIMAC AGRO";"5";"0";"0";"3.5";"1.5";"15.046";"8";"15";"6.56";"14.916";"15";"12.38";;"NO";"NO";"0";"0";"18";"0";"0";"0";"0";"0";"0";"0";"0";"0";"0";"0";"0";"Sólido";"0"
"14";"Productos fertilizantes: abonos inorgánicos";"1373";"Complejo";"TERNARIO NPK";"NAVARGRAN";"TIMAC AGRO";"NAVARGRAN 8-20-8 de TIMAC AGRO";"8";"0";"0";"6";"2";"20.046";"14";"20";"8.74";"7.952";"8";"6.6";;"NO";"NO";"0";"0";"17";"0";"0";"0";"0";"0";"0";"0";"0";"0";"0";"0";"0";"Sólido";"0"
"14";"Productos fertilizantes: abonos inorgánicos";"1374";"Simple";"NITROGENADO";"RHIZOVIT EXCELIS";"TIMAC AGRO";"RHIZOVIT ALLEGRA de TIMAC AGRO";"30";"0";"7.5";"7.5";"15";"0";"0";"0";"0";"0";"0";"0";;"NO";"NO";"0";"0";"0";"0";"0";"0";"0";"0";"0";"0";"0";"0";"0";"0";"0";"Líquido";"0"
"14";"Productos fertilizantes: abonos inorgánicos";"1375";"Complejo";"TERNARIO NPK";"RHIZOVIT EXCELIS";"TIMAC AGRO";"RHIZOVIT ELECTRA de TIMAC AGRO";"14";"0";"3.8";"3.4";"6.8";"6.009";"6";"0";"2.62";"5.964";"6";"4.95";;"NO";"NO";"0";"0.5";"0";"0";"0";"0";"0";"0";"0";"0";"0";"0";"0";"0";"0";"Líquido";"0"
"14";"Productos fertilizantes: abonos inorgánicos";"1376";"Complejo";"TERNARIO NPK";"NAVARGRAN";"TIMAC AGRO";"NAVARGRAN 6-20-8 de TIMAC AGRO";"6";"0";"0";"5";"1";"20.046";"16";"20";"8.74";"7.952";"8";"6.6";;"NO";"NO";"0";"0";"15";"0";"0";"0";"0";"0";"0";"0";"0";"0";"0";"0";"0";"Sólido";"0"
"14";"Productos fertilizantes: abonos inorgánicos";"1377";"Complejo";"TERNARIO NPK";"NAVARGRAN";"TIMAC AGRO";"NAVARGRAN 7-20-7 de TIMAC AGRO";"7";"0";"0";"6";"1";"20.046";"14";"20";"8.74";"6.964";"7";"5.78";;"NO";"NO";"6";"0";"14";"0";"0";"0";"0";"0";"0";"0";"0";"0";"0";"0";"0";"Sólido";"0"
"14";"Productos fertilizantes: abonos inorgánicos";"1378";"Simple";"NITROGENADO";"RHIZOVIT EXCELIS";"TIMAC AGRO";"EXCELIS KOZAR de TIMAC AGRO";"8";"0";"7";"1";"0";"0";"0";"0";"0";"0";"0";"0";;"NO";"NO";"14";"0";"0";"0";"0";"0";"0";"0";"0";"0";"0";"0";"0";"0";"0";"Líquido";"0"
"14";"Productos fertilizantes: abonos inorgánicos";"1379";"Complejo";"BINARIO PK";"RHIZOVIT EXCELIS";"TIMAC AGRO";"RHIZOVIT EXCELIS 0-4-12 de TIMAC AGRO";"0";"0";"0";"0";"0";"4.014";"4";"0";"1.75";"11.928";"12";"9.9";;"NO";"NO";"0";"0";"0";"0";"0";"0";"0";"0";"0";"0";"0";"0";"0";"0";"0";"Líquido";"0"
"14";"Productos fertilizantes: abonos inorgánicos";"1380";"Complejo";"TERNARIO NPK";"RHIZOVIT EXCELIS";"TIMAC AGRO";"RHIZOVIT EXCELIS 12-3-6 de TIMAC AGRO";"12";"0";"0";"0";"12";"3.005";"3";"0";"1.31";"5.964";"6";"4.95";;"NO";"NO";"0";"0";"0";"0";"0";"0";"0";"0";"0";"0";"0.1";"0";"0";"0";"0";"Líquido";"0"
"14";"Productos fertilizantes: abonos inorgánicos";"1381";"Complejo";"TERNARIO NPK";"RHIZOVIT EXCELIS";"TIMAC AGRO";"RHIZOVIT EXCELIS 12-3-6 de TIMAC AGRO";"12";"0";"0.6";"0.6";"10.8";"3.005";"3";"0";"1.31";"5.964";"6";"4.95";;"NO";"NO";"0";"0";"0";"0";"0";"0";"0";"0";"0";"0";"0";"0";"0";"0";"0";"Líquido";"0"
"14";"Productos fertilizantes: abonos inorgánicos";"1382";"Complejo";"TERNARIO NPK";"RHIZOVIT EXCELIS";"TIMAC AGRO";"RHIZOVIT EXCELIS 12-4-8 de TIMAC AGRO";"12";"0";"0";"0";"12";"4.014";"4";"0";"1.75";"7.952";"8";"6.6";;"NO";"NO";"0";"0";"0";"0";"0";"0";"0";"0";"0";"0";"0.1";"0";"0";"0";"0";"Líquido";"0"
"14";"Productos fertilizantes: abonos inorgánicos";"1383";"Complejo";"TERNARIO NPK";"RHIZOVIT EXCELIS";"TIMAC AGRO";"RH.EXCEL.SUPERVA 5-7-10-0.1B-0.1Fe de TIMAC AGRO";"5";"0";"0";"0";"5";"7.018";"7";"0";"3.06";"9.94";"10";"8.25";;"NO";"NO";"0";"0";"0";"0";"0";"0";"0";"0";"0";"0";"0.1";"0";"0";"0";"0.1";"Líquido";"0"
"14";"Productos fertilizantes: abonos inorgánicos";"1384";"Complejo";"TERNARIO NPK";"RHIZOVIT EXCELIS";"TIMAC AGRO";"RHIZOVIT EXCELIS 12-6-8 de TIMAC AGRO";"12";"0";"0";"0";"12";"6.009";"6";"0";"2.62";"7.952";"8";"6.6";;"NO";"NO";"0";"0";"0";"0";"0";"0";"0";"0";"0";"0";"0";"0";"0";"0";"0";"Líquido";"0"
"14";"Productos fertilizantes: abonos inorgánicos";"1385";"Complejo";"TERNARIO NPK";"RHIZOVIT EXCELIS";"TIMAC AGRO";"RHIZOVIT EXCELIS 15-4-6 de TIMAC AGRO";"15";"0";"0";"0";"15";"4.014";"4";"0";"1.75";"5.964";"6";"4.95";;"NO";"NO";"0";"0";"0";"0";"0";"0";"0";"0";"0";"0";"0.1";"0";"0";"0";"0";"Líquido";"0"
"14";"Productos fertilizantes: abonos inorgánicos";"1386";"Complejo";"BINARIO NK";"RHIZOVIT EXCELIS";"TIMAC AGRO";"RHIZOVIT EXCELIS 2-0-10 de TIMAC AGRO";"2";"0";"2";"0";"0";"0";"0";"0";"0";"9.94";"0";"8.25";;"NO";"NO";"0";"0";"7.5";"0";"0";"0";"0";"0";"0";"0";"0";"0";"0";"0";"0";"Líquido";"0"
"14";"Productos fertilizantes: abonos inorgánicos";"1387";"Complejo";"OTROS";"FERTIACTYL";"TIMAC AGRO";"FERTIACTYL GREEN EXTREME de TIMAC AGRO";"0";"0";"0";"0";"0";"0";"0";"0";"0";"0";"0";"0";;"NO";"NO";"0";"0";"0";"0";"0";"0";"0";"0";"0";"0";"0";"0";"0";"0";"6";"Líquido";"0"
"14";"Productos fertilizantes: abonos inorgánicos";"1388";"Complejo";"TERNARIO NPK";"NAVARGRAN";"TIMAC AGRO";"NAVARGRAN 6-12-12 de TIMAC AGRO";"6";"0";"0";"4";"2";"12.018";"9";"12";"5.24";"11.928";"12";"9.9";;"NO";"NO";"17";"0";"19";"0";"0";"0";"0";"0";"0";"0";"0";"0";"0";"0";"0";"Sólido";"0"
"14";"Productos fertilizantes: abonos inorgánicos";"1389";"Complejo";"BINARIO NK";"RHIZOVIT EXCELIS";"TIMAC AGRO";"RHIZOVIT EXCELIS 4-0-12 de TIMAC AGRO";"4";"0";"0";"0";"4";"0";"0";"0";"0";"11.928";"12";"9.9";;"NO";"NO";"0";"0";"0";"0";"0";"0";"0";"0";"0";"0";"0";"0";"0";"0";"0";"Líquido";"0"
"14";"Productos fertilizantes: abonos inorgánicos";"1390";"Complejo";"TERNARIO NPK";"RHIZOVIT EXCELIS";"TIMAC AGRO";"RHIZOVIT EXCELIS 5-10-10  de TIMAC AGRO";"5";"0";"0";"2.3";"2.7";"10.023";"10";"0";"4.37";"9.94";"10";"8.25";;"NO";"NO";"0";"0";"0";"0";"0";"0";"0";"0";"0";"0";"0";"0";"0";"0";"0";"Líquido";"0"
"14";"Productos fertilizantes: abonos inorgánicos";"1391";"Complejo";"TERNARIO NPK";"RHIZOVIT EXCELIS";"TIMAC AGRO";"RHIZOVIT EXCELIS 6-3-10 de TIMAC AGRO";"6";"0";"0";"0";"6";"3.005";"3";"0";"1.31";"9.94";"10";"8.25";;"NO";"NO";"0";"0";"0";"0";"0";"0";"0";"0";"0";"0";"0";"0";"0";"0";"0";"Líquido";"0"
"14";"Productos fertilizantes: abonos inorgánicos";"1392";"Complejo";"TERNARIO NPK";"RHIZOVIT EXCELIS";"TIMAC AGRO";"RHIZOVIT EXCELIS 8-4-10 de TIMAC AGRO";"8";"0";"0";"0";"8";"4.014";"4";"0";"1.75";"9.94";"10";"8.25";;"NO";"NO";"0";"0";"0";"0";"0";"0";"0";"0";"0";"0";"0";"0";"0";"0";"0";"Líquido";"0"
"14";"Productos fertilizantes: abonos inorgánicos";"1393";"Complejo";"BINARIO NK";"KRYSOL";"TIMAC AGRO";"KRYSOL II  de TIMAC AGRO";"21";"0";"4.5";"16.5";"0";"0";"0";"0";"0";"4.976";"5";"4.13";;"SI";"NO";"0";"0";"37";"0";"0";"0";"0";"0";"0";"0";"0";"0";"0";"0";"0";"Sólido";"0"
"14";"Productos fertilizantes: abonos inorgánicos";"1394";"Complejo";"BINARIO NK";"KRYSOL";"TIMAC AGRO";"KRYSOL III  de TIMAC AGRO";"3";"0";"3";"0";"0";"0";"0";"0";"0";"49.699";"50";"41.25";;"NO";"NO";"0";"0";"0";"0";"0";"0";"0";"0";"0";"0";"0";"0";"0";"0";"0";"Sólido";"0"
"14";"Productos fertilizantes: abonos inorgánicos";"1395";"Complejo";"TERNARIO NPK";"NAVARGRAN";"TIMAC AGRO";"NAVARGRAN 5-10-20 (14) de TIMAC AGRO";"5";"0";"0";"3";"2";"10.023";"6";"10";"4.37";"19.88";"20";"16.5";;"NO";"NO";"0";"0";"14";"0";"0";"0";"0";"0";"0";"0";"0";"0";"0";"0";"0";"Sólido";"0"
"14";"Productos fertilizantes: abonos inorgánicos";"1396";"Complejo";"TERNARIO NPK";"NAVARGRAN";"TIMAC AGRO";"NAVARGRAN 14-7-10 de TIMAC AGRO";"14";"0";"0";"10";"4";"7.018";"5";"7";"3.06";"9.94";"10";"8.25";;"NO";"NO";"0";"0";"25";"0";"0";"0";"0";"0";"0";"0";"0";"0";"0";"0";"0";"Sólido";"0"
"14";"Productos fertilizantes: abonos inorgánicos";"1397";"Complejo";"TERNARIO NPK";"RHIZOVIT EXCELIS";"TIMAC AGRO";"RHIZOVIT EXCELIS A MAX de TIMAC AGRO";"2";"0";"0.5";"0.5";"1";"1.995";"2";"0";"0.87";"7.952";"8";"6.6";;"NO";"NO";"0";"0";"0";"0";"0";"0";"0";"0";"0";"0";"0";"0";"0";"0";"0";"Líquido";"0"
"14";"Productos fertilizantes: abonos inorgánicos";"1398";"Complejo";"TERNARIO NPK";"RHIZOVIT EXCELIS";"TIMAC AGRO";"RHIZOVIT EXCELIS A MAX de TIMAC AGRO";"2";"0";"0";"0";"2";"1.995";"2";"0";"0.87";"7.952";"8";"6.6";;"NO";"NO";"0";"0";"0";"0";"0";"0";"0";"0";"0";"0";"0";"0";"0";"0";"0";"Líquido";"0"
"14";"Productos fertilizantes: abonos inorgánicos";"1399";"Complejo";"TERNARIO NPK";"RHIZOVIT EXCELIS";"TIMAC AGRO";"RHIZOVIT EXCELIS A MAX de TIMAC AGRO";"2";"0";"1";"1";"0";"1.995";"2";"0";"0.87";"7.952";"8";"6.6";;"NO";"NO";"0";"0";"0";"0";"0";"0";"0";"0";"0";"0";"0";"0";"0";"0";"0";"Líquido";"0"
"14";"Productos fertilizantes: abonos inorgánicos";"1400";"Complejo";"TERNARIO NPK";"RHIZOVIT EXCELIS";"TIMAC AGRO";"RHIZOVIT EXCELIS A MAX de TIMAC AGRO";"2";"0";"0";"0";"2";"1.995";"2";"0";"0.87";"7.952";"8";"6.6";;"NO";"NO";"0";"0";"0";"0";"0";"0";"0";"0";"0";"0";"0";"0";"0";"0";"0";"Líquido";"0"
"14";"Productos fertilizantes: abonos inorgánicos";"1401";"Simple";"NITROGENADO";"RHIZOVIT EXCELIS";"TIMAC AGRO";"RHIZOVIT EXCELIS ALLEGRA 22-0-0 de TIMAC AGRO";"22";"0";"6.1";"5.3";"10.6";"0";"0";"0";"0";"0";"0";"0";;"NO";"NO";"0";"1";"0";"0";"0";"0";"0";"0";"0";"0";"0";"0";"0";"0";"0";"Líquido";"0"
"14";"Productos fertilizantes: abonos inorgánicos";"1402";"Complejo";"TERNARIO NPK";"RHIZOVIT EXCELIS";"TIMAC AGRO";"RHIZOVIT EXCELIS AMARA 3-4-12 de TIMAC AGRO";"3.1";"0";"0.8";"0.8";"1.5";"4.014";"4";"0";"1.75";"11.928";"12";"9.9";;"NO";"NO";"0";"0";"0";"0";"0";"0";"0";"0";"0";"0";"0";"0";"0";"0";"0";"Líquido";"0"
"14";"Productos fertilizantes: abonos inorgánicos";"1403";"Complejo";"TERNARIO NPK";"RHIZOVIT EXCELIS";"TIMAC AGRO";"RHIZOVIT EXCELIS AMARA NEUTRO de TIMAC AGRO";"3";"0";"0";"1.4";"1.6";"4.014";"4";"0";"1.75";"11.928";"12";"9.9";;"NO";"NO";"0";"0";"0";"0";"0";"0";"0";"0";"0";"0";"0";"0";"0";"0";"0";"Líquido";"0"
"14";"Productos fertilizantes: abonos inorgánicos";"1404";"Complejo";"TERNARIO NPK";"RHIZOVIT EXCELIS";"TIMAC AGRO";"RHIZOVIT EXCELIS AMARA SOP de TIMAC AGRO";"2.7";"0";"2.2";"0";"0.5";"4.014";"4";"0";"1.75";"8.952";"9";"7.43";;"NO";"NO";"0";"0";"11";"0";"0";"0";"0";"0";"0";"0";"0";"0";"0";"0";"0";"Líquido";"0"
"14";"Productos fertilizantes: abonos inorgánicos";"1405";"Complejo";"TERNARIO NPK";"RHIZOVIT EXCELIS";"TIMAC AGRO";"RHIZOVIT EXCELIS BROTE N de TIMAC AGRO";"14.7";"0";"0";"0";"14.7";"3.005";"3";"0";"1.31";"4.976";"5";"4.13";;"NO";"NO";"0";"0";"0";"0";"0";"0";"0";"0";"0";"0";"0";"0";"0";"0";"0";"Líquido";"0"
"14";"Productos fertilizantes: abonos inorgánicos";"1406";"Complejo";"TERNARIO NPK";"RHIZOVIT EXCELIS";"TIMAC AGRO";"RHIZOVIT EXCELIS BROTE N CALIBRE K de TIMAC AGRO";"14.6";"0";"0";"0";"14.6";"3.005";"3";"0";"1.31";"4.976";"5";"4.13";;"NO";"NO";"0";"0";"0";"0";"0";"0";"0";"0";"0";"0";"0";"0";"0";"0";"0";"Líquido";"0"
"14";"Productos fertilizantes: abonos inorgánicos";"1407";"Simple";"NITROGENADO";"NUP";"TIMAC AGRO";"NUP S Delso de TIMAC AGRO";"40";"0";"0";"5.5";"34.5";"0";"0";"0";"0";"0";"0";"0";;"NO";"SI";"0";"0";"15";"0";"0";"0";"0";"0";"0";"0";"0";"0";"0";"0";"0";"Sólido";"0"
"14";"Productos fertilizantes: abonos inorgánicos";"1408";"Simple";"NITROGENADO";"NUP";"TIMAC AGRO";"NUP Delso 33,5 de TIMAC AGRO";"33.5";"0";"0";"10.5";"23";"0";"0";"0";"0";"0";"0";"0";;"NO";"SI";"0";"0";"30";"0";"0";"0";"0";"0";"0";"0";"0";"0";"0";"0";"0";"Sólido";"0"
"14";"Productos fertilizantes: abonos inorgánicos";"1409";"Complejo";"TERNARIO NPK";"NAVARGRAN";"TIMAC AGRO";"NAVARGRAN 12-20-12 de TIMAC AGRO";"12";"0";"0";"9";"3";"20.046";"15";"20";"8.74";"11.928";"12";"9.9";;"NO";"NO";"0";"0";"12";"0";"0";"0";"0";"0";"0";"0";"0";"0";"0";"0";"0";"Sólido";"0"
"14";"Productos fertilizantes: abonos inorgánicos";"1410";"Complejo";"TERNARIO NPK";"NAVARGRAN";"TIMAC AGRO";"NAVARGRAN 5-12-7 (6 S.A.M.) de TIMAC AGRO";"5";"0";"0";"4";"1";"12.018";"3";"6";"5.24";"6.964";"7";"5.78";;"NO";"NO";"0";"0";"10";"0";"0";"0";"0";"0";"0";"0";"0";"0";"0";"0";"0";"Sólido";"0"
"14";"Productos fertilizantes: abonos inorgánicos";"1411";"Simple";"NITROGENADO";"SULFAMMO N PRO";"TIMAC AGRO";"SULFAMMO N PRO 30 MEMBRANA de TIMAC AGRO";"30";"0";"0";"4";"26";"0";"0";"0";"0";"0";"0";"0";;"NO";"NO";"2";"2";"18";"0";"0";"0";"0";"0";"0";"0";"0";"0";"0";"0";"0";"Sólido";"0"
"14";"Productos fertilizantes: abonos inorgánicos";"1412";"Simple";"NITROGENADO";"SULFAMMO N PRO";"TIMAC AGRO";"SULFAMMO N PRO 23 MAGNESIO de TIMAC AGRO";"23";"0";"0";"12";"11";"0";"0";"0";"0";"0";"0";"0";;"NO";"NO";"3";"2";"30";"0";"0";"0";"0";"0";"0";"0";"0";"0";"0";"0";"0";"Sólido";"0"
"14";"Productos fertilizantes: abonos inorgánicos";"1413";"Complejo";"TERNARIO NPK";"KSC";"TIMAC AGRO";"KSC I AMARILLO de TIMAC AGRO";"14";"0";"0";"14";"0";"40.092";"40";"40";"17.48";"4.976";"5";"4.13";;"NO";"NO";"0";"0";"13";"0";"0.05";"0";"0";"0.1";"0";"0";"0.1";"0";"0";"0.01";"0.1";"Sólido";"0"
"14";"Productos fertilizantes: abonos inorgánicos";"1414";"Complejo";"TERNARIO NPK";"KSC";"TIMAC AGRO";"KSC II BLANCO INTERNACIONAL de TIMAC AGRO";"23";"0";"6";"17";"0";"5.023";"5";"5";"2.19";"4.976";"5";"4.13";;"NO";"NO";"0";"0";"29";"0";"0";"0";"0";"0.1";"0";"0";"0";"0";"0.05";"0";"0.1";"Sólido";"0"
"14";"Productos fertilizantes: abonos inorgánicos";"1415";"Complejo";"TERNARIO NPK";"KSC";"TIMAC AGRO";"KSC III ROJO de TIMAC AGRO";"15";"0";"11.7";"3.3";"0";"5.023";"5";"5";"2.19";"34.795";"35";"28.88";;"NO";"NO";"0";"0";"0";"0";"0";"0";"0";"0";"0";"0";"0.1";"0";"0";"0.01";"0.1";"Sólido";"0"
"14";"Productos fertilizantes: abonos inorgánicos";"1416";"Complejo";"TERNARIO NPK";"KSC";"TIMAC AGRO";"KSC V FRESA de TIMAC AGRO";"8";"0";"8";"0";"0";"16.032";"16";"16";"6.99";"41.747";"42";"34.65";;"NO";"NO";"0";"0";"0";"0";"0";"0";"0";"0.1";"0";"0";"0.1";"0";"0.05";"0";"0.1";"Sólido";"0"
"14";"Productos fertilizantes: abonos inorgánicos";"1417";"Complejo";"TERNARIO NPK";"KSC";"TIMAC AGRO";"KSC VI VERDE INTERNACIONAL de TIMAC AGRO";"14";"0";"1";"13";"0";"12.018";"12";"12";"5.24";"13.916";"14";"11.55";;"NO";"NO";"0";"0";"35";"0";"0.1";"0";"0";"0.1";"0";"0";"0.1";"0";"0.1";"0";"0.1";"Sólido";"0"
"14";"Productos fertilizantes: abonos inorgánicos";"1418";"Complejo";"OTROS";"KSC";"TIMAC AGRO";"KSC MIX de TIMAC AGRO";"0";"0";"0";"0";"0";"0";"0";"0";"0";"0";"0";"0";;"NO";"NO";"0";"15";"28";"0";"0.5";"0";"0";"1.5";"0";"0";"0.5";"0";"2";"0.2";"2.5";"Sólido";"0"
"14";"Productos fertilizantes: abonos inorgánicos";"1419";"Complejo";"BINARIO NK";"KSC";"TIMAC AGRO";"KSC VII PERLA 15-0-09+20CaO de TIMAC AGRO";"15";"0";"15";"0";"0";"0";"0";"0";"0";"8.952";"9";"7.43";;"NO";"NO";"20";"0";"0";"0";"0";"0";"0";"0";"0";"0";"0";"0";"0";"0";"0";"Sólido";"0"
"14";"Productos fertilizantes: abonos inorgánicos";"1420";"Complejo";"OTROS";"ADUR";"TIMAC AGRO";"ADUR ESPAÑA de TIMAC AGRO";"0";"0";"0";"0";"0";"0";"0";"0";"0";"0";"0";"0";;"NO";"NO";"15";"0.5";"0";"0";"0";"0";"0";"0";"0";"0";"0";"0";"0";"0";"0";"Líquido";"0"
"14";"Productos fertilizantes: abonos inorgánicos";"1421";"Complejo";"BINARIO PK";"KSC";"TIMAC AGRO";"KSC IV POLKA de TIMAC AGRO";"0";"0";"0";"0";"0";"32.064";"32";"32";"13.98";"39.759";"40";"33";;"NO";"NO";"0";"0";"11";"0";"0";"0";"0";"0";"0";"0";"0.1";"0";"0";"0.1";"0.1";"Sólido";"0"
"14";"Productos fertilizantes: abonos inorgánicos";"1422";"Complejo";"TERNARIO NPK";"NAVARGRAN";"TIMAC AGRO";"NAVARGRAN 7-22-7 de TIMAC AGRO";"7";"0";"0";"6";"1";"22.041";"14";"22";"9.61";"6.964";"7";"5.78";;"NO";"NO";"0";"0";"12";"0";"0";"0";"0";"0";"0";"0";"0";"0";"0";"0";"0";"Sólido";"0"
"14";"Productos fertilizantes: abonos inorgánicos";"1423";"Complejo";"TERNARIO NPK";"NAVARGRAN";"TIMAC AGRO";"NAVARGRAN 20-7-10 de TIMAC AGRO";"20";"0";"0";"6";"14";"7.018";"5";"7";"3.06";"9.94";"10";"8.25";;"NO";"NO";"0";"2";"16";"0";"0";"0";"0";"0";"0";"0";"0";"0";"0";"0";"0";"Sólido";"0"
"14";"Productos fertilizantes: abonos inorgánicos";"1424";"Complejo";"TERNARIO NPK";"SUPRACTYL";"TIMAC AGRO";"SUPRACTYL STARTER de TIMAC AGRO";"13";"0";"0";"0";"13";"5.023";"0";"0";"2.19";"7.952";"0";"6.6";;"NO";"NO";"0";"0";"0";"0";"0";"0";"0";"0";"0";"0";"0";"0";"0";"0";"0";"Líquido";"0"
"14";"Productos fertilizantes: abonos inorgánicos";"1425";"Simple";"POTASICO";"SUPRACTYL";"TIMAC AGRO";"SUPRACTYL LAYA de TIMAC AGRO";"0";"0";"0";"0";"0";"0";"0";"0";"0";"29.819";"0";"24.75";;"NO";"NO";"0";"0";"20";"0";"0";"0";"0";"0";"0";"0";"0";"0";"0";"0";"0";"Líquido";"0"
"14";"Productos fertilizantes: abonos inorgánicos";"1426";"Complejo";"TERNARIO NPK";"SUPRACTYL";"TIMAC AGRO";"SUPRACTYL URSUS de TIMAC AGRO";"5";"0";"0";"0";"5";"5.023";"0";"0";"2.19";"9.94";"0";"8.25";;"NO";"NO";"0";"0";"0";"0";"0";"0";"0";"0";"0";"0";"0";"0";"1.5";"0";"0";"Líquido";"0"
"14";"Productos fertilizantes: abonos inorgánicos";"1427";"Complejo";"OTROS";"SUPRACTYL";"TIMAC AGRO";"SUPRACTYL ORBE de TIMAC AGRO";"0";"0";"0";"0";"0";"0";"0";"0";"0";"0";"0";"0";;"NO";"NO";"0";"0";"0";"0";"0";"0";"0";"0";"0";"0";"9";"0";"0.5";"0.1";"0.2";"Líquido";"0"
"14";"Productos fertilizantes: abonos inorgánicos";"1428";"Complejo";"TERNARIO NPK";"TOP PHOREST";"TIMAC AGRO";"TOP PHOREST de TIMAC AGRO";"11";"0";"0";"9";"2";"24.06";"21";"24";"10.49";"5.964";"6";"4.95";;"NO";"NO";"8";"3";"14";"0";"0";"0";"0";"0";"0";"0";"0.1";"0";"0";"0";"0";"Sólido";"0"
"14";"Productos fertilizantes: abonos inorgánicos";"1429";"Simple";"NITROGENADO";"NUP";"TIMAC AGRO";"Nup 46 de TIMAC AGRO";"46";"0";"0";"0";"46";"0";"0";"0";"0";"0";"0";"0";;"NO";"SI";"0";"0";"0";"0";"0";"0";"0";"0";"0";"0";"0";"0";"0";"0";"0";"Sólido";"0"
"16";"Productos fertilizantes: abonos organominerales";"1430";"Complejo";"BINARIO NP";"CO-ACTYL";"TIMAC AGRO";"COACTYL NP POLVO de TIMAC AGRO";"5";"1";"0";"2.2";"1.8";"7.018";"5";"7";"3.06";"0";"0";"0";;"NO";"NO";"0";"0";"0";"0";"0";"0";"0";"0";"0";"0";"0";"0";"0";"0";"0";"Sólido";"0"
"14";"Productos fertilizantes: abonos inorgánicos";"1431";"Complejo";"BINARIO PK";"DEMETIAS";"TIMAC AGRO";"DEMETIAS V de TIMAC AGRO";"0";"0";"0";"0";"0";"9.014";"0";"0";"3.93";"13.916";"0";"11.55";;"NO";"NO";"0";"0";"11";"0";"0";"0";"0";"0";"0";"0";"0";"0";"0";"0";"0";"Sólido";"0"
"14";"Productos fertilizantes: abonos inorgánicos";"1432";"Complejo";"TERNARIO NPK";"RHIZOVIT EXCELIS";"TIMAC AGRO";"RHIZOVIT EXCELIS CALIBRE K de TIMAC AGRO";"4.7";"0";"0";"0";"4.7";"1.995";"2";"0";"0.87";"11.928";"12";"9.9";;"NO";"NO";"0";"0";"0";"0";"0";"0";"0";"0";"0";"0";"0";"0";"0";"0";"0";"Líquido";"0"
"14";"Productos fertilizantes: abonos inorgánicos";"1433";"Complejo";"TERNARIO NPK";"RHIZOVIT EXCELIS";"TIMAC AGRO";"RHIZOVIT EXCELIS CALIBRE K de TIMAC AGRO";"5";"0";"1.3";"1.2";"2.5";"1.995";"2";"0";"0.87";"11.928";"12";"9.9";;"NO";"NO";"0";"0";"0";"0";"0";"0";"0";"0";"0";"0";"0";"0";"0";"0";"0";"Líquido";"0"
"14";"Productos fertilizantes: abonos inorgánicos";"1434";"Complejo";"TERNARIO NPK";"RHIZOVIT EXCELIS";"TIMAC AGRO";"RHIZOVIT EXCELIS CALIUS 7 de TIMAC AGRO";"3";"0";"2.5";"0";"0.5";"3.005";"3";"0";"1.31";"5.964";"6";"4.95";;"NO";"NO";"5";"0";"0";"0";"0";"0";"0";"0";"0";"0";"0";"0";"0";"0";"0";"Líquido";"0"
"14";"Productos fertilizantes: abonos inorgánicos";"1435";"Complejo";"TERNARIO NPK";"RHIZOVIT EXCELIS";"TIMAC AGRO";"RHIZOVIT EXCELIS CALIUS 8 de TIMAC AGRO";"10";"0";"4.2";"0";"5.8";"4.014";"4";"0";"1.75";"1.988";"2";"1.65";;"NO";"NO";"8";"0";"0";"0";"0";"0";"0";"0";"0";"0";"0";"0";"0";"0";"0";"Líquido";"0"
"14";"Productos fertilizantes: abonos inorgánicos";"1436";"Complejo";"TERNARIO NPK";"RHIZOVIT EXCELIS";"TIMAC AGRO";"RHIZOVIT EXCELIS CALIUS III de TIMAC AGRO";"6";"0";"0.5";"0";"5.5";"1.995";"2";"0";"0.87";"10.94";"11";"9.08";;"NO";"NO";"1";"0";"0";"0";"0";"0";"0";"0";"0";"0";"0";"0";"0";"0";"0";"Líquido";"0"
"14";"Productos fertilizantes: abonos inorgánicos";"1437";"Complejo";"TERNARIO NPK";"RHIZOVIT EXCELIS";"TIMAC AGRO";"RHIZOVIT EXCELIS CALIUS IV de TIMAC AGRO";"2";"0";"0.5";"0";"1.5";"1.995";"2";"0";"0.87";"11.928";"12";"9.9";;"NO";"NO";"1";"0";"0";"0";"0";"0";"0";"0";"0";"0";"0";"0";"0";"0";"0";"Líquido";"0"
"14";"Productos fertilizantes: abonos inorgánicos";"1438";"Complejo";"TERNARIO NPK";"RHIZOVIT EXCELIS";"TIMAC AGRO";"RHIZOVIT EXCELIS CALIUS V de TIMAC AGRO";"3";"0";"0.5";"0";"2.5";"4.014";"4";"0";"1.75";"10.94";"11";"9.08";;"NO";"NO";"1";"0";"0";"0";"0";"0";"0";"0";"0";"0";"0";"0";"0";"0";"0";"Líquido";"0"
"14";"Productos fertilizantes: abonos inorgánicos";"1439";"Complejo";"BINARIO NK";"RHIZOVIT EXCELIS";"TIMAC AGRO";"RHIZOVIT EXCELIS CASTILL (4,5-0-5) de TIMAC AGRO";"4.5";"0";"4.5";"0";"0";"0";"0";"0";"0";"4.976";"5";"4.13";;"NO";"NO";"6";"0";"0";"0";"0";"0";"0";"0";"0";"0";"0";"0";"0";"0";"0";"Líquido";"0"
"14";"Productos fertilizantes: abonos inorgánicos";"1440";"Complejo";"TERNARIO NPK";"RHIZOVIT EXCELIS";"TIMAC AGRO";"RHIZOVIT EXCELIS CEREAL de TIMAC AGRO";"5";"0";"0";"1.7";"3.3";"15.046";"15";"0";"6.56";"4.976";"5";"4.13";;"NO";"NO";"0";"0";"5";"0";"0";"0";"0";"0";"0";"0";"0";"0";"0";"0";"0";"Líquido";"0"
"14";"Productos fertilizantes: abonos inorgánicos";"1441";"Complejo";"TERNARIO NPK";"RHIZOVIT EXCELIS";"TIMAC AGRO";"RHIZOVIT EXCELIS CERES  de TIMAC AGRO";"7";"0";"0";"3.3";"3.7";"10.023";"10";"0";"4.37";"5.964";"6";"4.95";;"NO";"NO";"0";"0";"0";"0";"0";"0";"0";"0";"0";"0";"0";"0";"0";"0";"0";"Líquido";"0"
"14";"Productos fertilizantes: abonos inorgánicos";"1442";"Complejo";"BINARIO NK";"RHIZOVIT EXCELIS";"TIMAC AGRO";"RHIZOVIT EXCELIS EBRO de TIMAC AGRO";"2";"0";"0";"0";"2";"0";"0";"0";"0";"10.94";"11";"9.08";;"NO";"NO";"0";"0";"0";"0";"0";"0";"0";"0";"0";"0";"0";"0";"0";"0";"0";"Líquido";"0"
"14";"Productos fertilizantes: abonos inorgánicos";"1443";"Simple";"NITROGENADO";"RHIZOVIT EXCELIS";"TIMAC AGRO";"RHIZOVIT EXCELIS ELECTRA 2 22-0-0 de TIMAC AGRO";"22";"0";"5.5";"5.5";"11";"0";"0";"0";"0";"0";"0";"0";;"NO";"NO";"0";"0";"0";"0";"0";"0";"0";"0";"0";"0";"0";"0";"0";"0";"0";"Líquido";"0"
"14";"Productos fertilizantes: abonos inorgánicos";"1444";"Simple";"NITROGENADO";"RHIZOVIT EXCELIS";"TIMAC AGRO";"RHIZOVIT EXCELIS ELECTRA 30-0-0 de TIMAC AGRO";"30";"0";"7.5";"7.5";"15";"0";"0";"0";"0";"0";"0";"0";;"NO";"NO";"0";"0";"0";"0";"0";"0";"0";"0";"0";"0";"0";"0";"0";"0";"0";"Líquido";"0"
"14";"Productos fertilizantes: abonos inorgánicos";"1445";"Complejo";"BINARIO NK";"RHIZOVIT EXCELIS";"TIMAC AGRO";"RHIZOVIT EXCELIS FINAL de TIMAC AGRO";"2";"0";"0";"0";"2";"0";"0";"0";"0";"11.928";"12";"9.9";;"NO";"NO";"0";"0";"0";"0";"0";"0";"0";"0";"0";"0";"0";"0";"0";"0";"0";"Líquido";"0"
"14";"Productos fertilizantes: abonos inorgánicos";"1446";"Simple";"NITROGENADO";"NUP";"TIMAC AGRO";"Nup 40% S de TIMAC AGRO";"40";"0";"0";"5.5";"34.5";"0";"0";"0";"0";"0";"0";"0";;"NO";"NO";"0";"0";"15";"0";"0";"0";"0";"0";"0";"0";"0";"0";"0";"0";"0";"Sólido";"0"
"14";"Productos fertilizantes: abonos inorgánicos";"1447";"Complejo";"TERNARIO NPK";"NAVARGRAN";"TIMAC AGRO";"NAVARGRAN 13-9-16 de TIMAC AGRO";"13";"0";"0";"8";"5";"9.014";"6";"9";"3.93";"15.904";"16";"13.2";;"NO";"NO";"0";"2";"18";"0";"0";"0";"0";"0";"0";"0";"0";"0";"0";"0";"0";"Sólido";"0"
"14";"Productos fertilizantes: abonos inorgánicos";"1448";"Complejo";"TERNARIO NPK";"NAVARGRAN";"TIMAC AGRO";"NAVARGRAN 7-16-10 CON MAGNESIO de TIMAC AGRO";"7";"0";"0";"6";"1";"16.032";"11";"16";"6.99";"9.94";"10";"8.25";;"NO";"NO";"0";"2";"16";"0";"0";"0";"0";"0";"0";"0";"0";"0";"0";"0";"0";"Sólido";"0"
"14";"Productos fertilizantes: abonos inorgánicos";"1449";"Complejo";"BINARIO PK";"RHIZOVIT EXCELIS";"TIMAC AGRO";"RHIZOVIT EXCELIS FLORA 0-12-8 de TIMAC AGRO";"0";"0";"0";"0";"0";"12.018";"12";"0";"5.24";"7.952";"8";"6.6";;"NO";"NO";"0";"0";"0";"0";"0";"0";"0";"0";"0";"0";"0";"0";"0";"0";"0";"Líquido";"0"
"14";"Productos fertilizantes: abonos inorgánicos";"1450";"Complejo";"TERNARIO NPK";"RHIZOVIT EXCELIS";"TIMAC AGRO";"RHIZOVIT EXCELIS FORTE de TIMAC AGRO";"18";"0";"0";"2";"16";"6.009";"6";"0";"2.62";"5.964";"6";"4.95";;"NO";"NO";"0";"0";"0";"0";"0";"0";"0";"0";"0";"0";"0";"0";"0";"0";"0";"Líquido";"0"
"14";"Productos fertilizantes: abonos inorgánicos";"1451";"Complejo";"BINARIO NK";"RHIZOVIT EXCELIS";"TIMAC AGRO";"RHIZOVIT EXCELIS FUERZA 10-0-7+13,5CaO de TIMAC AGRO";"10";"0";"8.4";"1.6";"0";"0";"0";"0";"0";"6.964";"7";"5.78";;"NO";"NO";"13.5";"0";"0";"0";"0";"0";"0";"0";"0";"0";"0";"0";"0";"0";"0";"Líquido";"0"
"14";"Productos fertilizantes: abonos inorgánicos";"1452";"Simple";"NITROGENADO";"RHIZOVIT EXCELIS";"TIMAC AGRO";"RHIZOVIT EXCELIS GALAXI de TIMAC AGRO";"8";"0";"8";"0";"0";"0";"0";"0";"0";"0";"0";"0";;"NO";"NO";"16";"0";"0";"0";"0";"0";"0";"0";"0";"0";"0";"0";"0";"0";"0";"Líquido";"0"
"14";"Productos fertilizantes: abonos inorgánicos";"1453";"Complejo";"BINARIO NP";"RHIZOVIT EXCELIS";"TIMAC AGRO";"RHIZOVIT EXCELIS HELIUS de TIMAC AGRO";"3";"0";"1.5";"1.5";"0";"15.046";"15";"0";"6.56";"0";"0";"0";;"NO";"NO";"0";"0";"0";"0";"0";"0";"0";"0";"0";"0";"0";"0";"0";"0";"0";"Líquido";"0"
"14";"Productos fertilizantes: abonos inorgánicos";"1454";"Complejo";"BINARIO NP";"RHIZOVIT EXCELIS";"TIMAC AGRO";"RHIZOVIT EXCELIS HELIUS de TIMAC AGRO";"3";"0";"0";"0";"3";"15.046";"15";"0";"6.56";"0";"0";"0";;"NO";"NO";"0";"0";"0";"0";"0";"0";"0";"0";"0";"0";"0";"0";"0";"0";"0";"Líquido";"0"
"14";"Productos fertilizantes: abonos inorgánicos";"1455";"Complejo";"BINARIO NP";"RHIZOVIT EXCELIS";"TIMAC AGRO";"RHIZOVIT EXCELIS HELIUS 3-15-0 de TIMAC AGRO";"3";"0";"1.5";"1.5";"0";"15.046";"15";"0";"6.56";"0";"0";"0";;"NO";"NO";"0";"0";"0";"0";"0";"0";"0";"0";"0";"0";"0";"0";"0";"0";"0";"Líquido";"0"
"14";"Productos fertilizantes: abonos inorgánicos";"1456";"Complejo";"BINARIO NP";"RHIZOVIT EXCELIS";"TIMAC AGRO";"RHIZOVIT EXCELIS HELIUS 3-15-0 de TIMAC AGRO";"3";"0";"0";"0";"3";"15.046";"15";"0";"6.56";"0";"0";"0";;"NO";"NO";"0";"0";"0";"0";"0";"0";"0";"0";"0";"0";"0";"0";"0";"0";"0";"Líquido";"0"
"14";"Productos fertilizantes: abonos inorgánicos";"1457";"Simple";"NITROGENADO";"RHIZOVIT EXCELIS";"TIMAC AGRO";"EXCELIS N PRO de TIMAC AGRO";"10";"0";"0";"10";"0";"0";"0";"0";"0";"0";"0";"0";;"NO";"NO";"0";"0";"44";"0";"0";"0";"0";"0";"0";"0";"0";"0";"0";"0.03";"0";"Líquido";"0"
"14";"Productos fertilizantes: abonos inorgánicos";"1458";"Complejo";"BINARIO NK";"RHIZOVIT EXCELIS";"TIMAC AGRO";"RHIZOVIT EXCELIS IRIS de TIMAC AGRO";"5";"0";"2";"1";"2";"0";"0";"0";"0";"6.964";"7";"5.78";;"NO";"NO";"0";"0";"9";"0";"0";"0";"0";"0.3";"0";"0";"0.15";"0";"0";"0";"0";"Líquido";"0"
"14";"Productos fertilizantes: abonos inorgánicos";"1459";"Simple";"NITROGENADO";"RHIZOVIT EXCELIS";"TIMAC AGRO";"RHIZOVIT EXCELIS KOZAR 8-0-0 14 CaO de TIMAC AGRO";"8";"0";"7";"1";"0";"0";"0";"0";"0";"0";"0";"0";;"NO";"NO";"14";"0";"0";"0";"0";"0";"0";"0";"0";"0";"0";"0";"0";"0";"0";"Líquido";"0"
"14";"Productos fertilizantes: abonos inorgánicos";"1460";"Simple";"NITROGENADO";"RHIZOVIT EXCELIS";"TIMAC AGRO";"EXCELIS Ca N PRO de TIMAC AGRO";"9";"0";"9";"0";"0";"0";"0";"0";"0";"0";"0";"0";;"NO";"NO";"18";"0";"0";"0";"0";"0";"0";"0";"0";"0";"0";"0";"0";"0";"0";"Líquido";"0"
"14";"Productos fertilizantes: abonos inorgánicos";"1461";"Simple";"NITROGENADO";"RHIZOVIT EXCELIS";"TIMAC AGRO";"RHIZOVIT EXCELIS L de TIMAC AGRO";"7";"0";"7";"0";"0";"0";"0";"0";"0";"0";"0";"0";;"NO";"NO";"13";"0";"0";"0";"0";"0";"0";"0";"0";"0";"0";"0";"0";"0";"0";"Líquido";"0"
"14";"Productos fertilizantes: abonos inorgánicos";"1462";"Simple";"POTASICO";"RHIZOVIT EXCELIS";"TIMAC AGRO";"RHIZOVIT EXCELIS LASTER de TIMAC AGRO";"0";"0";"0";"0";"0";"0";"0";"0";"0";"7.952";"8";"6.6";;"NO";"NO";"0";"0";"0";"0";"0";"0";"0";"0";"0";"0";"0";"0";"0";"0";"0";"Líquido";"0"
"14";"Productos fertilizantes: abonos inorgánicos";"1463";"Simple";"POTASICO";"RHIZOVIT EXCELIS";"TIMAC AGRO";"RHIZOVIT EXCELIS LASTER 0-0-12 de TIMAC AGRO";"0";"0";"0";"0";"0";"0";"0";"0";"0";"11.928";"12";"9.9";;"NO";"NO";"0";"0";"0";"0";"0";"0";"0";"0";"0";"0";"0";"0";"0";"0";"0";"Líquido";"0"
"14";"Productos fertilizantes: abonos inorgánicos";"1464";"Simple";"POTASICO";"RHIZOVIT EXCELIS";"TIMAC AGRO";"RHIZOVIT EXCELIS LASTER 0-0-8 de TIMAC AGRO";"0";"0";"0";"0";"0";"0";"0";"0";"0";"7.952";"8";"6.6";;"NO";"NO";"0";"0";"0";"0";"0";"0";"0";"0";"0";"0";"0";"0";"0";"0";"0";"Líquido";"0"
"14";"Productos fertilizantes: abonos inorgánicos";"1465";"Simple";"POTASICO";"RHIZOVIT EXCELIS";"TIMAC AGRO";"RHIZOVIT EXCELIS LASTER K PLUS de TIMAC AGRO";"0";"0";"0";"0";"0";"0";"0";"0";"0";"5.964";"6";"4.95";;"NO";"NO";"0";"0";"5.2";"0";"0";"0";"0";"0";"0";"0";"0";"0";"0";"0";"0";"Líquido";"0"
"14";"Productos fertilizantes: abonos inorgánicos";"1468";"Complejo";"BINARIO NK";"RHIZOVIT EXCELIS";"TIMAC AGRO";"RHIZOVIT EXCELIS LLANO de TIMAC AGRO";"5";"0";"2";"1";"2";"0";"0";"0";"0";"8.952";"9";"7.43";;"NO";"NO";"2";"0";"0";"0";"0";"0";"0";"0";"0";"0";"0";"0";"0";"0";"0";"Líquido";"0"
"14";"Productos fertilizantes: abonos inorgánicos";"1469";"Complejo";"TERNARIO NPK";"RHIZOVIT EXCELIS";"TIMAC AGRO";"RHIZOVIT EXCELIS M MAX de TIMAC AGRO";"3";"0";"0";"0";"3";"1.009";"1";"0";"0.44";"4.976";"5";"4.13";;"NO";"NO";"0";"0";"0";"0";"0";"0";"0";"0";"0";"0";"0";"0";"0";"0";"0";"Líquido";"0"
"14";"Productos fertilizantes: abonos inorgánicos";"1470";"Complejo";"TERNARIO NPK";"RHIZOVIT EXCELIS";"TIMAC AGRO";"RHIZOVIT EXCELIS M MAX de TIMAC AGRO";"3";"0";"0.7";"0.8";"1.5";"1.009";"1";"0";"0.44";"4.976";"5";"4.13";;"NO";"NO";"0";"0";"0";"0";"0";"0";"0";"0";"0";"0";"0";"0";"0";"0";"0";"Líquido";"0"
"14";"Productos fertilizantes: abonos inorgánicos";"1471";"Complejo";"TERNARIO NPK";"RHIZOVIT EXCELIS";"TIMAC AGRO";"RHIZOVIT EXCELIS M MAX de TIMAC AGRO";"3";"0";"1.5";"1.5";"0";"1.009";"1";"0";"0.44";"4.976";"5";"4.13";;"NO";"NO";"0";"0";"0";"0";"0";"0";"0";"0";"0";"0";"0";"0";"0";"0";"0";"Líquido";"0"
"14";"Productos fertilizantes: abonos inorgánicos";"1472";"Simple";"POTASICO";"RHIZOVIT EXCELIS";"TIMAC AGRO";"RHIZOVIT EXCELIS MAGMA de TIMAC AGRO";"0";"0";"0";"0";"0";"0";"0";"0";"0";"9.94";"10";"8.25";;"NO";"NO";"0";"0";"0";"0";"0";"0";"0";"0.8";"0";"0";"0";"0";"0";"0";"0";"Líquido";"0"
"14";"Productos fertilizantes: abonos inorgánicos";"1473";"Simple";"POTASICO";"FERTEOS";"TIMAC AGRO";"FERTEOS LQ III A de TIMAC AGRO";"0";"0";"0";"0";"0";"0";"0";"0";"0";"5.964";"0";"4.95";;"NO";"NO";"0";"0";"5.2";"0";"0";"0";"0";"0";"0";"0";"0";"0";"0";"0";"0";"Líquido";"0"
"14";"Productos fertilizantes: abonos inorgánicos";"1474";"Complejo";"OTROS";"NAVARGRAN";"TIMAC AGRO";"LITHOTHAMNE 400 GRANULADO L. de TIMAC AGRO";"0";"0";"0";"0";"0";"0";"0";"0";"0";"0";"0";"0";;"NO";"NO";"36";"2.5";"0";"0";"0";"0";"0";"0";"0";"0";"0";"0";"0";"0";"0";"Sólido";"0"
"14";"Productos fertilizantes: abonos inorgánicos";"1475";"Complejo";"TERNARIO NPK";"CORONA";"TIMAC AGRO";"CORONA N de TIMAC AGRO";"21";"0";"8";"13";"0";"7.018";"7";"7";"3.06";"6.964";"7";"5.78";;"NO";"NO";"0";"2";"18";"0";"0.1";"0";"0";"0.1";"0";"0";"0.1";"0";"0.1";"0.01";"0.1";"Sólido";"0"
"14";"Productos fertilizantes: abonos inorgánicos";"1476";"Complejo";"TERNARIO NPK";"CORONA";"TIMAC AGRO";"CORONA K de TIMAC AGRO";"8";"0";"8";"0";"0";"11.032";"11";"11";"4.81";"38.771";"39";"32.18";;"NO";"NO";"0";"0";"0";"0";"0.1";"0";"0";"0.1";"0";"0";"0.1";"0";"0.1";"0";"0.1";"Sólido";"0"
"14";"Productos fertilizantes: abonos inorgánicos";"1477";"Complejo";"OTROS";"CORONA";"TIMAC AGRO";"CORONA B de TIMAC AGRO";"0";"0";"0";"0";"0";"0";"0";"0";"0";"0";"0";"0";;"NO";"NO";"0";"0";"0";"0";"0";"0";"0";"0";"0";"0";"15";"0";"0";"0";"0";"Sólido";"0"
"14";"Productos fertilizantes: abonos inorgánicos";"1478";"Complejo";"BINARIO NP";"CORONA";"TIMAC AGRO";"CORONA MASTER de TIMAC AGRO";"8";"0";"2";"6";"0";"27.064";"27";"0";"11.8";"0";"0";"0";;"NO";"NO";"0";"0";"18";"0";"1";"0";"0";"0";"0";"0";"0.5";"0";"6";"0.1";"0";"Sólido";"0"
"16";"Productos fertilizantes: abonos organominerales";"1479";"Simple";"NITROGENADO";"PERSELYS";"TIMAC AGRO";"PERSELYS I de TIMAC AGRO";"3";"0";"0";"0";"0";"0";"0";"0";"0";"0";"0";"0";;"NO";"NO";"0";"0";"0";"0";"0";"0";"0";"0";"0";"0";"0";"0";"0.5";"0";"0.5";"Líquido";"0"
"16";"Productos fertilizantes: abonos organominerales";"1480";"Simple";"NITROGENADO";"PERSELYS";"TIMAC AGRO";"PERSELYS II de TIMAC AGRO";"3";"3";"0";"0";"0";"0";"0";"0";"0";"0";"0";"0";;"NO";"NO";"0";"0";"0";"0";"0";"0";"0";"0";"0";"0";"7";"0";"0.5";"0";"0.2";"Líquido";"0"
"14";"Productos fertilizantes: abonos inorgánicos";"1481";"Complejo";"TERNARIO NPK";"RHIZOVIT EXCELIS";"TIMAC AGRO";"RHIZOVIT EXCELIS MAGNIFICA de TIMAC AGRO";"6";"0";"0";"0";"6";"3.005";"3";"0";"1.31";"9.94";"10";"8.25";;"NO";"NO";"0";"0";"0";"0";"0";"0";"0";"0";"0";"0";"0";"0";"0";"0";"0";"Sólido";"0"
"14";"Productos fertilizantes: abonos inorgánicos";"1482";"Complejo";"BINARIO NP";"PHYSIOSTART";"TIMAC AGRO";"PHYSIOSTART 8-28-0 de TIMAC AGRO";"8";"0";"0";"8";"0";"28.073";"17";"28";"12.24";"0";"0";"0";;"NO";"NO";"0";"0";"23";"0";"0";"0";"0";"0";"0";"0";"0";"0";"0";"0";"0";"Sólido";"0"
"14";"Productos fertilizantes: abonos inorgánicos";"1483";"Complejo";"BINARIO NP";"MAXISTART";"TIMAC AGRO";"MAXISTART 10-31-0 de TIMAC AGRO";"10";"0";"0";"10";"0";"31.078";"15.5";"31";"13.55";"0";"0";"0";;"NO";"NO";"0";"0";"20";"0";"0";"0";"0";"0";"0";"0";"0";"0";"0";"0";"0";"Sólido";"0"
"14";"Productos fertilizantes: abonos inorgánicos";"1484";"Complejo";"TERNARIO NPK";"RHIZOVIT EXCELIS";"TIMAC AGRO";"RHIZOVIT EXCELIS MAGNIFICA de TIMAC AGRO";"6";"0";"0";"0";"6";"3.005";"3";"0";"1.31";"9.94";"10";"8.25";;"NO";"NO";"0";"0";"0";"0";"0";"0";"0";"0";"0";"0";"0";"0";"0";"0";"0";"Líquido";"0"
"14";"Productos fertilizantes: abonos inorgánicos";"1485";"Complejo";"TERNARIO NPK";"RHIZOVIT EXCELIS";"TIMAC AGRO";"RHIZOVIT EXCELIS MAGNIFICA de TIMAC AGRO";"5.6";"0";"0";"0";"5.6";"3.005";"3";"0";"1.31";"9.94";"10";"8.25";;"NO";"NO";"0";"0";"0";"0";"0";"0";"0";"0";"0";"0";"0";"0";"0";"0";"0";"Líquido";"0"
"14";"Productos fertilizantes: abonos inorgánicos";"1486";"Complejo";"TERNARIO NPK";"RHIZOVIT EXCELIS";"TIMAC AGRO";"RHIZOVIT EXCELIS MAGNIFICA 6-4-10 de TIMAC AGRO";"6";"0";"1.6";"1.8";"2.6";"4.014";"4";"0";"1.75";"9.94";"10";"8.25";;"NO";"NO";"0";"0";"0";"0";"0";"0";"0";"0";"0";"0";"0";"0";"0";"0";"0";"Líquido";"0"
"14";"Productos fertilizantes: abonos inorgánicos";"1487";"Complejo";"TERNARIO NPK";"RHIZOVIT EXCELIS";"TIMAC AGRO";"RHIZOVIT EXCELIS MAGNIFICA NK (5-3-8) de TIMAC AGRO";"5";"0";"3";"2";"0";"3.005";"3";"0";"1.31";"7.952";"8";"6.6";;"NO";"NO";"0";"0";"0";"0";"0";"0";"0";"0";"0";"0";"0";"0";"0";"0";"0";"Líquido";"0"
"14";"Productos fertilizantes: abonos inorgánicos";"1488";"Complejo";"TERNARIO NPK";"RHIZOVIT EXCELIS";"TIMAC AGRO";"RHIZOVIT EXCELIS MAGNÍFICA PK de TIMAC AGRO";"1.8";"0";"1.8";"0";"0";"4.518";"4.5";"0";"1.97";"7.458";"7.5";"6.19";;"NO";"NO";"0";"0";"0";"0";"0";"0";"0";"0";"0";"0";"0";"0";"0";"0";"0";"Líquido";"0"
"14";"Productos fertilizantes: abonos inorgánicos";"1489";"Complejo";"TERNARIO NPK";"RHIZOVIT EXCELIS";"TIMAC AGRO";"RHIZOVIT EXCELIS MAR (1,9-3,2-6) de TIMAC AGRO";"2.5";"0";"1.5";"1";"0";"3.005";"0";"0";"1.31";"5.964";"6";"4.95";;"NO";"NO";"0";"0.5";"0";"0";"0";"0";"0";"0";"0";"0";"0";"0";"0";"0";"0";"Líquido";"0"
"14";"Productos fertilizantes: abonos inorgánicos";"1490";"Complejo";"BINARIO PK";"RHIZOVIT EXCELIS";"TIMAC AGRO";"RHIZOVIT EXCELIS MEDIUM de TIMAC AGRO";"0";"0";"0";"0";"0";"5.023";"5";"0";"2.19";"12.928";"13";"10.73";;"NO";"NO";"0";"0";"0";"0";"0";"0";"0";"0.1";"0";"0";"0";"0";"0.1";"0";"0";"Líquido";"0"
"14";"Productos fertilizantes: abonos inorgánicos";"1491";"Simple";"NITROGENADO";"RHIZOVIT EXCELIS";"TIMAC AGRO";"RH.EXCELIS NITROVIT 22 de TIMAC AGRO";"22";"0";"5.5";"5.5";"11";"0";"0";"0";"0";"0";"0";"0";;"NO";"NO";"0";"0";"0";"0";"0";"0";"0";"0";"0";"0";"0";"0";"0";"0";"0";"Líquido";"0"
"14";"Productos fertilizantes: abonos inorgánicos";"1492";"Simple";"NITROGENADO";"RHIZOVIT EXCELIS";"TIMAC AGRO";"RH. EXCELIS NITROVIT 22 NEUTRO de TIMAC AGRO";"22";"0";"5.5";"5.5";"11";"0";"0";"0";"0";"0";"0";"0";;"NO";"NO";"0";"0";"0";"0";"0";"0";"0";"0";"0";"0";"0";"0";"0";"0";"0";"Líquido";"0"
"14";"Productos fertilizantes: abonos inorgánicos";"1493";"Simple";"NITROGENADO";"RHIZOVIT EXCELIS";"TIMAC AGRO";"RHIZOVIT EXCELIS N de TIMAC AGRO";"27";"0";"6.8";"6.8";"13.4";"0";"0";"0";"0";"0";"0";"0";;"NO";"NO";"0";"0";"0";"0";"0";"0";"0";"0";"0";"0";"0";"0";"0";"0";"0";"Líquido";"0"
"14";"Productos fertilizantes: abonos inorgánicos";"1494";"Simple";"NITROGENADO";"RHIZOVIT EXCELIS";"TIMAC AGRO";"RHIZOVIT EXCELIS N 27-0-0  de TIMAC AGRO";"27";"0";"6.8";"6.8";"13.4";"0";"0";"0";"0";"0";"0";"0";;"NO";"NO";"0";"0";"0";"0";"0";"0";"0";"0";"0";"0";"0";"0";"0";"0";"0";"Líquido";"0"
"14";"Productos fertilizantes: abonos inorgánicos";"1495";"Complejo";"BINARIO PK";"RHIZOVIT EXCELIS";"TIMAC AGRO";"RHIZOVIT EXCELIS NECTAR de TIMAC AGRO";"0";"0";"0";"0";"0";"3.509";"3.5";"0";"1.53";"3.482";"3.5";"2.89";;"NO";"NO";"0";"1.3";"2.6";"0";"0";"0";"0";"0";"0";"0";"0";"0";"0";"0";"0";"Líquido";"0"
"14";"Productos fertilizantes: abonos inorgánicos";"1496";"Simple";"NITROGENADO";"RHIZOVIT EXCELIS";"TIMAC AGRO";"RHIZOVIT EXCELIS NITROVER 21 de TIMAC AGRO";"21";"0";"4";"9";"8";"0";"0";"0";"0";"0";"0";"0";;"NO";"NO";"0";"0";"10";"0";"0";"0";"0";"0";"0";"0";"0";"0";"0";"0";"0";"Líquido";"0"
"14";"Productos fertilizantes: abonos inorgánicos";"1497";"Complejo";"TERNARIO NPK";"RHIZOVIT EXCELIS";"TIMAC AGRO";"RHIZOVIT EXCELIS OPTIMA de TIMAC AGRO";"2";"0";"0";"0";"2";"1.995";"2";"0";"0.87";"11.928";"12";"9.9";;"NO";"NO";"0";"0";"0";"0";"0";"0";"0";"0.1";"0";"0";"0";"0";"0.1";"0";"0";"Líquido";"0"
"14";"Productos fertilizantes: abonos inorgánicos";"1498";"Simple";"NITROGENADO";"SULFACID";"TIMAC AGRO";"SULFACID LCN ESPAÑA de TIMAC AGRO";"15";"0";"0";"0";"15";"0";"0";"0";"0";"0";"0";"0";;"NO";"NO";"0";"0";"41";"0";"0";"0";"0";"0";"0";"0";"0";"0";"0";"0";"0";"Líquido";"0"
"14";"Productos fertilizantes: abonos inorgánicos";"1499";"Complejo";"BINARIO PK";"NAVARGRAN";"TIMAC AGRO";"NAVARGRAN 0-7-14 de TIMAC AGRO";"0";"0";"0";"0";"0";"7.018";"4";"7";"3.06";"13.916";"14";"11.55";;"NO";"NO";"0";"0";"18";"0";"0";"0";"0";"0";"0";"0";"0";"0";"0";"0";"0";"Sólido";"0"
"14";"Productos fertilizantes: abonos inorgánicos";"1500";"Complejo";"BINARIO PK";"NAVARGRAN";"TIMAC AGRO";"NAVARGRAN 0-14-7 de TIMAC AGRO";"0";"0";"0";"0";"0";"14.037";"9";"14";"6.12";"6.964";"7";"5.78";;"NO";"NO";"0";"0";"20";"0";"0";"0";"0";"0";"0";"0";"0";"0";"0";"0";"0";"Sólido";"0"
"14";"Productos fertilizantes: abonos inorgánicos";"1501";"Complejo";"TERNARIO NPK";"KSC SPEED";"TIMAC AGRO";"KSC SPEED II  ES de TIMAC AGRO";"18";"0";"1";"17";"0";"5.023";"5";"0";"2.19";"4.976";"5";"4.13";;"SI";"NO";"0";"0";"48";"0";"0";"0";"0";"0.1";"0";"0";"0";"0";"0.05";"0";"0.1";"Sólido";"0"
"14";"Productos fertilizantes: abonos inorgánicos";"1502";"Complejo";"TERNARIO NPK";"KSC SPEED";"TIMAC AGRO";"KSC SPEED III DCD  de TIMAC AGRO";"13";"0";"5";"8";"0";"5.023";"5";"0";"2.19";"24.855";"25";"20.63";;"SI";"NO";"0";"0";"25";"0";"0";"0";"0";"0";"0";"0";"0.1";"0";"0";"0.01";"0.1";"Sólido";"0"
"14";"Productos fertilizantes: abonos inorgánicos";"1503";"Complejo";"TERNARIO NPK";"RHIZOVIT EXCELIS";"TIMAC AGRO";"RHIZOVIT EXCELIS OPTIMA NEUTRO de TIMAC AGRO";"2";"0";"0";"0";"2";"1.995";"2";"0";"0.87";"11.928";"12";"9.9";;"NO";"NO";"0";"0";"0";"0";"0";"0";"0";"0.1";"0";"0";"0";"0";"0.1";"0";"0";"Líquido";"0"
"14";"Productos fertilizantes: abonos inorgánicos";"1504";"Complejo";"BINARIO PK";"RHIZOVIT EXCELIS";"TIMAC AGRO";"RHIZOVIT EXCELIS OTOM 0-6-12 de TIMAC AGRO";"0";"0";"0";"0";"0";"6.009";"6";"0";"2.62";"11.928";"12";"9.9";;"NO";"NO";"0";"0";"0";"0";"0";"0";"0";"0";"0";"0";"0";"0";"0";"0";"0";"Líquido";"0"
"14";"Productos fertilizantes: abonos inorgánicos";"1505";"Complejo";"TERNARIO NPK";"RHIZOVIT EXCELIS";"TIMAC AGRO";"RHIZOVIT EXCELIS P de TIMAC AGRO";"4";"0";"0";"0";"4";"10.023";"10";"0";"4.37";"4.976";"5";"4.13";;"NO";"NO";"0";"0";"0";"0";"0";"0";"0";"0";"0";"0";"0";"0";"0";"0";"0";"Líquido";"0"
"14";"Productos fertilizantes: abonos inorgánicos";"1506";"Complejo";"BINARIO NP";"RHIZOVIT EXCELIS";"TIMAC AGRO";"RHIZOVIT EXCELIS P de TIMAC AGRO";"5";"0";"2.5";"2.5";"0";"30.069";"30";"0";"13.11";"0";"0";"0";;"NO";"NO";"0";"0";"0";"0";"0";"0";"0";"0";"0";"0";"0";"0";"0";"0";"0";"Líquido";"0"
"14";"Productos fertilizantes: abonos inorgánicos";"1507";"Complejo";"TERNARIO NPK";"NAVARGRAN";"TIMAC AGRO";"NAVARGRAN 6-5-12 de TIMAC AGRO";"6";"0";"0";"5";"1";"5.023";"3";"5";"2.19";"11.928";"12";"9.9";;"NO";"NO";"0";"0";"26";"0";"0";"0";"0";"0";"0";"0";"0";"0";"0";"0";"0";"Sólido";"0"
"14";"Productos fertilizantes: abonos inorgánicos";"1508";"Complejo";"TERNARIO NPK";"RHIZOVIT EXCELIS";"TIMAC AGRO";"RHIZOVIT EXCELIS P MAX de TIMAC AGRO";"7";"0";"1.7";"1.8";"3.5";"1.009";"1";"0";"0.44";"1.988";"2";"1.65";;"NO";"NO";"0";"0";"0";"0";"0";"0";"0";"0";"0";"0";"0";"0";"0";"0";"0";"Líquido";"0"
"14";"Productos fertilizantes: abonos inorgánicos";"1509";"Complejo";"TERNARIO NPK";"RHIZOVIT EXCELIS";"TIMAC AGRO";"RHIZOVIT EXCELIS P MAX de TIMAC AGRO";"7";"0";"0";"0";"7";"1.009";"1";"0";"0.44";"1.988";"2";"1.65";;"NO";"NO";"0";"0";"0";"0";"0";"0";"0";"0";"0";"0";"0";"0";"0";"0";"0";"Líquido";"0"
"14";"Productos fertilizantes: abonos inorgánicos";"1510";"Complejo";"TERNARIO NPK";"RHIZOVIT EXCELIS";"TIMAC AGRO";"RHIZOVIT EXCELIS P MAX de TIMAC AGRO";"7";"0";"3.5";"3.5";"0";"1.009";"1";"0";"0.44";"1.988";"2";"1.65";;"NO";"NO";"0";"0";"0";"0";"0";"0";"0";"0";"0";"0";"0";"0";"0";"0";"0";"Líquido";"8"
"14";"Productos fertilizantes: abonos inorgánicos";"1511";"Complejo";"TERNARIO NPK";"RHIZOVIT EXCELIS";"TIMAC AGRO";"RHIZOVIT EXCELIS PRACTICA de TIMAC AGRO";"6";"0";"0";"0";"6";"1.995";"2";"0";"0.87";"11.928";"12";"9.9";;"NO";"NO";"0";"0";"0";"0";"0";"0";"0";"0.1";"0";"0";"0";"0";"0.1";"0";"0";"Líquido";"0"
"14";"Productos fertilizantes: abonos inorgánicos";"1512";"Complejo";"TERNARIO NPK";"RHIZOVIT EXCELIS";"TIMAC AGRO";"RHIZOVIT EXCELIS PRACTICA NEUTRO de TIMAC AGRO";"6";"0";"0";"0";"6";"1.995";"2";"0";"0.87";"11.928";"12";"9.9";;"NO";"NO";"0";"0";"0";"0";"0";"0";"0";"0.1";"0";"0";"0";"0";"0.1";"0";"0";"Líquido";"0"
"14";"Productos fertilizantes: abonos inorgánicos";"1513";"Simple";"NITROGENADO";"RHIZOVIT EXCELIS";"TIMAC AGRO";"RHIZOVIT EXCELIS PREMIUM de TIMAC AGRO";"30";"0";"7.5";"7.5";"15";"0";"0";"0";"0";"0";"0";"0";;"NO";"NO";"0";"0";"0";"0";"0";"0";"0";"0";"0";"0";"0";"0";"0";"0";"0";"Líquido";"0"
"14";"Productos fertilizantes: abonos inorgánicos";"1514";"Complejo";"TERNARIO NPK";"RHIZOVIT EXCELIS";"TIMAC AGRO";"RHIZOVIT EXCELIS PRIMADONA de TIMAC AGRO";"12";"0";"0";"0";"12";"4.014";"4";"0";"1.75";"5.964";"6";"4.95";;"NO";"NO";"0";"0";"0";"0";"0";"0";"0";"0";"0";"0";"0";"0";"0";"0";"0";"Líquido";"0"
"14";"Productos fertilizantes: abonos inorgánicos";"1515";"Complejo";"TERNARIO NPK";"RHIZOVIT EXCELIS";"TIMAC AGRO";"RHIZOVIT EXCELIS PRIMADONA de TIMAC AGRO";"12";"0";"0";"0";"12";"3.005";"3";"0";"1.31";"5.964";"6";"4.95";;"NO";"NO";"0";"0";"0";"0";"0";"0";"0";"0";"0";"0";"0";"0";"0";"0";"0";"Líquido";"0"
"14";"Productos fertilizantes: abonos inorgánicos";"1516";"Complejo";"TERNARIO NPK";"RHIZOVIT EXCELIS";"TIMAC AGRO";"RHIZOVIT EXCELIS PRIMADONA de TIMAC AGRO";"12";"0";"6.5";"5.5";"0";"6.009";"6";"0";"2.62";"2.988";"3";"2.48";;"NO";"NO";"2";"0";"0";"0";"0";"0";"0";"0";"0";"0";"0";"0";"0";"0";"0";"Líquido";"0"
"14";"Productos fertilizantes: abonos inorgánicos";"1517";"Complejo";"TERNARIO NPK";"RHIZOVIT EXCELIS";"TIMAC AGRO";"RHIZOVIT EXCELIS PRIMADONA de TIMAC AGRO";"11.5";"0";"0.5";"0";"11";"3.005";"3";"0";"1.31";"5.964";"6";"4.95";;"NO";"NO";"0";"0";"0";"0";"0";"0";"0";"0";"0";"0";"0";"0";"0";"0";"0";"Líquido";"0"
"14";"Productos fertilizantes: abonos inorgánicos";"1518";"Complejo";"TERNARIO NPK";"RHIZOVIT EXCELIS";"TIMAC AGRO";"RHIZOVIT EXCELIS PRIMADONA  11-4-6 de TIMAC AGRO";"11";"0";"3";"4.5";"3.5";"4.014";"4";"0";"1.75";"5.964";"6";"4.95";;"NO";"NO";"0";"0";"0";"0";"0";"0";"0";"0.1";"0";"0";"0";"0";"0.1";"0";"0";"Líquido";"0"
"14";"Productos fertilizantes: abonos inorgánicos";"1519";"Simple";"NITROGENADO";"AVID";"TIMAC AGRO";"AVID SN 31 de TIMAC AGRO";"23.5";"0";"5.1";"8.2";"10.2";"0";"0";"0";"0";"0";"0";"0";;"SI";"NO";"0";"0";"7.8";"0";"0";"0";"0";"0";"0";"0";"0";"0";"0";"0";"0";"Líquido";"0"
"14";"Productos fertilizantes: abonos inorgánicos";"1520";"Simple";"NITROGENADO";"AVID";"TIMAC AGRO";"AVID Alfa 15-0-0 de TIMAC AGRO";"15";"0";"7.5";"7.5";"0";"0";"0";"0";"0";"0";"0";"0";;"SI";"NO";"0";"0";"0";"0";"0";"0";"0";"0";"0";"0";"0";"0";"0";"0";"0";"Líquido";"0"
"14";"Productos fertilizantes: abonos inorgánicos";"1521";"Complejo";"TERNARIO NPK";"AVID";"TIMAC AGRO";"AVID Beta 10-3-5 de TIMAC AGRO";"10";"0";"5";"5";"0";"3.005";"3";"0";"1.31";"4.976";"5";"4.13";;"SI";"NO";"0";"0";"0";"0";"0";"0";"0";"0";"0";"0";"0";"0";"0";"0";"0";"Líquido";"0"
"14";"Productos fertilizantes: abonos inorgánicos";"1522";"Complejo";"TERNARIO NPK";"KSC SPEED";"TIMAC AGRO";"KSC SPEED I  ES de TIMAC AGRO";"15";"0";"1";"14";"0";"25.069";"25";"0";"10.93";"4.976";"5";"4.13";;"SI";"NO";"0";"0";"25";"0";"0.05";"0";"0";"0.1";"0";"0";"0.1";"0";"0";"0.01";"0.1";"Sólido";"0"
"14";"Productos fertilizantes: abonos inorgánicos";"1523";"Complejo";"TERNARIO NPK";"AVID";"TIMAC AGRO";"AVID Gamma 5-3-8 de TIMAC AGRO";"5";"0";"2.5";"2.5";"0";"3.005";"3";"0";"1.31";"7.952";"8";"6.6";;"SI";"NO";"0";"0";"0";"0";"0";"0";"0";"0";"0";"0";"0";"0";"0";"0";"0";"Líquido";"0"
"14";"Productos fertilizantes: abonos inorgánicos";"1524";"Complejo";"TERNARIO NPK";"AVID";"TIMAC AGRO";"AVID Delta 3-2-10 de TIMAC AGRO";"3";"0";"1.5";"1.5";"0";"1.995";"2";"0";"0.87";"9.94";"10";"8.25";;"SI";"NO";"0";"0";"0";"0";"0";"0";"0";"0";"0";"0";"0";"0";"0";"0";"0";"Líquido";"0"
"14";"Productos fertilizantes: abonos inorgánicos";"1525";"Simple";"NITROGENADO";"AVID";"TIMAC AGRO";"AVID kappa 11-0-0 de TIMAC AGRO";"11";"0";"8";"3";"0";"0";"0";"0";"0";"0";"0";"0";;"NO";"NO";"10";"0";"0";"0";"0";"0";"0";"0";"0";"0";"0";"0";"0";"0";"0";"Líquido";"0"
"14";"Productos fertilizantes: abonos inorgánicos";"1526";"Complejo";"BINARIO NP";"AVID";"TIMAC AGRO";"AVID pi 3-14-0 de TIMAC AGRO";"3";"0";"1.5";"1.5";"0";"14.037";"14";"0";"6.12";"0";"0";"0";;"SI";"NO";"0";"0";"0";"0";"0";"0";"0";"0";"0";"0";"0";"0";"0";"0";"0";"Líquido";"0"
"14";"Productos fertilizantes: abonos inorgánicos";"1527";"Complejo";"TERNARIO NPK";"AVID";"TIMAC AGRO";"AVID EPSILON S de TIMAC AGRO";"11";"0";"5.5";"5.5";"0";"3.005";"3";"0";"1.31";"4.976";"5";"4.13";;"NO";"NO";"0";"0";"0";"0";"0";"0";"0";"0.1";"0";"0";"0";"0";"0.1";"0";"0";"Líquido";"0"
"14";"Productos fertilizantes: abonos inorgánicos";"1528";"Simple";"NITROGENADO";"AVID";"TIMAC AGRO";"AVID OMICRON S de TIMAC AGRO";"18";"0";"9.5";"8.5";"0";"0";"0";"0";"0";"0";"0";"0";;"NO";"NO";"0";"1";"0";"0";"0";"0";"0";"0";"0";"0";"0";"0";"0";"0";"0";"Líquido";"0"
"14";"Productos fertilizantes: abonos inorgánicos";"1529";"Complejo";"TERNARIO NPK";"AVID";"TIMAC AGRO";"AVID RHO S de TIMAC AGRO";"3";"0";"1.5";"1.5";"0";"1.995";"2";"0";"0.87";"9.94";"10";"8.25";;"NO";"NO";"0";"0";"0";"0";"0";"0";"0";"0.1";"0";"0";"0";"0";"0.1";"0";"0";"Líquido";"0"
"14";"Productos fertilizantes: abonos inorgánicos";"1530";"Complejo";"TERNARIO NPK";"RHIZOVIT EXCELIS";"TIMAC AGRO";"RHIZOVIT EXCELIS PRIMADONA 11-4-6 de TIMAC AGRO";"11";"0";"0";"0";"11";"4.014";"4";"0";"1.75";"5.964";"6";"4.95";;"NO";"NO";"0";"0";"0";"0";"0";"0";"0";"0.1";"0";"0";"0";"0";"0.1";"0";"0";"Líquido";"0"
"14";"Productos fertilizantes: abonos inorgánicos";"1531";"Complejo";"TERNARIO NPK";"RHIZOVIT EXCELIS";"TIMAC AGRO";"RHIZOVIT EXCELIS PRIMADONA NEUTRO de TIMAC AGRO";"11";"0";"0";"0";"11";"4.014";"4";"0";"1.75";"5.964";"6";"4.95";;"NO";"NO";"0";"0";"0";"0";"0";"0";"0";"0.1";"0";"0";"0";"0";"0.1";"0";"0";"Líquido";"0"
"14";"Productos fertilizantes: abonos inorgánicos";"1532";"Complejo";"TERNARIO NPK";"RHIZOVIT EXCELIS";"TIMAC AGRO";"RHIZOVIT EXCELIS PRIMADONA SOP de TIMAC AGRO";"11";"0";"1.6";"0";"9.4";"3.005";"3";"0";"1.31";"5.964";"6";"4.95";;"NO";"NO";"0";"0";"5.4";"0";"0";"0";"0";"0";"0";"0";"0";"0";"0";"0";"0";"Líquido";"0"
"14";"Productos fertilizantes: abonos inorgánicos";"1533";"Complejo";"BINARIO PK";"PHYSIOPRO";"TIMAC AGRO";"PHYSIOPRO PK1 0-10-25 de TIMAC AGRO";"0";"0";"0";"0";"0";"10.023";"0";"0";"4.37";"24.855";"0";"20.63";;"NO";"NO";"0";"0";"0";"0";"0";"0";"0";"0";"0";"0";"0";"0";"0";"0";"0";"Sólido";"0"
"14";"Productos fertilizantes: abonos inorgánicos";"1534";"Simple";"FOSFATADO";"PHYSIOPRO";"TIMAC AGRO";"PHYSIOPRO P2 UAB 0-27-0 de TIMAC AGRO";"0";"0";"0";"0";"0";"27.064";"0";"0";"11.8";"0";"0";"0";;"NO";"NO";"0";"0";"0";"0";"0";"0";"0";"0";"0";"0";"0";"0";"0";"0";"0";"Sólido";"0"
"14";"Productos fertilizantes: abonos inorgánicos";"1535";"Complejo";"TERNARIO NPK";"KRYSOL";"TIMAC AGRO";"KRYSOL I  de TIMAC AGRO";"9";"0";"0";"9";"0";"55.138";"55";"0";"24.04";"4.976";"5";"4.13";;"SI";"NO";"0";"0";"0";"0";"0";"0";"0";"0";"0";"0";"0";"0";"0";"0";"0";"Sólido";"0"
"14";"Productos fertilizantes: abonos inorgánicos";"1536";"Complejo";"BINARIO NK";"RHIZOVIT EXCELIS";"TIMAC AGRO";"RHIZOVIT EXCELIS QUALITAS de TIMAC AGRO";"2";"0";"2";"0";"0";"0";"0";"0";"0";"5.964";"6";"4.95";;"NO";"NO";"4";"0";"0";"0";"0";"0";"0";"0";"0";"0";"0";"0";"0";"0";"0";"Líquido";"0"
"14";"Productos fertilizantes: abonos inorgánicos";"1537";"Simple";"NITROGENADO";"AZOFERTIL";"TIMAC AGRO";"GR AZOFERTIL de TIMAC AGRO";"26";"0";"0";"10";"16";"0";"0";"0";"0";"0";"0";"0";;"NO";"NO";"0";"0";"34";"0";"0";"0";"0";"0";"0";"0";"0";"0";"0";"0";"0";"Sólido";"0"
"14";"Productos fertilizantes: abonos inorgánicos";"1538";"Simple";"NITROGENADO";"AZOFERTIL";"TIMAC AGRO";"GR AZOFERTIL 30 de TIMAC AGRO";"30";"0";"0";"7";"23";"0";"0";"0";"0";"0";"0";"0";;"NO";"NO";"0";"0";"29";"0";"0";"0";"0";"0";"0";"0";"0";"0";"0";"0";"0";"Sólido";"0"
"14";"Productos fertilizantes: abonos inorgánicos";"1539";"Simple";"POTASICO";"RHIZOVIT EXCELIS";"TIMAC AGRO";"RHIZOVIT EXCELIS ROSSO de TIMAC AGRO";"0";"0";"0";"0";"0";"0";"0";"0";"0";"13.916";"14";"11.55";;"NO";"NO";"0";"0";"0";"0";"0";"0";"0";"0";"0";"0";"0";"0";"0";"0";"0";"Líquido";"0"
"14";"Productos fertilizantes: abonos inorgánicos";"1543";"Complejo";"TERNARIO NPK";"RHIZOVIT EXCELIS";"TIMAC AGRO";"RHIZOVIT EXCELIS SELECTA 9-3-6 de TIMAC AGRO";"9";"0";"2";"3";"4";"3.005";"3";"0";"1.31";"5.964";"6";"4.95";;"NO";"NO";"0";"0";"0";"0";"0";"0";"0";"0";"0";"0";"0";"0";"0";"0";"0";"Líquido";"0"
"14";"Productos fertilizantes: abonos inorgánicos";"1544";"Complejo";"BINARIO NK";"RHIZOVIT EXCELIS";"TIMAC AGRO";"RHIZOVIT EXCELIS SKIN (4,5-0-5) de TIMAC AGRO";"4.5";"0";"4.5";"0";"0";"0";"0";"0";"0";"4.976";"5";"4.13";;"NO";"NO";"6";"0";"0";"0";"0";"0";"0";"0";"0";"0";"0";"0";"0";"0";"0";"Líquido";"0"
"14";"Productos fertilizantes: abonos inorgánicos";"1545";"Complejo";"BINARIO NK";"RHIZOVIT EXCELIS";"TIMAC AGRO";"RHIZOVIT EXCELIS SKIN 5-0-7  9CaO de TIMAC AGRO";"4.6";"0";"4.6";"0";"0";"0";"0";"0";"0";"6.964";"7";"5.78";;"NO";"NO";"9";"0";"0";"0";"0";"0";"0";"0";"0";"0";"0";"0";"0";"0";"0";"Líquido";"0"
"14";"Productos fertilizantes: abonos inorgánicos";"1546";"Simple";"NITROGENADO";"RHIZOVIT EXCELIS";"TIMAC AGRO";"RHIZOVIT EXCELIS SN-33 de TIMAC AGRO";"26";"0";"5.9";"8.3";"11.8";"0";"0";"0";"0";"0";"0";"0";;"NO";"NO";"0";"0";"7";"0";"0";"0";"0";"0";"0";"0";"0";"0";"0";"0";"0";"Líquido";"0"
"14";"Productos fertilizantes: abonos inorgánicos";"1547";"Complejo";"TERNARIO NPK";"RHIZOVIT EXCELIS";"TIMAC AGRO";"RHIZOVIT EXCELIS SPECIAL K 2-2-9 de TIMAC AGRO";"2";"0";"2";"0";"0";"1.995";"2";"0";"0.87";"8.952";"0";"7.43";;"NO";"NO";"0";"0";"0";"0";"0";"0";"0";"0";"0";"0";"0";"0";"0";"0";"0";"Líquido";"0"
"14";"Productos fertilizantes: abonos inorgánicos";"1548";"Complejo";"BINARIO NK";"RHIZOVIT EXCELIS";"TIMAC AGRO";"RHIZOVIT EXCELIS SUPREMA de TIMAC AGRO";"3.9";"0";"0";"0";"3.9";"0";"0";"0";"0";"11.928";"12";"9.9";;"NO";"NO";"0";"0";"0";"0";"0";"0";"0";"0";"0";"0";"0";"0";"0";"0";"0";"Líquido";"0"
"14";"Productos fertilizantes: abonos inorgánicos";"1549";"Complejo";"TERNARIO NPK";"RHIZOVIT EXCELIS";"TIMAC AGRO";"RHIZOVIT EXCELIS SUPREMA de TIMAC AGRO";"4";"0";"1";"1";"2";"3.509";"3.5";"0";"1.53";"11.928";"12";"9.9";;"NO";"NO";"0";"0";"0";"0";"0";"0";"0";"0";"0";"0";"0";"0";"0";"0";"0";"Líquido";"0"
"14";"Productos fertilizantes: abonos inorgánicos";"1550";"Complejo";"BINARIO NK";"RHIZOVIT EXCELIS";"TIMAC AGRO";"RHIZOVIT EXCELIS SUPREMA de TIMAC AGRO";"4";"0";"0";"0";"4";"0";"0";"0";"0";"11.928";"12";"9.9";;"NO";"NO";"0";"0";"0";"0";"0";"0";"0";"0";"0";"0";"0";"0";"0";"0";"0";"Líquido";"0"
"14";"Productos fertilizantes: abonos inorgánicos";"1551";"Complejo";"BINARIO NK";"RHIZOVIT EXCELIS";"TIMAC AGRO";"RHIZOVIT EXCELIS T de TIMAC AGRO";"2.9";"0";"2.9";"0";"0";"0";"0";"0";"0";"9.94";"10";"8.25";;"NO";"NO";"0";"0";"0";"0";"0";"0";"0";"0";"0";"0";"0";"0";"0";"0";"0";"Líquido";"0"
"14";"Productos fertilizantes: abonos inorgánicos";"1552";"Simple";"POTASICO";"RHIZOVIT EXCELIS";"TIMAC AGRO";"RHIZOVIT EXCELIS T SOP de TIMAC AGRO";"0";"0";"0";"0";"0";"0";"0";"0";"0";"9.94";"10";"8.25";;"NO";"NO";"0";"0";"9";"0";"0";"0";"0";"0";"0";"0";"0";"0";"0";"0";"0";"Líquido";"0"
"14";"Productos fertilizantes: abonos inorgánicos";"1553";"Simple";"NITROGENADO";"RHIZOVIT EXCELIS";"TIMAC AGRO";"RHIZOVIT EXCELIS VIGOR 17-0-0+12CaO de TIMAC AGRO";"17";"0";"11.5";"5.5";"0";"0";"0";"0";"0";"0";"0";"0";;"NO";"NO";"12";"0";"0";"0";"0";"0";"0";"0";"0";"0";"0";"0";"0";"0";"0";"Líquido";"0"
"14";"Productos fertilizantes: abonos inorgánicos";"1554";"Complejo";"TERNARIO NPK";"MAXIFRUIT";"TIMAC AGRO";"MAXIFRUIT NMX de TIMAC AGRO";"3";"0";"0";"0";"3";"7.018";"0";"0";"3.06";"6.964";"0";"5.78";;"NO";"NO";"0";"0";"0";"0";"0";"0";"0";"0";"0";"0";"0";"0";"0.05";"0";"0";"Líquido";"0"
"16";"Productos fertilizantes: abonos organominerales";"1555";"Complejo";"TERNARIO NPK";"VITALOR";"TIMAC AGRO";"VITALOR K de TIMAC AGRO";"3";"1.5";"0";"0";"1.5";"3.005";"0";"3";"1.31";"8.952";"9";"7.43";;"NO";"NO";"8";"0";"0";"0";"0";"0";"0";"0";"0";"0";"0";"0";"0";"0";"0";"Sólido";"0"
"14";"Productos fertilizantes: abonos inorgánicos";"1556";"Complejo";"TERNARIO NPK";"RHIZOVIT EXCELIS";"TIMAC AGRO";"RHIZOVIT EXCELIS XAENA GREEN (1,9-3,2-6) de TIMAC AGRO";"2.5";"0";"1.5";"1";"0";"3.005";"3";"0";"1.31";"5.964";"6";"4.95";;"NO";"NO";"0";"0.5";"0";"0";"0";"0";"0";"0";"0";"0";"0";"0";"0";"0";"0";"Líquido";"0"
"14";"Productos fertilizantes: abonos inorgánicos";"1557";"Complejo";"TERNARIO NPK";"RHIZOVIT EXCELIS";"TIMAC AGRO";"RHIZOVIT EXCELIS XAENA RED (5-3-8) de TIMAC AGRO";"5";"0";"3";"2";"0";"3.005";"3";"0";"1.31";"7.952";"8";"6.6";;"NO";"NO";"0";"0";"0";"0";"0";"0";"0";"0";"0";"0";"0";"0";"0";"0";"0";"Líquido";"0"
"14";"Productos fertilizantes: abonos inorgánicos";"1558";"Complejo";"TERNARIO NPK";"RHIZOVIT EXCELIS";"TIMAC AGRO";"RHIZOVIT MAGNÍFICA de TIMAC AGRO";"7.5";"0";"1.9";"1.9";"3.7";"2.5";"2.5";"0";"1.09";"9.94";"10";"8.25";;"NO";"NO";"0";"0";"0";"0";"0";"0";"0";"0";"0";"0";"0";"0";"0";"0";"0";"Líquido";"0"
"16";"Productos fertilizantes: abonos organominerales";"1559";"Complejo";"TERNARIO NPK";"FERTEOS";"TIMAC AGRO";"FERTEOS PL II de TIMAC AGRO";"2.6";"2.6";"0";"0";"0";"3.005";"0";"0";"1.31";"5.964";"0";"4.95";;"NO";"NO";"11";"0";"0";"0";"0";"0";"0";"0";"0";"0";"0";"0";"0";"0";"0";"Sólido";"0"
"14";"Productos fertilizantes: abonos inorgánicos";"1560";"Complejo";"TERNARIO NPK";"RHIZOVIT EXCELIS";"TIMAC AGRO";"RH.EXCELIS AMARA 3-4-12-0.1Mn-0.1Zn de TIMAC AGRO";"3";"0";"0";"0";"3";"4.014";"4";"0";"1.75";"11.928";"12";"9.9";;"NO";"NO";"0";"0";"0";"0";"0";"0";"0";"0.1";"0";"0";"0";"0";"0.1";"0";"0";"Líquido";"0"
"14";"Productos fertilizantes: abonos inorgánicos";"1561";"Simple";"NITROGENADO";"RHIZOVIT EXCELIS";"TIMAC AGRO";"RH.EXCELI CANIMAG 15-0-0-6CaO-2MgO de TIMAC AGRO";"15";"0";"10";"5";"0";"0";"0";"0";"0";"0";"0";"0";;"NO";"NO";"6";"2";"0";"0";"0";"0";"0";"0";"0";"0";"0";"0";"0";"0";"0";"Líquido";"0"
"14";"Productos fertilizantes: abonos inorgánicos";"1562";"Complejo";"TERNARIO NPK";"RHIZOVIT EXCELIS";"TIMAC AGRO";"RH.EXC.MAGNIFICA 7-4-10-0.1Mn-0.1Zn de TIMAC AGRO";"7";"0";"0";"0";"7";"4.014";"4";"0";"1.75";"9.94";"10";"8.25";;"NO";"NO";"0";"0";"0";"0";"0";"0";"0";"0.1";"0";"0";"0";"0";"0.1";"0";"0";"Líquido";"0"
"14";"Productos fertilizantes: abonos inorgánicos";"1563";"Simple";"NITROGENADO";"RHIZOVIT EXCELIS";"TIMAC AGRO";"RH.EXCELIS OMEGA 9-0-0-15CaO-2MgO de TIMAC AGRO";"9";"0";"9";"0";"0";"0";"0";"0";"0";"0";"0";"0";;"NO";"NO";"15";"2";"0";"0";"0";"0";"0";"0";"0";"0";"0";"0";"0";"0";"0";"Líquido";"0"
"14";"Productos fertilizantes: abonos inorgánicos";"1564";"Complejo";"BINARIO NK";"AVID";"TIMAC AGRO";"AVID SIGMA S de TIMAC AGRO";"9";"0";"5.7";"3.3";"0";"0";"0";"0";"0";"2.988";"3";"2.48";;"NO";"NO";"5";"0";"0";"0";"0";"0";"0";"0";"0";"0";"0";"0";"0";"0";"0";"Líquido";"0"
"14";"Productos fertilizantes: abonos inorgánicos";"1565";"Complejo";"OTROS";"MINACTIV";"TIMAC AGRO";"MINACTIV PK4 0-8-15  de TIMAC AGRO";"0";"0";"0";"0";"0";"0";"0";"0";"0";"0";"0";"0";;"NO";"NO";"0";"0";"0";"0";"0";"0";"0";"0";"0";"0";"0";"0";"0";"0";"0";"Sólido";"0"
"14";"Productos fertilizantes: abonos inorgánicos";"1566";"Simple";"FOSFATADO";"MINACTIV";"TIMAC AGRO";"MINACTIV P2 UAB 0-15-0  de TIMAC AGRO";"0";"0";"0";"0";"0";"15.046";"0";"0";"6.56";"0";"0";"0";;"NO";"NO";"41.5";"0";"0";"0";"0";"0";"0";"0";"0";"0";"0";"0";"0";"0";"0";"Sólido";"0"
"14";"Productos fertilizantes: abonos inorgánicos";"1567";"Complejo";"BINARIO PK";"MINACTIV";"TIMAC AGRO";"MINACTIV  PK3 0-15-10 de TIMAC AGRO";"0";"0";"0";"0";"0";"15.046";"0";"0";"6.56";"9.94";"10";"8.25";;"NO";"NO";"35";"0";"0";"0";"0";"0";"0";"0";"0";"0";"0";"0";"0";"0";"0";"Sólido";"0"
"16";"Productos fertilizantes: abonos organominerales";"1568";"Complejo";"BINARIO NK";"NEMERYS";"TIMAC AGRO";"NEMERYS de TIMAC AGRO";"1.4";"1.4";"0";"0";"0";"0";"0";"0";"0";"2.988";"0";"2.48";;"NO";"NO";"0";"0";"0";"0";"0";"0";"0";"0";"0";"0";"0";"0";"1";"0";"0";"Líquido";"0"
"14";"Productos fertilizantes: abonos inorgánicos";"1569";"Complejo";"BINARIO PK";"NAVARGRAN";"TIMAC AGRO";"NAVARGRAN 0-14-7 (5 S.A.M.) de TIMAC AGRO";"0";"0";"0";"0";"0";"14.037";"6";"9";"6.12";"6.964";"7";"5.78";;"NO";"NO";"0";"0";"18";"0";"0";"0";"0";"0";"0";"0";"0";"0";"0";"0";"0";"Sólido";"0"
"14";"Productos fertilizantes: abonos inorgánicos";"1570";"Complejo";"TERNARIO NPK";"RHIZOVIT PROCESS";"TIMAC AGRO";"RHIZOVIT PROCESS 1  6-5-18 (2-2-15) de TIMAC AGRO";"6";"0";"0";"3";"3";"5.023";"3";"5";"2.19";"17.892";"18";"14.85";;"NO";"NO";"2";"2";"15";"0";"0";"0";"0";"0";"0";"0";"0";"0";"0";"0";"0";"Sólido";"0"
"14";"Productos fertilizantes: abonos inorgánicos";"1571";"Complejo";"TERNARIO NPK";"RHIZOVIT PROCESS";"TIMAC AGRO";"RHIZOVIT PROCESS 2 10-5-15(3-30)SOP de TIMAC AGRO";"10";"0";"0";"7";"3";"5.023";"3";"5";"2.19";"14.916";"15";"12.38";;"NO";"NO";"0";"3";"24";"0";"0";"0";"0";"0";"0";"0";"0";"0";"0";"0";"0";"Sólido";"0"
"14";"Productos fertilizantes: abonos inorgánicos";"1572";"Complejo";"TERNARIO NPK";"RHIZOVIT PROCESS";"TIMAC AGRO";"RHIZOVIT PROCESS 3 10-5-18 (2-2-15) de TIMAC AGRO";"10";"0";"0";"3";"7";"5.023";"2";"5";"2.19";"17.892";"18";"14.85";;"NO";"NO";"2";"2";"15";"0";"0";"0";"0";"0";"0";"0";"0";"0";"0";"0";"0";"Sólido";"0"
"14";"Productos fertilizantes: abonos inorgánicos";"1573";"Complejo";"TERNARIO NPK";"RHIZOVIT PROCESS";"TIMAC AGRO";"RHIZOVIT PROCESS 4 10-17-5 (2-4-16) de TIMAC AGRO";"10";"0";"0";"6";"4";"17.041";"6";"12";"7.43";"4.976";"5";"4.13";;"NO";"NO";"4";"2";"16";"0";"0";"0";"0";"0";"0";"0";"0";"0";"0";"0";"0";"Sólido";"0"
"14";"Productos fertilizantes: abonos inorgánicos";"1574";"Simple";"POTASICO";"RHIZOVIT PROCESS";"TIMAC AGRO";"RHIZOVIT PROCESS GR K 0-0-10 (5-25) de TIMAC AGRO";"0";"0";"0";"0";"0";"0";"0";"0";"0";"9.94";"10";"8.25";;"NO";"NO";"0";"5";"25";"0";"0";"0";"0";"0";"0";"0";"0";"0";"0";"0";"0";"Sólido";"0"
"14";"Productos fertilizantes: abonos inorgánicos";"1575";"Complejo";"TERNARIO NPK";"RHIZOVIT PROCESS";"TIMAC AGRO";"RHIZOVIT PROCESS K  5-5-25 (6-2-12) de TIMAC AGRO";"5";"0";"0";"2";"3";"5.023";"3";"5";"2.19";"24.855";"0";"20.63";;"NO";"NO";"6";"2";"12";"0";"0";"0";"0";"0";"0";"0";"0";"0";"0";"0";"0";"Sólido";"0"
"14";"Productos fertilizantes: abonos inorgánicos";"1576";"Simple";"NITROGENADO";"RHIZOVIT PROCESS";"TIMAC AGRO";"RHIZOVIT PROCESS N  21-0-0 (2-0-40) de TIMAC AGRO";"21";"0";"0";"13";"8";"0";"0";"0";"0";"0";"0";"0";;"NO";"NO";"2";"0";"30";"0";"0";"0";"0";"0";"0";"0";"0";"0";"0";"0";"0";"Sólido";"0"
"14";"Productos fertilizantes: abonos inorgánicos";"1577";"Complejo";"TERNARIO NPK";"RHIZOVIT PROCESS";"TIMAC AGRO";"RHIZOVIT PROCESS P 9-26-5 (0-8) de TIMAC AGRO";"9";"0";"0";"8";"1";"26.055";"20";"26";"11.36";"4.976";"5";"4.13";;"NO";"NO";"0";"0";"8";"0";"0";"0";"0";"0";"0";"0";"0";"0";"0";"0";"0";"Sólido";"0"
"14";"Productos fertilizantes: abonos inorgánicos";"1578";"Simple";"NITROGENADO";"RHIZOVIT EXCELIS";"TIMAC AGRO";"RH. EXCELIS NITROVIT 22-0-0 de TIMAC AGRO";"22";"0";"1";"0.9";"20.1";"0";"0";"0";"0";"0";"0";"0";;"NO";"NO";"0";"0";"0";"0";"0";"0";"0";"0";"0";"0";"0";"0";"0";"0";"0";"Líquido";"0"
"14";"Productos fertilizantes: abonos inorgánicos";"1579";"Complejo";"TERNARIO NPK";"RHIZOVIT EXCELIS";"TIMAC AGRO";"RHIZOVIT SELECTA de TIMAC AGRO";"15";"0";"3.7";"3.8";"7.5";"3.005";"3";"0";"1.31";"6.964";"7";"5.78";;"NO";"NO";"0";"0";"0";"0";"0";"0";"0";"0";"0";"0";"0";"0";"0";"0";"0";"Líquido";"0"
"14";"Productos fertilizantes: abonos inorgánicos";"1580";"Complejo";"TERNARIO NPK";"RHIZOVIT EXCELIS";"TIMAC AGRO";"RHIZOVIT SUPERVA de TIMAC AGRO";"5";"0";"1.2";"1.3";"2.5";"7.018";"7";"0";"3.06";"9.94";"10";"8.25";;"NO";"NO";"0";"0";"0";"0";"0";"0";"0";"0";"0";"0";"0";"0";"0";"0";"0";"Líquido";"0"
"14";"Productos fertilizantes: abonos inorgánicos";"1581";"Complejo";"TERNARIO NPK";"NAVARGRAN";"TIMAC AGRO";"NAVARGRAN 4-12-8 (5 S.A.M.) de TIMAC AGRO";"4";"0";"0";"3";"1";"12.018";"5";"7";"5.24";"7.952";"8";"6.6";;"NO";"NO";"0";"0";"20";"0";"0";"0";"0";"0";"0";"0";"0";"0";"0";"0";"0";"Sólido";"0"
"14";"Productos fertilizantes: abonos inorgánicos";"1582";"Complejo";"TERNARIO NPK";"NAVARGRAN";"TIMAC AGRO";"NAVARGRAN 8-15-15 (6 S.A.M.) de TIMAC AGRO";"8";"0";"0";"5";"3";"15.046";"6";"9";"6.56";"14.916";"15";"12.38";;"NO";"NO";"0";"0";"16";"0";"0";"0";"0";"0";"0";"0";"0";"0";"0";"0";"0";"Sólido";"0"
"14";"Productos fertilizantes: abonos inorgánicos";"1583";"Complejo";"TERNARIO NPK";"NAVARGRAN";"TIMAC AGRO";"NAVARGRAN 15-15-15 de TIMAC AGRO";"15";"0";"0";"8";"7";"15.046";"10";"15";"6.56";"14.916";"15";"12.38";;"NO";"NO";"0";"0";"20";"0";"0";"0";"0";"0";"0";"0";"0";"0";"0";"0";"0";"Sólido";"0"
"14";"Productos fertilizantes: abonos inorgánicos";"1584";"Complejo";"TERNARIO NPK";"NAVARGRAN";"TIMAC AGRO";"NAVARGRAN 8-16-8 de TIMAC AGRO";"8";"0";"0";"5";"3";"16.032";"10";"16";"6.99";"7.952";"8";"6.6";;"NO";"NO";"0";"0";"19";"0";"0";"0";"0";"0";"0";"0";"0";"0";"0";"0";"0";"Sólido";"0"
"14";"Productos fertilizantes: abonos inorgánicos";"1585";"Complejo";"TERNARIO NPK";"NAVARGRAN";"TIMAC AGRO";"NAVARGRAN 12-24-12 de TIMAC AGRO";"12";"0";"0";"10";"2";"24.06";"16";"24";"10.49";"11.928";"12";"9.9";;"NO";"NO";"0";"0";"18";"0";"0";"0";"0";"0";"0";"0";"0";"0";"0";"0";"0";"Sólido";"0"
"14";"Productos fertilizantes: abonos inorgánicos";"1586";"Complejo";"TERNARIO NPK";"NAVARGRAN";"TIMAC AGRO";"NAVARGRAN 8-24-8 de TIMAC AGRO";"8";"0";"0";"7";"1";"24.06";"15";"24";"10.49";"7.952";"8";"6.6";;"NO";"NO";"0";"0";"16";"0";"0";"0";"0";"0";"0";"0";"0";"0";"0";"0";"0";"Sólido";"0"
"14";"Productos fertilizantes: abonos inorgánicos";"1587";"Complejo";"TERNARIO NPK";"NAVARGRAN";"TIMAC AGRO";"NAVARGRAN 6-18-6 de TIMAC AGRO";"6";"0";"0";"5";"1";"18.05";"12";"18";"7.87";"5.964";"6";"4.95";;"NO";"NO";"12";"0";"16";"0";"0";"0";"0";"0";"0";"0";"0";"0";"0";"0";"0";"Sólido";"0"
"14";"Productos fertilizantes: abonos inorgánicos";"1588";"Complejo";"TERNARIO NPK";"NAVARGRAN";"TIMAC AGRO";"NAVARGRAN 7-18-14 2MgO de TIMAC AGRO";"7";"0";"0";"5";"2";"18.05";"14";"18";"7.87";"13.916";"14";"11.55";;"NO";"NO";"6";"2";"10";"0";"0";"0";"0";"0";"0";"0";"0";"0";"0";"0";"0";"Sólido";"0"
"14";"Productos fertilizantes: abonos inorgánicos";"1589";"Complejo";"TERNARIO NPK";"NAVARGRAN";"TIMAC AGRO";"NAVARGRAN 7-10-24 de TIMAC AGRO";"7";"0";"0";"5";"2";"10.023";"6";"10";"4.37";"23.855";"24";"19.8";;"NO";"NO";"0";"0";"12";"0";"0";"0";"0";"0";"0";"0";"0";"0";"0";"0";"0";"Sólido";"0"
"14";"Productos fertilizantes: abonos inorgánicos";"1590";"Complejo";"TERNARIO NPK";"NAVARGRAN";"TIMAC AGRO";"NAVARGRAN 14-16-10 de TIMAC AGRO";"14";"0";"0";"9";"5";"16.032";"12";"16";"6.99";"9.94";"10";"8.25";;"NO";"NO";"0";"0";"16";"0";"0";"0";"0";"0";"0";"0";"0";"0";"0";"0";"0";"Sólido";"0"
"14";"Productos fertilizantes: abonos inorgánicos";"1591";"Complejo";"TERNARIO NPK";"NAVARGRAN";"TIMAC AGRO";"NAVARGRAN 7-14-14 de TIMAC AGRO";"7";"0";"0";"6";"1";"14.037";"10";"14";"6.12";"13.916";"14";"11.55";;"NO";"NO";"0";"0";"16";"0";"0";"0";"0";"0";"0";"0";"0";"0";"0";"0";"0";"Sólido";"0"
"14";"Productos fertilizantes: abonos inorgánicos";"1592";"Complejo";"TERNARIO NPK";"NAVARGRAN";"TIMAC AGRO";"NAVARGRAN 7-7-14 de TIMAC AGRO";"7";"0";"0";"5";"2";"7.018";"4";"7";"3.06";"13.916";"14";"11.55";;"NO";"NO";"5";"0";"20";"0";"0";"0";"0";"0";"0";"0";"0";"0";"0";"0";"0";"Sólido";"0"
"14";"Productos fertilizantes: abonos inorgánicos";"1593";"Complejo";"BINARIO NP";"D-CODER TOP";"TIMAC AGRO";"D-CODER TOP 12 14-10-0 (3-2-29 de TIMAC AGRO";"14";"0";"0";"10";"4";"10.023";"6";"10";"4.37";"0";"0";"0";;"NO";"NO";"3";"2";"29";"0";"0";"0";"0";"0";"0";"0";"0";"0";"0";"0";"0";"Sólido";"0"
"14";"Productos fertilizantes: abonos inorgánicos";"1594";"Complejo";"TERNARIO NPK";"D-CODER TOP";"TIMAC AGRO";"D-CODER TOP 1 20-6-6 (2-20) de TIMAC AGRO";"20";"0";"0";"8";"12";"6.009";"3";"6";"2.62";"5.964";"6";"4.95";;"NO";"NO";"0";"2";"20";"0";"0";"0";"0";"0";"0";"0";"0";"0";"0";"0";"0";"Sólido";"0"
"14";"Productos fertilizantes: abonos inorgánicos";"1595";"Complejo";"TERNARIO NPK";"D-CODER TOP";"TIMAC AGRO";"D-CODER TOP 5  7-5-12 (2-2-20) de TIMAC AGRO";"7";"0";"0";"4";"3";"5.023";"3";"5";"2.19";"11.928";"12";"9.9";;"NO";"NO";"2";"2";"20";"0";"0";"0";"0";"0";"0";"0";"0";"0";"0";"0";"0";"Sólido";"0"
"14";"Productos fertilizantes: abonos inorgánicos";"1596";"Complejo";"TERNARIO NPK";"NAVARGRAN";"TIMAC AGRO";"NAVARGRAN 8-15-15 de TIMAC AGRO";"8";"0";"0";"6";"2";"15.046";"9";"15";"6.56";"14.916";"15";"12.38";;"NO";"NO";"0";"0";"19";"0";"0";"0";"0";"0";"0";"0";"0";"0";"0";"0";"0";"Sólido";"0"
"14";"Productos fertilizantes: abonos inorgánicos";"1597";"Complejo";"TERNARIO NPK";"NAVARGRAN";"TIMAC AGRO";"NAVARGRAN 7-12-7 de TIMAC AGRO";"7";"0";"0";"6";"1";"12.018";"6";"12";"5.24";"6.964";"7";"5.78";;"NO";"NO";"0";"0";"18";"0";"0";"0";"0";"0";"0";"0";"0";"0";"0";"0";"0";"Sólido";"0"
"14";"Productos fertilizantes: abonos inorgánicos";"1598";"Complejo";"TERNARIO NPK";"NAVARGRAN";"TIMAC AGRO";"NAVARGRAN 8-14-8  4SAM  3MgO de TIMAC AGRO";"8";"0";"0";"6";"2";"14.037";"7";"10";"6.12";"7.952";"8";"6.6";;"NO";"NO";"0";"3";"19";"0";"0";"0";"0";"0";"0";"0";"0";"0";"0";"0";"0";"Sólido";"0"
"14";"Productos fertilizantes: abonos inorgánicos";"1599";"Complejo";"TERNARIO NPK";"NAVARGRAN";"TIMAC AGRO";"NAVARGRAN 10-18-7 de TIMAC AGRO";"10";"0";"0";"8";"2";"18.05";"15";"18";"7.87";"6.964";"7";"5.78";;"NO";"NO";"0";"0";"20";"0";"0";"0";"0";"0";"0";"0";"0";"0";"0";"0";"0";"Sólido";"0"
"14";"Productos fertilizantes: abonos inorgánicos";"1600";"Complejo";"TERNARIO NPK";"NAVARGRAN";"TIMAC AGRO";"NAVARGRAN 12-17-10 de TIMAC AGRO";"12";"0";"0";"9";"3";"17.041";"13";"17";"7.43";"9.94";"10";"8.25";;"NO";"NO";"5";"0";"19";"0";"0";"0";"0";"0";"0";"0";"0";"0";"0";"0";"0";"Sólido";"0"
"14";"Productos fertilizantes: abonos inorgánicos";"1601";"Complejo";"TERNARIO NPK";"NAVARGRAN";"TIMAC AGRO";"NAVARGRAN 10-18-9 de TIMAC AGRO";"10";"0";"0";"8";"2";"18.05";"15";"18";"7.87";"8.952";"9";"7.43";;"NO";"NO";"8";"0";"19";"0";"0";"0";"0";"0";"0";"0";"0";"0";"0";"0";"0";"Sólido";"0"
"14";"Productos fertilizantes: abonos inorgánicos";"1602";"Complejo";"TERNARIO NPK";"NAVARGRAN";"TIMAC AGRO";"NAVARGRAN 10-20-12 de TIMAC AGRO";"10";"0";"0";"9";"1";"20.046";"17";"20";"8.74";"11.928";"12";"9.9";;"NO";"NO";"0";"0";"15";"0";"0";"0";"0";"0";"0";"0";"0";"0";"0";"0";"0";"Sólido";"0"
"14";"Productos fertilizantes: abonos inorgánicos";"1603";"Complejo";"TERNARIO NPK";"NAVARGRAN";"TIMAC AGRO";"NAVARGRAN 6-13-13 de TIMAC AGRO";"6";"0";"0";"5";"1";"13.028";"10";"13";"5.68";"12.928";"13";"10.73";;"NO";"NO";"0";"0";"19";"0";"0";"0";"0";"0";"0";"0";"0";"0";"0";"0";"0";"Sólido";"0"
"14";"Productos fertilizantes: abonos inorgánicos";"1604";"Complejo";"BINARIO NK";"RHIZOVIT EXCELIS";"TIMAC AGRO";"RHIZOVIT EXCELIS FINAL de TIMAC AGRO";"2";"0";"0.5";"0.5";"1";"0";"0";"0";"0";"11.928";"12";"9.9";;"NO";"NO";"0";"0";"0";"0";"0";"0";"0";"0";"0";"0";"0";"0";"0";"0";"0";"Líquido";"0"
"14";"Productos fertilizantes: abonos inorgánicos";"1605";"Complejo";"OTROS";"RHIZOVIT EXCELIS";"TIMAC AGRO";"RHIZOVIT EXCELIS LQ de TIMAC AGRO";"0";"0";"0";"0";"0";"0";"0";"0";"0";"0";"0";"0";;"NO";"NO";"0";"3";"0";"0";"0";"0";"0";"0";"0";"0";"0.1";"0";"0";"0.1";"0.1";"Líquido";"0"
"14";"Productos fertilizantes: abonos inorgánicos";"1606";"Complejo";"TERNARIO NPK";"RHIZOVIT EXCELIS";"TIMAC AGRO";"RHIZOVIT EXCELIS MAXIMUS de TIMAC AGRO";"10";"0";"0";"2";"8";"5.023";"5";"0";"2.19";"19.88";"20";"16.5";;"NO";"NO";"0";"0";"0";"0";"0";"0";"0";"0";"0";"0";"0";"0";"0";"0";"0";"Líquido";"0"
"14";"Productos fertilizantes: abonos inorgánicos";"1607";"Complejo";"TERNARIO NPK";"RHIZOVIT EXCELIS";"TIMAC AGRO";"RHIZOVIT EXCELIS MUSA de TIMAC AGRO";"4";"0";"1";"1";"2";"1.995";"2";"0";"0.87";"10.94";"11";"9.08";;"NO";"NO";"0";"0";"0";"0";"0";"0";"0";"0";"0";"0";"0.1";"0";"0";"0.1";"0.1";"Líquido";"0"
"14";"Productos fertilizantes: abonos inorgánicos";"1608";"Simple";"NITROGENADO";"RHIZOVIT EXCELIS";"TIMAC AGRO";"RHIZOVIT EXCELIS NITROVIT 22 de TIMAC AGRO";"22";"0";"5.5";"5.5";"11";"0";"0";"0";"0";"0";"0";"0";;"NO";"NO";"0";"0";"0";"0";"0";"0";"0";"0";"0";"0";"0";"0";"0";"0";"0";"Líquido";"0"
"14";"Productos fertilizantes: abonos inorgánicos";"1609";"Simple";"NITROGENADO";"RHIZOVIT EXCELIS";"TIMAC AGRO";"RHIZOVIT EXCELIS NITROVIT 32 de TIMAC AGRO";"32";"0";"8";"8";"16";"0";"0";"0";"0";"0";"0";"0";;"NO";"NO";"0";"0";"0";"0";"0";"0";"0";"0";"0";"0";"0";"0";"0";"0";"0";"Líquido";"0"
"14";"Productos fertilizantes: abonos inorgánicos";"1610";"Simple";"FOSFATADO";"BASACOTE PLUS 12M";"COMPO EXPERT";"BASACOTE PLUS 12M de COMPO EXPERT";"0";"0";"0";"0";"0";"8";"5.6";"8";"3.488";"0";"0";"0";;"NO";"NO";"0";"2";"12.5";"0";"0.05";"0";"0";"0.02";"0";"0";"0.02";"0";"0.04";"0.015";"0.4";"Sólido";"0"
"14";"Productos fertilizantes: abonos inorgánicos";"1611";"Simple";"FOSFATADO";"BASACOTE PLUS 3M";"COMPO EXPERT";"BASACOTE PLUS 3M de COMPO EXPERT";"0";"0";"0";"0";"0";"8";"5.6";"8";"3.488";"0";"0";"0";;"NO";"NO";"0";"2";"12.5";"0";"0.05";"0";"0";"0.02";"0";"0";"0.02";"0";"0.04";"0.015";"0.4";"Sólido";"0"
"14";"Productos fertilizantes: abonos inorgánicos";"1612";"Simple";"FOSFATADO";"BASACOTE PLUS 6M";"COMPO EXPERT";"BASACOTE PLUS 6M de COMPO EXPERT";"0";"0";"0";"0";"0";"8";"5.6";"8";"3.488";"0";"0";"0";;"NO";"NO";"0";"2";"12.5";"0";"0.05";"0";"0";"0.02";"0";"0";"0.02";"0";"0.04";"0.015";"0.4";"Sólido";"0"
"14";"Productos fertilizantes: abonos inorgánicos";"1613";"Simple";"FOSFATADO";"BASACOTE PLUS 9M";"COMPO EXPERT";"BASACOTE PLUS 9M de COMPO EXPERT";"0";"0";"0";"0";"0";"8";"5.6";"8";"3.488";"0";"0";"0";;"NO";"NO";"0";"2";"12.5";"0";"0.05";"0";"0";"0.02";"0";"0";"0.02";"0";"0.04";"0.015";"0.4";"Sólido";"0"
"14";"Productos fertilizantes: abonos inorgánicos";"1614";"Complejo";"OTROS";"BASAFER PLUS";"COMPO EXPERT";"BASAFER PLUS de COMPO EXPERT";"0";"0";"0";"0";"0";"0";"0";"0";"0";"0";"0";"0";;"NO";"NO";"0";"0";"0";"0";"0";"0";"0";"0";"0";"0";"0";"0";"0";"0";"6";"Sólido";"0"
"14";"Productos fertilizantes: abonos inorgánicos";"1615";"Complejo";"TERNARIO NPK";"BASAPLANT BLACK";"COMPO EXPERT";"BASAPLANT BLACK de COMPO EXPERT";"18";"0";"9.9";"8.1";"0";"18";"18";"18";"7.848";"18";"18";"14.94";;"NO";"NO";"0";"0";"2";"0";"0";"0";"0";"0.02";"0";"0";"0.01";"0.02";"0.05";"0.001";"0.05";"Sólido";"0"
"14";"Productos fertilizantes: abonos inorgánicos";"1616";"Complejo";"TERNARIO NPK";"BASAPLANT BLUE";"COMPO EXPERT";"BASAPLANT BLUE de COMPO EXPERT";"19";"0";"1.5";"17.5";"0";"5";"5";"5";"2.18";"5";"5";"4.15";;"NO";"NO";"0";"0";"47";"0";"0";"0";"0";"0.02";"0";"0";"0.01";"0.02";"0.05";"0.001";"0.05";"Sólido";"0"
"14";"Productos fertilizantes: abonos inorgánicos";"1617";"Complejo";"TERNARIO NPK";"BASAPLANT ORANGE";"COMPO EXPERT";"BASAPLANT ORANGE de COMPO EXPERT";"14";"0";"8";"6";"0";"5";"5";"5";"2.18";"30";"30";"24.9";;"NO";"NO";"0";"0";"17.5";"0";"0";"0";"0";"0.02";"0";"0";"0.01";"0.02";"0.05";"0.001";"0.05";"Sólido";"0"
"14";"Productos fertilizantes: abonos inorgánicos";"1618";"Complejo";"TERNARIO NPK";"BASAPLANT RED";"COMPO EXPERT";"BASAPLANT RED de COMPO EXPERT";"8";"0";"4.7";"3.3";"0";"10";"10";"10";"4.36";"34";"34";"28.22";;"NO";"NO";"0";"2";"24";"0";"0";"0";"0";"0.02";"0";"0";"0.01";"0.02";"0.05";"0.001";"0.05";"Sólido";"0"
"14";"Productos fertilizantes: abonos inorgánicos";"1619";"Complejo";"TERNARIO NPK";"BASAPLANT STARTER";"COMPO EXPERT";"BASAPLANT STARTER de COMPO EXPERT";"13";"0";"3.7";"9.3";"0";"36";"36";"36";"15.696";"13";"13";"10.79";;"NO";"NO";"0";"0";"6";"0";"0";"0";"0";"0.02";"0";"0";"0.01";"0.02";"0.05";"0.001";"0.05";"Sólido";"0"
"11";"Productos fertilizantes bioestimulantes";"1620";"Simple";"NITROGENADO";"BASFOLIAR AVANT NATUR";"COMPO EXPERT";"BASFOLIAR AVANT NATUR de COMPO EXPERT";"5.5";"5.5";"0";"0";"0";"0";"0";"0";"0";"0";"0";"0";;"NO";"NO";"0";"0";"0";"0";"0";"0";"0";"0";"0";"0";"0";"0";"0";"0";"0";"Líquido";"0"
"14";"Productos fertilizantes: abonos inorgánicos";"1621";"Complejo";"TERNARIO NPK";"BASFOLIAR BLOOM";"COMPO EXPERT";"BASFOLIAR BLOOM de COMPO EXPERT";"15";"0";"2";"5.8";"7.2";"30";"30";"30";"13.08";"15";"15";"12.45";;"NO";"NO";"0";"0";"0";"0";"0.03";"0";"0";"0.03";"0";"0";"0.03";"0";"0.07";"0.002";"0.08";"Sólido";"0"
"14";"Productos fertilizantes: abonos inorgánicos";"1622";"Complejo";"OTROS";"BASFOLIAR CA";"COMPO EXPERT";"BASFOLIAR CA de COMPO EXPERT";"0";"0";"0";"0";"0";"0";"0";"0";"0";"0";"0";"0";;"NO";"NO";"17.5";"0";"0";"0";"0";"0";"0";"0";"0";"0";"0";"0";"0";"0";"0";"Líquido";"0"
"14";"Productos fertilizantes: abonos inorgánicos";"1623";"Complejo";"TERNARIO NPK";"BASFOLIAR COMPLETE";"COMPO EXPERT";"BASFOLIAR COMPLETE de COMPO EXPERT";"20";"0";"4";"3";"13";"20";"20";"20";"8.72";"20";"20";"16.6";;"NO";"NO";"0";"0";"0";"0";"0.02";"0";"0";"0.02";"0";"0";"0.01";"0";"0.05";"0.001";"0.05";"Sólido";"0"
"14";"Productos fertilizantes: abonos inorgánicos";"1624";"Simple";"NITROGENADO";"BASFOLIAR FERROTOP FLUID";"COMPO EXPERT";"BASFOLIAR FERROTOP FLUID de COMPO EXPERT";"15";"0";"15";"0";"0";"0";"0";"0";"0";"0";"0";"0";;"NO";"NO";"0";"0";"10";"0";"0";"0";"0";"0";"0";"0";"0";"0";"0.04";"0";"8";"Líquido";"0"
"11";"Productos fertilizantes bioestimulantes";"1625";"Simple";"NITROGENADO";"BASFOLIAR FORTE";"COMPO EXPERT";"BASFOLIAR FORTE de COMPO EXPERT";"16";"0";"3.5";"5.2";"7.3";"0";"0";"0";"0";"0";"0";"0";;"NO";"NO";"0";"4";"8";"0";"0";"0";"0";"0";"0";"0";"0";"0";"0";"0";"0";"Líquido";"0"
"14";"Productos fertilizantes: abonos inorgánicos";"1626";"Complejo";"TERNARIO NPK";"BASFOLIAR FRUIT";"COMPO EXPERT";"BASFOLIAR FRUIT de COMPO EXPERT";"7";"0";"4";"0";"3";"8";"8";"8";"3.488";"34";"34";"28.22";;"NO";"NO";"0";"4";"22.5";"0";"0.02";"0";"0";"0.8";"0";"0";"0.01";"0";"1";"0.001";"0.05";"Sólido";"0"
"14";"Productos fertilizantes: abonos inorgánicos";"1627";"Complejo";"TERNARIO NPK";"BASFOLIAR INICIAL";"COMPO EXPERT";"BASFOLIAR INICIAL de COMPO EXPERT";"26";"0";"3";"2";"21";"10";"10";"10";"4.36";"10";"10";"8.3";;"NO";"NO";"0";"3";"0";"0";"0.02";"0";"0";"0.8";"0";"0";"0.1";"0";"1";"0.001";"0.05";"Sólido";"0"
"11";"Productos fertilizantes bioestimulantes";"1629";"Complejo";"OTROS";"BASFOLIAR KELP";"COMPO EXPERT";"BASFOLIAR KELP de COMPO EXPERT";"0";"0";"0";"0";"0";"0";"0";"0";"0";"0";"0";"0";;"NO";"NO";"0";"0";"0";"0";"0";"0";"0";"0";"0";"0";"0";"0";"0";"0";"0";"Líquido";"0"
"11";"Productos fertilizantes bioestimulantes";"1630";"Complejo";"OTROS";"BASFOLIAR KELP BIO";"COMPO EXPERT";"BASFOLIAR KELP BIO de COMPO EXPERT";"0";"0";"0";"0";"0";"0";"0";"0";"0";"0";"0";"0";;"NO";"NO";"0";"0";"0";"0";"0.15";"0";"0";"0.4";"0";"0";"0.5";"0";"0.4";"0.025";"0.55";"Líquido";"0"
"14";"Productos fertilizantes: abonos inorgánicos";"1631";"Complejo";"TERNARIO NPK";"BASFOLIAR OLIVO";"COMPO EXPERT";"BASFOLIAR OLIVO de COMPO EXPERT";"14";"0";"8";"1";"5";"5";"5";"5";"2.18";"28";"28";"23.24";;"NO";"NO";"0";"2";"5";"0";"0.02";"0";"0";"0";"0";"0";"2";"0";"0.04";"0.001";"0.04";"Sólido";"0"
"14";"Productos fertilizantes: abonos inorgánicos";"1632";"Complejo";"TERNARIO NPK";"BASFOLIAR PRIMAVERA";"COMPO EXPERT";"BASFOLIAR PRIMAVERA de COMPO EXPERT";"25";"0";"5";"3.6";"16.4";"10";"10";"10";"4.36";"17";"17";"14.11";;"NO";"NO";"0";"0";"10";"0";"0.02";"0";"0";"0.02";"0";"0";"0.01";"0";"0.05";"0.001";"0.05";"Sólido";"0"
"11";"Productos fertilizantes bioestimulantes";"1633";"Complejo";"OTROS";"BASFOLIAR SIZE";"COMPO EXPERT";"BASFOLIAR SIZE de COMPO EXPERT";"0";"0";"0";"0";"0";"0";"0";"0";"0";"0";"0";"0";;"NO";"NO";"0";"0";"0";"0";"0";"0";"0";"0";"0";"0";"0";"0";"0";"0";"0";"Líquido";"0"
"11";"Productos fertilizantes bioestimulantes";"1634";"Complejo";"OTROS";"BASFOLIAR SPYRA";"COMPO EXPERT";"BASFOLIAR SPYRA de COMPO EXPERT";"0";"0";"0";"0";"0";"0";"0";"0";"0";"0";"0";"0";;"NO";"NO";"0";"0";"0";"0";"0";"0";"0";"0";"0";"0";"0";"0";"0";"0";"0";"Líquido";"0"
"14";"Productos fertilizantes: abonos inorgánicos";"1635";"Simple";"NITROGENADO";"BASFOLIAR TOP-N SL";"COMPO EXPERT";"BASFOLIAR TOP-N SL de COMPO EXPERT";"28";"0";"0";"0";"28";"0";"0";"0";"0";"0";"0";"0";;"NO";"NO";"0";"0";"0";"0";"0";"0";"0";"0";"0";"0";"0";"0";"0";"0";"0";"Líquido";"0"
"14";"Productos fertilizantes: abonos inorgánicos";"1637";"Complejo";"OTROS";"BASFOLIAR ZNMN";"COMPO EXPERT";"BASFOLIAR ZNMN de COMPO EXPERT";"0";"0";"0";"0";"0";"0";"0";"0";"0";"0";"0";"0";;"NO";"NO";"0";"0";"0";"0";"0";"0";"0";"20.1";"0";"0";"0";"0";"14.4";"0";"0";"Líquido";"0"
"14";"Productos fertilizantes: abonos inorgánicos";"1638";"Complejo";"TERNARIO NPK";"BLAUKORN CLASSIC";"COMPO EXPERT";"BLAUKORN CLASSIC de COMPO EXPERT";"12";"0";"5";"7";"0";"8";"6.4";"8";"3.488";"16";"16";"13.28";;"NO";"NO";"0";"3";"22.5";"0";"0";"0";"0";"0.01";"0";"0";"0.02";"0";"0";"0";"0.06";"Sólido";"0"
"14";"Productos fertilizantes: abonos inorgánicos";"1639";"Complejo";"TERNARIO NPK";"BLAUKORN N MAX";"COMPO EXPERT";"BLAUKORN N MAX de COMPO EXPERT";"24";"0";"11";"13";"0";"5";"4";"5";"2.18";"5";"5";"4.15";;"NO";"NO";"0";"2";"12.5";"0";"0";"0";"0";"0.01";"0";"0";"0.02";"0";"0";"0";"0.06";"Sólido";"0"
"14";"Productos fertilizantes: abonos inorgánicos";"1640";"Complejo";"TERNARIO NPK";"BLAUKORN PREMIUM";"COMPO EXPERT";"BLAUKORN PREMIUM de COMPO EXPERT";"15";"0";"7";"8";"0";"3";"2.4";"3";"1.308";"20";"20";"16.6";;"NO";"NO";"0";"0";"22.5";"0";"0";"0";"0";"0.01";"0";"0";"0.02";"0";"0";"0";"0.06";"Sólido";"0"
"14";"Productos fertilizantes: abonos inorgánicos";"1641";"Complejo";"TERNARIO NPK";"DURATEC TOP 14";"COMPO EXPERT";"DURATEC TOP 14 de COMPO EXPERT";"14";"0";"6";"8";"0";"7";"5.6";"7";"3.052";"14";"14";"11.62";;"SI";"NO";"0";"0";"0";"0";"0";"0";"0";"0.01";"0";"0";"0.02";"0";"0";"0";"0.06";"Sólido";"0"
"14";"Productos fertilizantes: abonos inorgánicos";"1642";"Complejo";"TERNARIO NPK";"DURATEC TOP 21";"COMPO EXPERT";"DURATEC TOP 21 de COMPO EXPERT";"21";"0";"9.9";"11.1";"0";"5";"4";"5";"2.18";"9";"9";"7.47";;"SI";"NO";"0";"0";"0";"0";"0";"0";"0";"0.01";"0";"0";"0.02";"0";"0";"0";"0.06";"Sólido";"0"
"14";"Productos fertilizantes: abonos inorgánicos";"1643";"Complejo";"TERNARIO NPK";"DURATEC TOP 24";"COMPO EXPERT";"DURATEC TOP 24 de COMPO EXPERT";"24";"0";"11";"13";"0";"5";"4";"5";"2.18";"5";"5";"4.15";;"SI";"NO";"0";"0";"0";"0";"0";"0";"0";"0.01";"0";"0";"0.02";"0";"0";"0";"0.06";"Sólido";"0"
"14";"Productos fertilizantes: abonos inorgánicos";"1644";"Complejo";"BINARIO NP";"EASY START TE MAX";"COMPO EXPERT";"EASY START TE MAX de COMPO EXPERT";"11";"0";"0";"11";"0";"48";"44";"48";"20.928";"0";"0";"0";;"NO";"NO";"0";"0";"4.5";"0";"0";"0";"0";"1";"0";"0";"0.1";"0";"0.1";"0";"0.6";"Sólido";"0"
"14";"Productos fertilizantes: abonos inorgánicos";"1645";"Complejo";"OTROS";"FERTIBOR";"COMPO EXPERT";"FERTIBOR de COMPO EXPERT";"0";"0";"0";"0";"0";"0";"0";"0";"0";"0";"0";"0";;"NO";"NO";"0";"0";"0";"0";"0";"0";"0";"0";"0";"0";"15.2";"0";"0";"0";"0";"Sólido";"0"
"14";"Productos fertilizantes: abonos inorgánicos";"1646";"Complejo";"OTROS";"FETRILON 13";"COMPO EXPERT";"FETRILON 13 de COMPO EXPERT";"0";"0";"0";"0";"0";"0";"0";"0";"0";"0";"0";"0";;"NO";"NO";"0";"0";"0";"0";"0";"0";"0";"0";"0";"0";"0";"0";"0";"0";"13";"Sólido";"0"
"14";"Productos fertilizantes: abonos inorgánicos";"1647";"Complejo";"OTROS";"FETRILON COMBI 1";"COMPO EXPERT";"FETRILON COMBI 1 de COMPO EXPERT";"0";"0";"0";"0";"0";"0";"0";"0";"0";"0";"0";"0";;"NO";"NO";"0";"0";"0";"0";"1.5";"0";"0";"1.5";"0";"0";"0.5";"0";"4";"0.1";"4";"Sólido";"0"
"14";"Productos fertilizantes: abonos inorgánicos";"1648";"Complejo";"TERNARIO NPK";"FLORANID TWIN PERMANENT";"COMPO EXPERT";"FLORANID TWIN PERMANENT de COMPO EXPERT";"16";"0";"3.5";"12.5";"0";"5";"1.6";"5";"2.18";"15";"15";"12.45";;"NO";"NO";"0";"2";"21.25";"0";"0.01";"0";"0";"0.01";"0";"0";"0";"0";"0.1";"0";"0.5";"Sólido";"0"
"14";"Productos fertilizantes: abonos inorgánicos";"1649";"Complejo";"OTROS";"GRANUBOR NATUR";"COMPO EXPERT";"GRANUBOR NATUR de COMPO EXPERT";"0";"0";"0";"0";"0";"0";"0";"0";"0";"0";"0";"0";;"NO";"NO";"0";"0";"0";"0";"0";"0";"0";"0";"0";"0";"15";"0";"0";"0";"0";"Sólido";"0"
"14";"Productos fertilizantes: abonos inorgánicos";"1650";"Complejo";"TERNARIO NPK";"HAKAPHOS AMARILLO";"COMPO EXPERT";"HAKAPHOS AMARILLO de COMPO EXPERT";"17";"0";"7.2";"9.8";"0";"5";"5";"5";"2.18";"19";"19";"15.77";;"NO";"NO";"0";"1.5";"25";"0";"0";"0";"0";"0.02";"0";"0";"0.01";"0.02";"0.05";"0.001";"0.05";"Sólido";"0"
"14";"Productos fertilizantes: abonos inorgánicos";"1651";"Complejo";"TERNARIO NPK";"HAKAPHOS AZUL";"COMPO EXPERT";"HAKAPHOS AZUL de COMPO EXPERT";"15";"0";"4";"11";"0";"5";"5";"5";"2.18";"5";"5";"4.15";;"NO";"NO";"0";"2";"40";"0";"0";"0";"0";"0.02";"0";"0";"0.01";"0.02";"0.05";"0.001";"0.05";"Sólido";"0"
"14";"Productos fertilizantes: abonos inorgánicos";"1652";"Complejo";"TERNARIO NPK";"HAKAPHOS BASE";"COMPO EXPERT";"HAKAPHOS BASE de COMPO EXPERT";"7";"0";"5.5";"1.5";"0";"12";"12";"12";"5.232";"40";"40";"33.2";;"NO";"NO";"0";"2";"16.3";"0";"0";"0";"0";"0.02";"0";"0";"0.01";"0.02";"0.05";"0.001";"0.05";"Sólido";"0"
"14";"Productos fertilizantes: abonos inorgánicos";"1653";"Complejo";"TERNARIO NPK";"HAKAPHOS BASE TOP";"COMPO EXPERT";"HAKAPHOS BASE TOP de COMPO EXPERT";"7";"0";"1";"6";"0";"5";"5";"5";"2.18";"40";"40";"33.2";;"NO";"NO";"0";"2";"22";"0";"0";"0";"0";"0.02";"0";"0";"0.01";"0.02";"0.05";"0.001";"0.05";"Sólido";"0"
"14";"Productos fertilizantes: abonos inorgánicos";"1654";"Complejo";"TERNARIO NPK";"HAKAPHOS CA +K";"COMPO EXPERT";"HAKAPHOS CA +K de COMPO EXPERT";"14";"0";"12.5";"1.5";"0";"5";"5";"5";"2.18";"24";"24";"19.92";;"NO";"NO";"10";"0";"0";"0";"0";"0";"0";"0.02";"0";"0";"0.01";"0.02";"0.05";"0.001";"0.05";"Sólido";"0"
"14";"Productos fertilizantes: abonos inorgánicos";"1655";"Complejo";"BINARIO PK";"HAKAPHOS CA +N";"COMPO EXPERT";"HAKAPHOS CA +N  de COMPO EXPERT";"0";"0";"0";"0";"0";"6";"6";"6";"2.616";"6";"6";"4.98";;"NO";"NO";"14";"0";"0";"0";"0";"0";"0";"0.02";"0";"0";"0.01";"0.02";"0.05";"0.001";"0.05";"Sólido";"0"
"14";"Productos fertilizantes: abonos inorgánicos";"1656";"Complejo";"TERNARIO NPK";"HAKAPHOS CA +NPK";"COMPO EXPERT";"HAKAPHOS CA +NPK de COMPO EXPERT";"14";"0";"12.5";"1.5";"0";"6";"6";"6";"2.616";"15";"15";"12.45";;"NO";"NO";"15";"0";"0";"0";"0";"0";"0";"0.02";"0";"0";"0.01";"0.02";"0.05";"0.001";"0.05";"Sólido";"0"
"14";"Productos fertilizantes: abonos inorgánicos";"1657";"Complejo";"TERNARIO NPK";"HAKAPHOS CA +P";"COMPO EXPERT";"HAKAPHOS CA +P de COMPO EXPERT";"10";"0";"6";"4";"0";"31";"31";"31";"13.516";"10";"10";"8.3";;"NO";"NO";"10";"0";"0";"0";"0";"0";"0";"0.02";"0";"0";"0.01";"0.02";"0.05";"0.001";"0.05";"Sólido";"0"
"14";"Productos fertilizantes: abonos inorgánicos";"1658";"Complejo";"TERNARIO NPK";"HAKAPHOS CA K-MAX";"COMPO EXPERT";"HAKAPHOS CA K-MAX de COMPO EXPERT";"10";"0";"10";"0";"0";"15";"15";"15";"6.54";"28";"28";"23.24";;"NO";"NO";"6";"0";"0";"0";"0";"0";"0";"0.02";"0";"0";"0.01";"0.02";"0.05";"0.001";"0.05";"Sólido";"0"
"14";"Productos fertilizantes: abonos inorgánicos";"1659";"Complejo";"TERNARIO NPK";"HAKAPHOS NARANJA";"COMPO EXPERT";"HAKAPHOS NARANJA de COMPO EXPERT";"15";"0";"10.2";"4.8";"0";"5";"5";"5";"2.18";"30";"30";"24.9";;"NO";"NO";"10";"2";"0";"0";"0";"0";"0";"0.02";"0";"0";"0.01";"0.02";"0.05";"0.001";"0.05";"Sólido";"0"
"14";"Productos fertilizantes: abonos inorgánicos";"1660";"Complejo";"TERNARIO NPK";"HAKAPHOS ROJO";"COMPO EXPERT";"HAKAPHOS ROJO de COMPO EXPERT";"18";"0";"9.9";"8.1";"0";"18";"18";"18";"7.848";"18";"18";"14.94";;"NO";"NO";"0";"1";"2";"0";"0";"0";"0";"0.02";"0";"0";"0.01";"0.02";"0.05";"0.001";"0.05";"Sólido";"0"
"14";"Productos fertilizantes: abonos inorgánicos";"1661";"Complejo";"TERNARIO NPK";"HAKAPHOS VERDE";"COMPO EXPERT";"HAKAPHOS VERDE de COMPO EXPERT";"15";"0";"4";"11";"0";"10";"10";"10";"4.36";"15";"15";"12.45";;"NO";"NO";"0";"2";"30";"0";"0";"0";"0";"0.02";"0";"0";"0.01";"0.02";"0.05";"0.001";"0.05";"Sólido";"0"
"14";"Productos fertilizantes: abonos inorgánicos";"1662";"Complejo";"TERNARIO NPK";"HAKAPHOS VIOLETA";"COMPO EXPERT";"HAKAPHOS VIOLETA de COMPO EXPERT";"13";"0";"4";"9";"0";"40";"40";"40";"17.44";"13";"13";"10.79";;"NO";"NO";"0";"0";"0";"0";"0";"0";"0";"0.02";"0";"0";"0.01";"0.02";"0.05";"0.001";"0.05";"Sólido";"0"
"14";"Productos fertilizantes: abonos inorgánicos";"1663";"Simple";"NITROGENADO";"HYDROSPEED BS NET CA";"COMPO EXPERT";"HYDROSPEED BS NET CA de COMPO EXPERT";"20";"0";"15";"5";"0";"0";"0";"0";"0";"0";"0";"0";;"NO";"NO";"20";"0";"0";"0";"0";"0";"0";"0";"0";"0";"0";"0";"0";"0";"0";"Sólido";"0"
"14";"Productos fertilizantes: abonos inorgánicos";"1664";"Complejo";"BINARIO NK";"HYDROSPEED BS NET NK CA";"COMPO EXPERT";"HYDROSPEED BS NET NK CA de COMPO EXPERT";"20";"0";"15";"5";"0";"0";"0";"0";"0";"9";"9";"7.47";;"NO";"NO";"15";"0";"0";"0";"0";"0";"0";"0";"0";"0";"0";"0";"0";"0";"0";"Sólido";"0"
"11";"Productos fertilizantes bioestimulantes";"1665";"Complejo";"OTROS";"INVELOP WHITE PROTECT";"COMPO EXPERT";"INVELOP WHITE PROTECT de COMPO EXPERT";"0";"0";"0";"0";"0";"0";"0";"0";"0";"0";"0";"0";;"NO";"NO";"0";"30";"0";"0";"0";"0";"0";"0";"0";"0";"0";"0";"0";"0";"0";"Sólido";"0"
"11";"Productos fertilizantes bioestimulantes";"1666";"Complejo";"OTROS";"KAMASOL AQUA";"COMPO EXPERT";"KAMASOL AQUA de COMPO EXPERT";"0";"0";"0";"0";"0";"0";"0";"0";"0";"0";"0";"0";;"NO";"NO";"0";"0";"0";"0";"0";"0";"0";"0";"0";"0";"0";"0";"0";"0";"0";"Líquido";"0"
"11";"Productos fertilizantes bioestimulantes";"1667";"Simple";"POTÁSICO";"KAMASOL BLACK";"COMPO EXPERT";"KAMASOL BLACK de COMPO EXPERT";"0";"0";"0";"0";"0";"0";"0";"0";"0";"1.6";"1.6";"1.328";;"NO";"NO";"0";"0";"0";"0";"0";"0";"0";"0";"0";"0";"0";"0";"0";"0";"0";"Líquido";"7.5"
"11";"Productos fertilizantes bioestimulantes";"1669";"Complejo";"OTROS";"KAMASOL PRESAL";"COMPO EXPERT";"KAMASOL PRESAL de COMPO EXPERT";"0";"0";"0";"0";"0";"0";"0";"0";"0";"0";"0";"0";;"NO";"NO";"28";"0";"0";"0";"0";"0";"0";"0";"0";"0";"0";"0";"0";"0";"0";"Líquido";"0"
"14";"Productos fertilizantes: abonos inorgánicos";"1670";"Complejo";"OTROS";"MANTRILON WG";"COMPO EXPERT";"MANTRILON WG de COMPO EXPERT";"0";"0";"0";"0";"0";"0";"0";"0";"0";"0";"0";"0";;"NO";"NO";"0";"0";"0";"0";"0";"0";"0";"0";"0";"0";"0";"0";"13";"0";"0";"Líquido";"0"
"14";"Productos fertilizantes: abonos inorgánicos";"1671";"Complejo";"OTROS";"MICROLONIC";"COMPO EXPERT";"MICROLONIC de COMPO EXPERT";"0";"0";"0";"0";"0";"0";"0";"0";"0";"0";"0";"0";;"NO";"NO";"0";"0";"0";"0";"0.3";"0";"0";"0.7";"0";"0";"0";"0";"3.5";"0.3";"7";"Sólido";"0"
"14";"Productos fertilizantes: abonos inorgánicos";"1672";"Complejo";"OTROS";"MICROLONIC CON BORO";"COMPO EXPERT";"MICROLONIC CON BORO de COMPO EXPERT";"0";"0";"0";"0";"0";"0";"0";"0";"0";"0";"0";"0";;"NO";"NO";"0";"0";"0";"0";"0.3";"0";"0";"0.7";"0";"0";"0.65";"0";"3.5";"0.3";"7.5";"Sólido";"0"
"14";"Productos fertilizantes: abonos inorgánicos";"1673";"Complejo";"TERNARIO NPK";"NEXUR 32-7-7";"COMPO EXPERT";"NEXUR 32-7-7 de COMPO EXPERT";"32";"0";"0";"7";"25";"7";"6.5";"7";"3.052";"7";"7";"5.81";;"NO";"SI";"0";"0";"11";"0";"0";"0";"0";"0";"0";"0";"0";"0";"0";"0";"0";"Sólido";"0"
"14";"Productos fertilizantes: abonos inorgánicos";"1674";"Simple";"NITROGENADO";"NEXUR 46";"COMPO EXPERT";"NEXUR 46 de COMPO EXPERT";"46";"0";"0";"0";"46";"0";"0";"0";"0";"0";"0";"0";;"NO";"SI";"0";"0";"0";"0";"0";"0";"0";"0";"0";"0";"0";"0";"0";"0";"0";"Sólido";"0"
"14";"Productos fertilizantes: abonos inorgánicos";"1675";"Simple";"NITROGENADO";"NEXUR S";"COMPO EXPERT";"NEXUR S de COMPO EXPERT";"38";"0";"0";"7";"31";"0";"0";"0";"0";"0";"0";"0";;"NO";"SI";"0";"0";"7";"0";"0";"0";"0";"0";"0";"0";"0";"0";"0";"0";"0";"Sólido";"0"
"11";"Productos fertilizantes bioestimulantes";"1676";"Simple";"NITROGENADO";"NOVATEC AMINOFLUID";"COMPO EXPERT";"NOVATEC AMINOFLUID de COMPO EXPERT";"15";"1";"5.5";"5.5";"3";"0";"0";"0";"0";"0";"0";"0";;"SI";"NO";"0";"0";"0";"0";"0";"0";"0";"0";"0";"0";"0";"0";"0";"0";"0";"Líquido";"0"
"14";"Productos fertilizantes: abonos inorgánicos";"1680";"Simple";"NITROGENADO";"NOVATEC NITRORIZ";"COMPO EXPERT";"NOVATEC NITRORIZ de COMPO EXPERT";"32";"0";"0";"12";"20";"0";"0";"0";"0";"0";"0";"0";;"SI";"NO";"0";"0";"32";"0";"0";"0";"0";"0";"0";"0";"0";"0";"0";"0";"0";"Sólido";"0"
"14";"Productos fertilizantes: abonos inorgánicos";"1681";"Complejo";"BINARIO NK";"NOVATEC SOLUB 10.0.32";"COMPO EXPERT";"NOVATEC SOLUB 10.0.32 de COMPO EXPERT";"10";"0";"4.5";"5.5";"0";"0";"0";"0";"0";"32";"32";"26.56";;"SI";"NO";"0";"2";"35";"0";"0";"0";"0";"0";"0";"0";"0";"0";"0";"0";"0";"Sólido";"0"
"14";"Productos fertilizantes: abonos inorgánicos";"1682";"Complejo";"BINARIO NP";"NOVATEC SOLUB 14.48";"COMPO EXPERT";"NOVATEC SOLUB 14.48 de COMPO EXPERT";"14";"0";"0";"14";"0";"48";"48";"48";"20.928";"0";"0";"0";;"SI";"NO";"0";"0";"4.8";"0";"0";"0";"0";"0";"0";"0";"0";"0";"0";"0";"0";"Sólido";"0"
"14";"Productos fertilizantes: abonos inorgánicos";"1683";"Complejo";"TERNARIO NPK";"NOVATEC SOLUB 14.8.30";"COMPO EXPERT";"NOVATEC SOLUB 14.8.30 de COMPO EXPERT";"14";"0";"8";"6";"0";"8";"8";"8";"3.488";"30";"30";"24.9";;"SI";"NO";"0";"1";"13";"0";"0";"0";"0";"0";"0";"0";"0";"0";"0";"0";"0";"Sólido";"0"
"14";"Productos fertilizantes: abonos inorgánicos";"1684";"Complejo";"TERNARIO NPK";"NOVATEC SOLUB 16.10.17";"COMPO EXPERT";"NOVATEC SOLUB 16.10.17 de COMPO EXPERT";"16";"0";"5";"11";"0";"10";"10";"10";"4.36";"17";"17";"14.11";;"SI";"NO";"0";"1";"27";"0";"0";"0";"0";"0";"0";"0";"0";"0";"0";"0";"0";"Sólido";"0"
"14";"Productos fertilizantes: abonos inorgánicos";"1685";"Complejo";"BINARIO NP";"NOVATEC SOLUB 16.30";"COMPO EXPERT";"NOVATEC SOLUB 16.30 de COMPO EXPERT";"16";"0";"0";"16";"0";"30";"30";"30";"13.08";"0";"0";"0";;"SI";"NO";"0";"0";"12";"0";"0";"0";"0";"0";"0";"0";"0";"0";"0";"0";"0";"Sólido";"0"
"14";"Productos fertilizantes: abonos inorgánicos";"1686";"Complejo";"TERNARIO NPK";"NOVATEC SOLUB 20.5.10";"COMPO EXPERT";"NOVATEC SOLUB 20.5.10 de COMPO EXPERT";"20";"0";"5.8";"14.2";"0";"5";"5";"5";"2.18";"10";"10";"8.3";;"SI";"NO";"0";"1.3";"32";"0";"0";"0";"0";"0";"0";"0";"0";"0";"0";"0";"0";"Sólido";"0"
"14";"Productos fertilizantes: abonos inorgánicos";"1687";"Simple";"NITROGENADO";"NOVATEC SOLUB 21";"COMPO EXPERT";"NOVATEC SOLUB 21 de COMPO EXPERT";"21";"0";"0";"21";"0";"0";"0";"0";"0";"0";"0";"0";;"SI";"NO";"0";"0";"60";"0";"0";"0";"0";"0";"0";"0";"0";"0";"0";"0";"0";"Sólido";"0"
"14";"Productos fertilizantes: abonos inorgánicos";"1688";"Simple";"NITROGENADO";"NOVATEC SOLUB 21FE";"COMPO EXPERT";"NOVATEC SOLUB 21FE de COMPO EXPERT";"21";"0";"0";"21";"0";"0";"0";"0";"0";"0";"0";"0";;"SI";"NO";"0";"0";"60";"0";"0";"0";"0";"0";"0";"0";"0";"0";"0";"0";"0.05";"Sólido";"0"
"14";"Productos fertilizantes: abonos inorgánicos";"1689";"Complejo";"BINARIO NK";"NOVATEC SOLUB 9.0.43";"COMPO EXPERT";"NOVATEC SOLUB 9.0.43 de COMPO EXPERT";"9";"0";"3";"6";"0";"0";"0";"0";"0";"43";"43";"35.69";;"SI";"NO";"0";"0";"30";"0";"0";"0";"0";"0";"0";"0";"0";"0";"0";"0";"0";"Sólido";"0"
"14";"Productos fertilizantes: abonos inorgánicos";"1690";"Complejo";"BINARIO NK";"NOVATEC SOLUB BS 4.0.40";"COMPO EXPERT";"NOVATEC SOLUB BS 4.0.40 de COMPO EXPERT";"4";"0";"0";"4";"0";"0";"0";"0";"0";"40";"40";"33.2";;"SI";"NO";"0";"0";"48";"0";"0";"0";"0";"0";"0";"0";"0";"0";"0";"0";"0";"Sólido";"0"
"14";"Productos fertilizantes: abonos inorgánicos";"1691";"Simple";"NITROGENADO";"NOVATEC SOLUB BS-CALCIUM";"COMPO EXPERT";"NOVATEC SOLUB BS-CALCIUM de COMPO EXPERT";"21";"0";"10";"1";"10";"0";"0";"0";"0";"0";"0";"0";;"SI";"NO";"21";"0";"0";"0";"0";"0";"0";"0";"0";"0";"0";"0";"0";"0";"0";"Sólido";"0"
"14";"Productos fertilizantes: abonos inorgánicos";"1692";"Complejo";"BINARIO NK";"NOVATEC SOLUB BS-FRUIT";"COMPO EXPERT";"NOVATEC SOLUB BS-FRUIT de COMPO EXPERT";"9";"0";"3";"0";"6";"0";"0";"0";"0";"43";"43";"35.69";;"SI";"NO";"0";"0";"30";"0";"0";"0";"0";"0";"0";"0";"0";"0";"0";"0";"0";"Sólido";"0"
"14";"Productos fertilizantes: abonos inorgánicos";"1693";"Simple";"NITROGENADO";"NOVATEC SOLUB BS-INICIAL";"COMPO EXPERT";"NOVATEC SOLUB BS-INICIAL de COMPO EXPERT";"21";"0";"0";"21";"0";"0";"0";"0";"0";"0";"0";"0";;"SI";"NO";"0";"0";"60";"0";"0";"0";"0";"0";"0";"0";"0";"0";"0";"0";"0";"Sólido";"0"
"14";"Productos fertilizantes: abonos inorgánicos";"1694";"Complejo";"BINARIO NP";"NOVATEC SOLUB BS-RHIZO";"COMPO EXPERT";"NOVATEC SOLUB BS-RHIZO de COMPO EXPERT";"16";"0";"0";"16";"0";"30";"30";"30";"13.08";"0";"0";"0";;"SI";"NO";"0";"0";"30";"0";"0";"0";"0";"0";"0";"0";"0";"0";"0";"0";"0";"Sólido";"0"
"14";"Productos fertilizantes: abonos inorgánicos";"1695";"Complejo";"TERNARIO NPK";"NOVATEC SOLUB COMPLETE";"COMPO EXPERT";"NOVATEC SOLUB COMPLETE de COMPO EXPERT";"18";"0";"8.2";"9.8";"0";"18";"18";"18";"7.848";"18";"18";"14.94";;"SI";"NO";"0";"1";"2";"0";"0.02";"0";"0";"0.02";"0";"0";"0.01";"0";"0.05";"0.001";"0.05";"Sólido";"0"
"14";"Productos fertilizantes: abonos inorgánicos";"1696";"Complejo";"TERNARIO NPK";"NOVATEC SOLUB K-MAX";"COMPO EXPERT";"NOVATEC SOLUB K-MAX de COMPO EXPERT";"10";"0";"4.2";"5.8";"0";"5";"5";"5";"2.18";"30";"30";"24.9";;"SI";"NO";"0";"0";"32";"0";"0.02";"0";"0";"0.02";"0";"0";"0.01";"0";"0.05";"0.001";"0.05";"Sólido";"0"
"14";"Productos fertilizantes: abonos inorgánicos";"1697";"Simple";"NITROGENADO";"NOVATEC SOLUB N-MAG";"COMPO EXPERT";"NOVATEC SOLUB N-MAG de COMPO EXPERT";"20";"0";"0";"20";"0";"0";"0";"0";"0";"0";"0";"0";;"SI";"NO";"0";"2";"60";"0";"0";"0";"0";"0";"0";"0";"0";"0";"0";"0";"0";"Sólido";"0"
"14";"Productos fertilizantes: abonos inorgánicos";"1698";"Complejo";"TERNARIO NPK";"NOVATEC SOLUB N-MAX";"COMPO EXPERT";"NOVATEC SOLUB N-MAX de COMPO EXPERT";"19";"0";"3.1";"15.9";"0";"5";"5";"5";"2.18";"2";"2";"1.66";;"SI";"NO";"0";"2";"42";"0";"0.02";"0";"0";"0.02";"0";"0";"0.01";"0";"0.05";"0.001";"0.05";"Sólido";"0"
"14";"Productos fertilizantes: abonos inorgánicos";"1699";"Complejo";"BINARIO NK";"NOVATEC SOLUB NK CALCIUM";"COMPO EXPERT";"NOVATEC SOLUB NK CALCIUM de COMPO EXPERT";"22";"0";"11.5";"10.5";"0";"0";"0";"0";"0";"10";"10";"8.3";;"SI";"NO";"15";"0";"0";"0";"0";"0";"0";"0";"0";"0";"0";"0";"0";"0";"0";"Sólido";"0"
"14";"Productos fertilizantes: abonos inorgánicos";"1700";"Complejo";"TERNARIO NPK";"NOVATEC SOLUB NK-MAX";"COMPO EXPERT";"NOVATEC SOLUB NK-MAX de COMPO EXPERT";"16";"0";"5.5";"10.5";"0";"8";"8";"8";"3.488";"16";"16";"13.28";;"SI";"NO";"0";"2";"32";"0";"0.02";"0";"0";"0.02";"0";"0";"0.01";"0";"0.05";"0.001";"0.05";"Sólido";"0"
"14";"Productos fertilizantes: abonos inorgánicos";"1701";"Complejo";"TERNARIO NPK";"NOVATEC SOLUB P-MAX";"COMPO EXPERT";"NOVATEC SOLUB P-MAX de COMPO EXPERT";"13";"0";"5.1";"7.9";"0";"33";"33";"33";"14.388";"13";"13";"10.79";;"SI";"NO";"0";"2.5";"5";"0";"0.02";"0";"0";"0.02";"0";"0";"0.01";"0";"0.05";"0.001";"0.05";"Sólido";"0"
"14";"Productos fertilizantes: abonos inorgánicos";"1704";"Simple";"NITROGENADO";"NOVATEC 21";"COMPO EXPERT";"NOVATEC 21 de COMPO EXPERT";"21";"0";"0";"21";"0";"0";"0";"0";"0";"0";"0";"0";;"SI";"NO";"0";"0";"60";"0";"0";"0";"0";"0";"0";"0";"0";"0";"0";"0";"0";"Sólido";"0"
"14";"Productos fertilizantes: abonos inorgánicos";"1706";"Complejo";"OTROS";"NOVATEC 24-10";"COMPO EXPERT";"NOVATEC 24-10 de COMPO EXPERT";"0";"0";"0";"0";"0";"0";"0";"0";"0";"0";"0";"0";;"SI";"NO";"0";"0";"0";"0";"0";"0";"0";"0";"0";"0";"0";"0";"0";"0";"0";"Sólido";"0"
"14";"Productos fertilizantes: abonos inorgánicos";"1707";"Complejo";"TERNARIO NPK";"NOVATEC CLASSIC";"COMPO EXPERT";"NOVATEC CLASSIC de COMPO EXPERT";"12";"0";"5";"7";"0";"8";"6.4";"8";"3.488";"16";"16";"13.28";;"SI";"NO";"0";"3";"22.5";"0";"0";"0";"0";"0.01";"0";"0";"0.02";"0";"0";"0";"0";"Sólido";"0"
"14";"Productos fertilizantes: abonos inorgánicos";"1717";"Complejo";"TERNARIO NPK";"NOVATEC N-MAX";"COMPO EXPERT";"NOVATEC N-MAX de COMPO EXPERT";"24";"0";"11";"13";"0";"5";"4";"5";"2.18";"5";"5";"4.15";;"SI";"NO";"0";"2";"12.5";"0";"0";"0";"0";"0.01";"0";"0";"0.02";"0";"0";"0";"0.06";"Sólido";"0"
"14";"Productos fertilizantes: abonos inorgánicos";"1718";"Complejo";"TERNARIO NPK";"NOVATEC PREMIUM";"COMPO EXPERT";"NOVATEC PREMIUM de COMPO EXPERT";"15";"0";"7";"8";"0";"3";"2.4";"3";"1.308";"20";"20";"16.6";;"SI";"NO";"0";"0";"22.5";"0";"0";"0";"0";"0.01";"0";"0";"0.02";"0";"0";"0";"0.06";"Sólido";"0"
"14";"Productos fertilizantes: abonos inorgánicos";"1719";"Simple";"NITROGENADO";"NUTRIBOR";"COMPO EXPERT";"NUTRIBOR de COMPO EXPERT";"6";"0";"0";"0";"6";"0";"0";"0";"0";"0";"0";"0";;"NO";"NO";"0";"5";"22.5";"0";"0";"0";"0";"0.1";"0";"0";"8";"0";"1";"0.04";"0";"Sólido";"0"
"14";"Productos fertilizantes: abonos inorgánicos";"1720";"Complejo";"OTROS";"SOLUBOR";"COMPO EXPERT";"SOLUBOR de COMPO EXPERT";"0";"0";"0";"0";"0";"0";"0";"0";"0";"0";"0";"0";;"NO";"NO";"0";"0";"0";"0";"0";"0";"0";"0";"0";"0";"17.5";"0";"0";"0";"0";"Sólido";"0"
"11";"Productos fertilizantes bioestimulantes";"1721";"Simple";"NITROGENADO";"TERRAPLUS CA FLUID";"COMPO EXPERT";"TERRAPLUS CA FLUID de COMPO EXPERT";"1";"1";"0";"0";"0";"0";"0";"0";"0";"0";"0";"0";;"NO";"NO";"8";"0";"0";"0";"0";"0";"0";"0";"0";"0";"0";"0";"0";"0";"0";"Líquido";"0"
"11";"Productos fertilizantes bioestimulantes";"1722";"Simple";"TERNARIO NPK";"TERRAPLUS FLUID INITIAL";"COMPO EXPERT";"TERRAPLUS FLUID INITIAL de COMPO EXPERT";"8";"7.2";"0";"0.8";"0";"2";"2";"2";"0.872";"3";"3";"2.49";;"NO";"NO";"0";"0";"0";"0";"0";"0";"0";"0";"0";"0";"0";"0";"0";"0";"0";"Líquido";"9"
"11";"Productos fertilizantes bioestimulantes";"1724";"Simple";"NITROGENADO";"TERRAPLUS N FLUID";"COMPO EXPERT";"TERRAPLUS N FLUID de COMPO EXPERT";"6";"5.5";"0";"0.5";"0";"0";"0";"0";"0";"0";"0";"0";;"NO";"NO";"0";"0";"0";"0";"0";"0";"0";"0";"0";"0";"0";"0";"0";"0";"0";"Líquido";"30"
"16";"Productos fertilizantes: abonos organominerales";"1725";"Simple";"TERNARIO NPK";"TERRAPLUS NATURA K";"COMPO EXPERT";"TERRAPLUS NATURA K de COMPO EXPERT";"3.5";"3.5";"0";"0";"0";"4";"4";"4";"1.744";"12";"12";"9.96";;"NO";"NO";"0";"0";"0";"0";"0";"0";"0";"0";"0";"0";"0";"0";"0";"0";"0";"Sólido";"20"
"15";"Productos fertilizantes: abonos orgánicos";"1726";"Simple";"TERNARIO NPK";"TERRAPLUS NATURA N";"COMPO EXPERT";"TERRAPLUS NATURA N de COMPO EXPERT";"11.5";"7.5";"0";"0";"4";"2";"2";"2";"0.872";"2";"2";"1.66";;"NO";"NO";"0";"2";"17";"0";"0";"0";"0";"0";"0";"0";"0";"0";"0";"0";"0";"Sólido";"12"
"16";"Productos fertilizantes: abonos organominerales";"1727";"Simple";"TERNARIO NPK";"TERRAPLUS NATURA NPK";"COMPO EXPERT";"TERRAPLUS NATURA NPK de COMPO EXPERT";"5.5";"5.5";"0";"0";"0";"4";"4";"4";"1.744";"4";"4";"3.32";;"NO";"NO";"0";"0";"0";"0";"0";"0";"0";"0";"0";"0";"0";"0";"0";"0";"0";"Sólido";"30"
"16";"Productos fertilizantes: abonos organominerales";"1728";"Simple";"TERNARIO NPK";"TERRAPLUS N MAX";"COMPO EXPERT";"TERRAPLUS N MAX de COMPO EXPERT";"12";"1";"0";"7";"4";"6";"6";"6";"2.616";"4";"4";"3.32";;"NO";"NO";"0";"2";"17";"0";"0";"0";"0";"0";"0";"0";"0";"0";"0";"0";"0";"Sólido";"12"
"11";"Productos fertilizantes bioestimulantes";"1729";"Simple";"TERNARIO NPK";"TERRAPLUS SOLUB BOOST";"COMPO EXPERT";"TERRAPLUS SOLUB BOOST de COMPO EXPERT";"7";"7";"0";"0";"0";"7";"7";"7";"3.052";"7";"7";"5.81";;"NO";"NO";"0";"2";"0";"0";"0";"0";"0";"0.02";"0";"0";"0";"0";"0.01";"0";"0.05";"Sólido";"45"
"14";"Productos fertilizantes: abonos inorgánicos";"1730";"Complejo";"OTROS";"VITANICA CUTAN";"COMPO EXPERT";"VITANICA CUTAN de COMPO EXPERT";"0";"0";"0";"0";"0";"0";"0";"0";"0";"0";"0";"0";;"NO";"NO";"0";"0";"0";"0";"5";"0";"0";"0";"0";"0";"0";"0";"0";"0";"0";"Líquido";"0"
"11";"Productos fertilizantes bioestimulantes";"1731";"Complejo";"BINARIO NK";"VITANICA RZ";"COMPO EXPERT";"VITANICA RZ de COMPO EXPERT";"5";"3.5";"1.5";"0";"0";"0";"0";"0";"0";"5";"5";"4.15";;"NO";"NO";"0";"0";"0";"0";"0";"0";"0";"0";"0";"0";"0";"0";"0";"0";"0";"Líquido";"0"
"11";"Productos fertilizantes bioestimulantes";"1732";"Complejo";"BINARIO NK";"VITANICA SI";"COMPO EXPERT";"VITANICA SI de COMPO EXPERT";"5";"0";"0";"0";"5";"0";"0";"0";"0";"7";"7";"5.81";;"NO";"NO";"0";"0";"0";"0";"0";"0";"0";"0";"0";"0";"0";"0";"0";"0";"0";"Líquido";"0"
"14";"Productos fertilizantes: abonos inorgánicos";"1733";"Complejo";"OTROS";"ZITRILON";"COMPO EXPERT";"ZITRILON de COMPO EXPERT";"0";"0";"0";"0";"0";"0";"0";"0";"0";"0";"0";"0";;"NO";"NO";"0";"0";"0";"0";"0";"0";"0";"15";"0";"0";"0";"0";"0";"0";"0";"Sólido";"0"
"14";"Productos fertilizantes: abonos inorgánicos";"1734";"Simple";"NITROGENADO";"EFFICIENT";"SIPCAM IBERIA";"EFFICIENT de SIPCAM IBERIA";"28";"0";"0";"0";"28";"0";"0";"0";"0";"0";"0";"0";;"NO";"NO";"0";"0";"0";"0";"0";"0";"0";"0";"0";"0";"0";"0";"0";"0";"0";"Líquido";"19.65"
"14";"Productos fertilizantes: abonos inorgánicos";"1735";"Complejo";"OTROS";"INABOR";"SIPCAM IBERIA";"INABOR de SIPCAM IBERIA";"0";"0";"0";"0";"0";"0";"0";"0";"0";"0";"0";"0";;"NO";"NO";"0";"0";"0";"0";"0";"0";"0";"0";"0";"0";"11";"0";"0";"0";"0";"Líquido";"8.45"
"14";"Productos fertilizantes: abonos inorgánicos";"1736";"Complejo";"TERNARIO NPK";"INAFOL BROTACION";"SIPCAM IBERIA";"INAFOL BROTACION de SIPCAM IBERIA";"24";"0";"0";"22";"2";"12";"12";"12";"5.232";"12";"12";"9.96";;"NO";"NO";"0";"0";"12.5";"0";"0";"0";"0";"0.05";"0";"0";"1";"0";"0.05";"0";"0";"Sólido";"6.18"
"14";"Productos fertilizantes: abonos inorgánicos";"1737";"Complejo";"BINARIO NK";"LIQUI-K";"SIPCAM IBERIA";"LIQUI-K de SIPCAM IBERIA";"3";"0";"0";"0";"3";"0";"0";"0";"0";"37";"37";"30.71";;"NO";"NO";"0";"0";"0";"0";"0";"0";"0";"0";"0";"0";"0";"0";"0";"0";"0";"Líquido";"5.75"
"14";"Productos fertilizantes: abonos inorgánicos";"1738";"Complejo";"BINARIO NK";"LIQUI-K EXPRESS";"SIPCAM IBERIA";"LIQUI-K EXPRESS de SIPCAM IBERIA";"3";"0";"0";"0";"3";"0";"0";"0";"0";"50";"50";"41.5";;"NO";"NO";"0";"0";"0";"0";"0";"0";"0";"0";"0";"0";"0";"0";"0";"0";"0";"Sólido";"3.78"
"14";"Productos fertilizantes: abonos inorgánicos";"1739";"Simple";"NITROGENADO";"MAGNOFOL";"SIPCAM IBERIA";"MAGNOFOL de SIPCAM IBERIA";"6";"0";"6";"0";"0";"0";"0";"0";"0";"0";"0";"0";;"NO";"NO";"0";"9";"0";"0";"0";"0";"0";"0.16";"0";"0";"0";"0";"0";"0";"0";"Líquido";"0.98"
"14";"Productos fertilizantes: abonos inorgánicos";"1740";"Simple";"NITROGENADO";"TONOFOL";"SIPCAM IBERIA";"TONOFOL de SIPCAM IBERIA";"15";"0";"0";"0";"15";"0";"0";"0";"0";"0";"0";"0";;"NO";"NO";"0";"0";"8";"0";"0";"0";"0";"10";"0";"0";"0";"0";"5";"0";"0";"Líquido";"7.73"
"14";"Productos fertilizantes: abonos inorgánicos";"1741";"Complejo";"OTROS";"TONOFOL MG";"SIPCAM IBERIA";"TONOFOL MG de SIPCAM IBERIA";"0";"0";"0";"0";"0";"0";"0";"0";"0";"0";"0";"0";;"NO";"NO";"2";"8.6";"0";"0";"0.5";"0";"0";"19";"0";"0";"0";"0";"11";"0.1";"0";"Sólido";"3.29"
"14";"Productos fertilizantes: abonos inorgánicos";"1742";"Complejo";"OTROS";"TONOFOL SP";"SIPCAM IBERIA";"TONOFOL SP de SIPCAM IBERIA";"0";"0";"0";"0";"0";"0";"0";"0";"0";"0";"0";"0";;"NO";"NO";"0";"0";"0";"0";"0";"0";"0";"28";"0";"0";"0";"0";"17";"0";"0";"Sólido";"2.66"
"11";"Productos fertilizantes bioestimulantes";"1743";"Complejo";"OTROS";"BLACKJAK";"SIPCAM IBERIA";"BLACKJAK de SIPCAM IBERIA";"0";"0";"0";"0";"0";"0";"0";"0";"0";"0";"0";"0";;"NO";"NO";"0";"0";"0";"0";"0";"0";"0";"0";"0";"0";"0";"0";"0";"0";"0";"Líquido";"18.5"
"11";"Productos fertilizantes bioestimulantes";"1744";"Complejo";"OTROS";"ABYSS";"SIPCAM IBERIA";"ABYSS de SIPCAM IBERIA";"0";"0";"0";"0";"0";"0";"0";"0";"0";"0";"0";"0";;"NO";"NO";"0";"0";"0";"0";"0";"0";"0";"0";"0";"0";"0";"0";"0";"0";"0";"Líquido";"4.63"
"11";"Productos fertilizantes bioestimulantes";"1745";"Simple";"NITROGENADO";"AGUADEMAYO";"SIPCAM IBERIA";"AGUADEMAYO de SIPCAM IBERIA";"5.5";"3.5";"0";"2";"0";"0";"0";"0";"0";"0";"0";"0";;"NO";"NO";"0";"0";"0";"0";"0";"0";"0";"0.1";"0";"0";"0";"0";"0.1";"0";"0";"Líquido";"17.07"
"11";"Productos fertilizantes bioestimulantes";"1746";"Complejo";"OTROS";"DEKIEL";"SIPCAM IBERIA";"DEKIEL de SIPCAM IBERIA";"0";"0";"0";"0";"0";"0";"0";"0";"0";"0";"0";"0";;"NO";"NO";"0";"0";"0";"0";"0";"0";"0";"0";"0";"0";"0";"0";"0";"0";"0";"Sólido";"33.89"
"11";"Productos fertilizantes bioestimulantes";"1747";"Simple";"NITROGENADO";"PERFECTOSE";"SIPCAM IBERIA";"PERFECTOSE de SIPCAM IBERIA";"6.6";"3";"0";"3.6";"0";"0";"0";"0";"0";"0";"0";"0";;"NO";"NO";"0";"0";"0";"0";"0";"0";"0";"0";"0";"0";"0";"0";"0";"0";"0";"Líquido";"17.38"
"11";"Productos fertilizantes bioestimulantes";"1748";"Complejo";"OTROS";"RECORD";"SIPCAM IBERIA";"RECORD de SIPCAM IBERIA";"0";"0";"0";"0";"0";"0";"0";"0";"0";"0";"0";"0";;"NO";"NO";"7";"1.7";"0";"0";"0";"0";"0";"0.5";"0";"0";"0.1";"0";"1.5";"0";"0";"Líquido";"8.44"
"11";"Productos fertilizantes bioestimulantes";"1749";"Simple";"NITROGENADO";"STILO HYDRO";"SIPCAM IBERIA";"STILO HYDRO de SIPCAM IBERIA";"10.5";"10.5";"0";"0";"0";"0";"0";"0";"0";"0";"0";"0";;"NO";"NO";"0";"0";"0";"0";"0";"0";"0";"0";"0";"0";"0";"0";"0";"0";"0";"Sólido";"42.37"
"11";"Productos fertilizantes bioestimulantes";"1750";"Simple";"NITROGENADO";"STYLO HYDRO L";"SIPCAM IBERIA";"STYLO HYDRO L de SIPCAM IBERIA";"5";"5";"0";"0";"0";"0";"0";"0";"0";"0";"0";"0";;"NO";"NO";"0";"0";"0";"0";"0";"0";"0";"0";"0";"0";"0";"0";"0";"0";"0";"Líquido";"20.19"
"11";"Productos fertilizantes bioestimulantes";"1751";"Simple";"NITROGENADO";"STILO VERDE";"SIPCAM IBERIA";"STILO VERDE de SIPCAM IBERIA";"7.5";"2.7";"0";"4.8";"0";"0";"0";"0";"0";"0";"0";"0";;"NO";"NO";"0";"0";"0";"0";"0";"0";"0";"0.1";"0";"0";"0";"0";"0.1";"0";"0";"Líquido";"16.39"
"14";"Productos fertilizantes: abonos inorgánicos";"1752";"Simple";"NITROGENADO";"NITROLIVA";"HEROGRA FERTILIZANTES";"NITROLIVA de HEROGRA FERTILIZANTES";"15";"0";"0";"15";"0";"0";"0";"0";"0";"0";"0";"0";;"NO";"NO";"0";"0";"48.5";"0";"0";"0";"0";"0";"0";"0";"0";"0";"0";"0";"1.83";"Sólido";"0"
"14";"Productos fertilizantes: abonos inorgánicos";"1753";"Simple";"NITROGENADO";"NAS 24";"HEROGRA FERTILIZANTES";"NAS 24 de HEROGRA FERTILIZANTES";"24";"0";"6.8";"17.2";"0";"0";"0";"0";"0";"0";"0";"0";;"NO";"NO";"0";"0";"30";"0";"0";"0";"0";"0";"0";"0";"0";"0";"0";"0";"0";"Sólido";"0"
"14";"Productos fertilizantes: abonos inorgánicos";"1754";"Simple";"NITROGENADO";"NAS 26";"HEROGRA FERTILIZANTES";"NAS 26 de HEROGRA FERTILIZANTES";"26";"0";"11";"15";"0";"0";"0";"0";"0";"0";"0";"0";;"NO";"NO";"0";"0";"12";"0";"0";"0";"0";"0";"0";"0";"0";"0";"0";"0";"0";"Sólido";"0"
"14";"Productos fertilizantes: abonos inorgánicos";"1755";"Simple";"NITROGENADO";"SULFATON 40%";"HEROGRA FERTILIZANTES";"SULFATON 40% de HEROGRA FERTILIZANTES";"40";"0";"0";"5.5";"34.5";"0";"0";"0";"0";"0";"0";"0";;"NO";"NO";"0";"0";"15";"0";"0";"0";"0";"0";"0";"0";"0";"0";"0";"0";"0";"Sólido";"0"
"14";"Productos fertilizantes: abonos inorgánicos";"1756";"Simple";"NITROGENADO";"HERONIT 60";"HEROGRA FERTILIZANTES";"HERONIT 60 de HEROGRA FERTILIZANTES";"27";"0";"7.5";"19.5";"0";"0";"0";"0";"0";"0";"0";"0";;"NO";"NO";"0";"0";"33";"0";"0";"0";"0";"0";"0";"0";"0";"0";"0";"0";"0";"Sólido";"0"
"14";"Productos fertilizantes: abonos inorgánicos";"1757";"Simple";"NITROGENADO";"HEROSOL 35";"HEROGRA FERTILIZANTES";"HEROSOL 35 de HEROGRA FERTILIZANTES";"35";"0";"0";"9.2";"25.8";"0";"0";"0";"0";"0";"0";"0";;"NO";"NO";"0";"0";"26.4";"0";"0";"0";"0";"0";"0";"0";"0";"0";"0";"0";"0";"Sólido";"0"
"14";"Productos fertilizantes: abonos inorgánicos";"1758";"Simple";"NITROGENADO";"NAS 24 ORO";"HEROGRA FERTILIZANTES";"NAS 24 Oro de HEROGRA FERTILIZANTES";"24";"0";"6.8";"17.2";"0";"0";"0";"0";"0";"0";"0";"0";;"SI";"NO";"0";"0";"30";"0";"0";"0";"0";"0";"0";"0";"0";"0";"0";"0";"0";"Sólido";"0"
"14";"Productos fertilizantes: abonos inorgánicos";"1759";"Simple";"NITROGENADO";"NAS 26 ORO";"HEROGRA FERTILIZANTES";"NAS 26 Oro de HEROGRA FERTILIZANTES";"26";"0";"11";"15";"0";"0";"0";"0";"0";"0";"0";"0";;"SI";"NO";"0";"0";"12";"0";"0";"0";"0";"0";"0";"0";"0";"0";"0";"0";"0";"Sólido";"0"
"14";"Productos fertilizantes: abonos inorgánicos";"1760";"Simple";"NITROGENADO";"FERTISOL ORO 60";"HEROGRA FERTILIZANTES";"FERTISOL Oro 60 de HEROGRA FERTILIZANTES";"27";"0";"7.5";"19.5";"0";"0";"0";"0";"0";"0";"0";"0";;"SI";"NO";"0";"0";"33";"0";"0";"0";"0";"0";"0";"0";"0";"0";"0";"0";"0";"Sólido";"0"
"14";"Productos fertilizantes: abonos inorgánicos";"1761";"Simple";"NITROGENADO";"NEOGOTA 32";"HEROGRA FERTILIZANTES";"NEOGOTA 32 de HEROGRA FERTILIZANTES";"26";"0";"3.5";"5.5";"17";"0";"0";"0";"0";"0";"0";"0";;"NO";"SI";"0";"0";"6";"0";"0";"0";"0";"0";"0";"0";"0";"0";"0";"0";"0";"Líquido";"0"
"14";"Productos fertilizantes: abonos inorgánicos";"1762";"Simple";"NITROGENADO";"NEOLENT 32";"HEROGRA FERTILIZANTES";"NEOLENT 32 de HEROGRA FERTILIZANTES";"26";"0";"3.5";"5.5";"17";"0";"0";"0";"0";"0";"0";"0";;"SI";"SI";"0";"0";"6";"0";"0";"0";"0";"0";"0";"0";"0";"0";"0";"0";"0";"Líquido";"0"
"14";"Productos fertilizantes: abonos inorgánicos";"1763";"Simple";"NITROGENADO";"NEO 30 [S]";"HEROGRA FERTILIZANTES";"NEO 30 [S] de HEROGRA FERTILIZANTES";"30";"0";"0";"13.4";"16.6";"0";"0";"0";"0";"0";"0";"0";;"NO";"SI";"0";"0";"38.4";"0";"0";"0";"0";"0";"0";"0";"0";"0";"0";"0";"0";"Sólido";"0"
"14";"Productos fertilizantes: abonos inorgánicos";"1764";"Simple";"NITROGENADO";"NEO 35 [S] ESPECIAL CEREAL";"HEROGRA FERTILIZANTES";"NEO 35 [S] Especial Cereal de HEROGRA FERTILIZANTES";"35";"0";"0";"9.2";"25.8";"0";"0";"0";"0";"0";"0";"0";;"NO";"SI";"0";"0";"26.4";"0";"0";"0";"0";"0";"0";"0";"0";"0";"0";"0";"0";"Sólido";"0"
"14";"Productos fertilizantes: abonos inorgánicos";"1765";"Simple";"NITROGENADO";"NEO 40 [S]";"HEROGRA FERTILIZANTES";"NEO 40 [S] de HEROGRA FERTILIZANTES";"40";"0";"0";"5.5";"34.5";"0";"0";"0";"0";"0";"0";"0";;"NO";"SI";"0";"0";"15";"0";"0";"0";"0";"0";"0";"0";"0";"0";"0";"0";"0";"Sólido";"0"
"14";"Productos fertilizantes: abonos inorgánicos";"1766";"Simple";"NITROGENADO";"NEO 46";"HEROGRA FERTILIZANTES";"NEO 46 de HEROGRA FERTILIZANTES";"46";"0";"0";"0";"46";"0";"0";"0";"0";"0";"0";"0";;"NO";"SI";"0";"0";"0";"0";"0";"0";"0";"0";"0";"0";"0";"0";"0";"0";"0";"Sólido";"0"
"14";"Productos fertilizantes: abonos inorgánicos";"1767";"Complejo";"BINARIO NP";"NEOLENT Start 15.20.0";"HEROGRA FERTILIZANTES";"NEOLENT Start 15.20.0 de HEROGRA FERTILIZANTES";"15";"0";"0";"6.7";"8.3";"20";"18.8";"0";"8.72";"0";"0";"0";;"SI";"SI";"0";"0";"0";"0";"0";"0";"0";"0.2";"0";"0";"0";"0";"0";"0";"0";"Líquido";"0"
"14";"Productos fertilizantes: abonos inorgánicos";"1768";"Complejo";"TERNARIO NPK";"NEOLENT Start 20.10.5 + 13.2 SO3";"HEROGRA FERTILIZANTES";"NEOLENT Start 20.10.5 + 13.2 SO3 de HEROGRA FERTILIZANTES";"20";"0";"0";"7.9";"12.1";"10";"9.4";"0";"4.36";"5";"0";"4.15";;"SI";"SI";"0";"0";"13.2";"0";"0";"0";"0";"0.09";"0";"0";"0";"0";"0";"0";"0";"Líquido";"0"
"14";"Productos fertilizantes: abonos inorgánicos";"1769";"Simple";"FOSFATADO";"FERTIGOTA Reactiva 5.15.0";"HEROGRA FERTILIZANTES";"FERTIGOTA Reactiva 5.15.0 de HEROGRA FERTILIZANTES";"0";"0";"0";"0";"0";"15.5";"15.5";"0";"6.758";"0";"0";"0";;"NO";"NO";"0";"0";"0";"0";"0";"0";"0";"0";"0";"0";"0";"0";"0";"0";"0";"Líquido";"0"
"14";"Productos fertilizantes: abonos inorgánicos";"1770";"Complejo";"TERNARIO NPK";"FERTIGOTA Saturada 6.18.6 + 0.1 Zn";"HEROGRA FERTILIZANTES";"FERTIGOTA Saturada 6.18.6 + 0.1 Zn de HEROGRA FERTILIZANTES";"6";"0";"0";"6";"0";"18";"18";"0";"7.848";"6";"6";"4.98";;"NO";"NO";"0";"0";"0";"0";"0";"0";"0";"0.1";"0";"0";"0";"0";"0";"0";"0";"Líquido";"0"
"14";"Productos fertilizantes: abonos inorgánicos";"1771";"Complejo";"TERNARIO NPK";"FERTIGOTA Saturada 6.20.5";"HEROGRA FERTILIZANTES";"FERTIGOTA Saturada 6.20.5 de HEROGRA FERTILIZANTES";"6";"0";"0";"6";"0";"20";"20";"0";"8.72";"5";"5";"4.15";;"NO";"NO";"0";"0";"0";"0";"0";"0";"0";"0";"0";"0";"0";"0";"0";"0";"0";"Líquido";"0"
"14";"Productos fertilizantes: abonos inorgánicos";"1772";"Complejo";"BINARIO NP";"FERTIGOTA Saturada 8.24.0";"HEROGRA FERTILIZANTES";"FERTIGOTA Saturada 8.24.0 de HEROGRA FERTILIZANTES";"8";"0";"0";"8";"0";"24";"24";"0";"10.464";"0";"0";"0";;"NO";"NO";"0";"0";"0";"0";"0";"0";"0";"0";"0";"0";"0";"0";"0";"0";"0";"Líquido";"0"
"14";"Productos fertilizantes: abonos inorgánicos";"1773";"Complejo";"BINARIO NP";"FERTIGOTA Suspensión 6.20.10";"HEROGRA FERTILIZANTES";"FERTIGOTA Suspensión 6.20.10 de HEROGRA FERTILIZANTES";"6";"0";"0";"6";"0";"20";"20";"0";"8.72";"0";"0";"0";;"NO";"NO";"0";"0";"0";"0";"0";"0";"0";"0";"0";"0";"0";"0";"0";"0";"0";"Líquido";"0"
"14";"Productos fertilizantes: abonos inorgánicos";"1774";"Complejo";"TERNARIO NPK";"FERTIGOTA Suspensión 7.15.14";"HEROGRA FERTILIZANTES";"FERTIGOTA Suspensión 7.15.14 de HEROGRA FERTILIZANTES";"7";"0";"0";"5";"2";"15";"15";"0";"6.54";"14";"14";"11.62";;"NO";"NO";"0";"0";"0";"0";"0";"0";"0";"0";"0";"0";"0";"0";"0";"0";"0";"Líquido";"0"
"14";"Productos fertilizantes: abonos inorgánicos";"1775";"Complejo";"TERNARIO NPK";"HEROSOL MULTICOLOR 10.20.30";"HEROGRA FERTILIZANTES";"HEROSOL Multicolor 10.20.30 de HEROGRA FERTILIZANTES";"10";"0";"0";"7.8";"2.2";"20";"19";"0";"8.72";"30";"30";"24.9";;"NO";"NO";"0";"0";"0";"0";"0";"0";"0";"0";"0";"0";"0";"0";"0";"0";"0.03";"Sólido";"0"
"14";"Productos fertilizantes: abonos inorgánicos";"1776";"Complejo";"TERNARIO NPK";"HEROSOL MULTICOLOR 12.24.24";"HEROGRA FERTILIZANTES";"HEROSOL Multicolor 12.24.24 de HEROGRA FERTILIZANTES";"12";"0";"0";"9.4";"2.6";"24";"22.8";"0";"10.464";"24";"24";"19.92";;"NO";"NO";"0";"0";"0";"0";"0";"0";"0";"0";"0";"0";"0";"0";"0";"0";"0.03";"Sólido";"0"
"14";"Productos fertilizantes: abonos inorgánicos";"1777";"Complejo";"TERNARIO NPK";"HEROSOL OPTIMIZADO 20.20.20";"HEROGRA FERTILIZANTES";"HEROSOL Optimizado 20.20.20 de HEROGRA FERTILIZANTES";"20";"0";"0";"8";"12";"20";"18.7";"0";"8.72";"20";"20";"16.6";;"NO";"NO";"0";"0";"0";"0";"0";"0";"0";"0";"0";"0";"0";"0";"0";"0";"0";"Sólido";"0"
"14";"Productos fertilizantes: abonos inorgánicos";"1778";"Complejo";"TERNARIO NPK";"HEROSOL MULTICOLOR 10.5.20";"HEROGRA FERTILIZANTES";"HEROSOL Multicolor 10.5.20 de HEROGRA FERTILIZANTES";"10";"0";"0";"2";"8";"5";"4.8";"0";"2.18";"20";"0";"16.6";;"NO";"NO";"0";"0";"7.68";"0";"0";"0";"0";"0";"0";"0";"0";"0";"0";"0";"2.5";"Sólido";"0"
"14";"Productos fertilizantes: abonos inorgánicos";"1779";"Complejo";"TERNARIO NPK";"HEROSOL MULTICOLOR 8.15.15";"HEROGRA FERTILIZANTES";"HEROSOL Multicolor 8.15.15 de HEROGRA FERTILIZANTES";"8";"0";"0";"5.9";"2.1";"15";"14.3";"0";"6.54";"15";"15";"12.45";;"NO";"NO";"0";"0";"7.56";"0";"0";"0";"0";"0";"0";"0";"0";"0";"0";"0";"2.46";"Sólido";"0"
"14";"Productos fertilizantes: abonos inorgánicos";"1780";"Complejo";"TERNARIO NPK";"HEROSOL MULTICOLOR 20.15.10";"HEROGRA FERTILIZANTES";"HEROSOL Multicolor 20.15.10 de HEROGRA FERTILIZANTES";"20";"0";"0";"5.9";"14.1";"15";"14.3";"0";"6.54";"10";"10";"8.3";;"NO";"NO";"0";"0";"4.12";"0";"0";"0";"0";"0";"0";"0";"0";"0";"0";"0";"1.34";"Sólido";"0"
"14";"Productos fertilizantes: abonos inorgánicos";"1781";"Complejo";"TERNARIO NPK";"HEROSOL MULTICOLOR 25.10.10";"HEROGRA FERTILIZANTES";"HEROSOL Multicolor 25.10.10 de HEROGRA FERTILIZANTES";"25";"0";"0";"3.9";"21.1";"10";"9.5";"0";"4.36";"10";"10";"8.3";;"NO";"NO";"0";"0";"3";"0";"0";"0";"0";"0";"0";"0";"0.2";"0";"0";"0";"0.98";"Sólido";"0"
"14";"Productos fertilizantes: abonos inorgánicos";"1782";"Simple";"NITROGENADO";"HEROSOL MAGNESIO";"HEROGRA FERTILIZANTES";"HEROSOL magnesio de HEROGRA FERTILIZANTES";"22";"0";"11";"11";"0";"0";"0";"0";"0";"0";"0";"0";;"NO";"NO";"0";"4.7";"9.3";"0";"0";"0";"0";"0";"0";"0";"0";"0";"0";"0";"0";"Sólido";"0"
"14";"Productos fertilizantes: abonos inorgánicos";"1783";"Complejo";"TERNARIO NPK";"HEROSOL ORO 12.12.17 [S]";"HEROGRA FERTILIZANTES";"HEROSOL Oro 12.12.17 [S] de HEROGRA FERTILIZANTES";"12";"0";"3.7";"8.4";"0";"12";"11.4";"0";"5.232";"17";"17";"14.11";;"SI";"NO";"0";"0";"17.8";"0";"0";"0";"0";"0";"0";"0";"0";"0";"0";"0";"0.81";"Sólido";"0"
"14";"Productos fertilizantes: abonos inorgánicos";"1784";"Complejo";"TERNARIO NPK";"HEROSOL ORO OPTIMIZADO 20+5+8+23 SO3";"HEROGRA FERTILIZANTES";"HEROSOL ORO OPTIMIZADO 20+5+8+23 SO3 de HEROGRA FERTILIZANTES";"20.2";"0";"3.2";"16.8";"0";"5";"4.4";"0";"2.18";"8";"8";"6.64";;"SI";"NO";"0";"0";"34";"0";"0";"0";"0";"0";"0";"0";"0";"0";"0";"0";"0";"Sólido";"0"
"14";"Productos fertilizantes: abonos inorgánicos";"1785";"Simple";"NITROGENADO";"HEROSOL ORO OPTIMIZADO 27 N";"HEROGRA FERTILIZANTES";"HEROSOL ORO OPTIMIZADO 27 N de HEROGRA FERTILIZANTES";"27";"0";"13.5";"13.5";"0";"0";"0";"0";"0";"0";"0";"0";;"SI";"NO";"0";"0";"0";"0";"0";"0";"0";"0";"0";"0";"0";"0";"0";"0";"0";"Sólido";"0"
"14";"Productos fertilizantes: abonos inorgánicos";"1786";"Complejo";"TERNARIO NPK";"HEROSOL ESPECIAL OLIVO 20.5.10 + 0.2B";"HEROGRA FERTILIZANTES";"HEROSOL Especial Olivo 20.5.10 + 0.2B de HEROGRA FERTILIZANTES";"20";"0";"9";"11";"0";"5";"3";"0";"2.18";"10";"10";"8.3";;"NO";"NO";"0";"0";"6.7";"0";"0";"0";"0";"0";"0";"0";"0.2";"0";"0";"0";"1";"Sólido";"0"
"14";"Productos fertilizantes: abonos inorgánicos";"1787";"Complejo";"TERNARIO NPK";"HEROSOL OLIVO 20.5.10 + 0.2 B";"HEROGRA FERTILIZANTES";"HEROSOL Olivo 20.5.10 + 0.2 B de HEROGRA FERTILIZANTES";"20";"0";"0";"2";"18";"5";"3.8";"0";"2.18";"10";"10";"8.3";;"NO";"NO";"0";"0";"6.2";"0";"0";"0";"0";"0";"0";"0";"0.2";"0";"0";"0";"2.03";"Sólido";"0"
"14";"Productos fertilizantes: abonos inorgánicos";"1788";"Complejo";"TERNARIO NPK";"CAMPOSOL ESPECIAL OLIVO 20.6.9";"HEROGRA FERTILIZANTES";"CAMPOSOL Especial Olivo 20.6.9 de HEROGRA FERTILIZANTES";"20";"0";"0";"2.3";"17.7";"6";"5";"0";"2.616";"9";"9";"7.47";;"NO";"NO";"0";"0";"6.7";"0";"0";"0";"0";"0";"0";"0";"0";"0";"0";"0";"2";"Sólido";"0"
"14";"Productos fertilizantes: abonos inorgánicos";"1789";"Complejo";"TERNARIO NPK";"NEO ESPECIAL OLIVO 23.5.11 + 27 SO3";"HEROGRA FERTILIZANTES";"NEO Especial Olivo 23.5.11 + 27 SO3 de HEROGRA FERTILIZANTES";"23";"0";"0";"11.5";"11.6";"5";"4.8";"0";"2.18";"11";"11";"9.13";;"NO";"SI";"0";"0";"27";"0";"0";"0";"0";"0";"0";"0";"0";"0";"0";"0";"0";"Sólido";"0"
"14";"Productos fertilizantes: abonos inorgánicos";"1790";"Complejo";"TERNARIO NPK";"HEROSOL OLIVO ESPECIAL OTOÑO";"HEROGRA FERTILIZANTES";"HEROSOL olivo especial otoño de HEROGRA FERTILIZANTES";"6";"0";"0";"4.7";"1.3";"12";"11.4";"0";"5.232";"24";"24";"19.92";;"NO";"NO";"0";"0";"6.24";"0";"0";"0";"0";"0";"0";"0";"0";"0";"0";"0";"2.03";"Sólido";"0"
"14";"Productos fertilizantes: abonos inorgánicos";"1791";"Complejo";"BINARIO NP";"NEO 28.16.0 + 19 SO3";"HEROGRA FERTILIZANTES";"NEO 28.16.0 + 19 SO3 de HEROGRA FERTILIZANTES";"28";"0";"0";"13";"15";"16";"15.3";"0";"6.976";"0";"0";"0";;"NO";"SI";"0";"0";"19";"0";"0";"0";"0";"0";"0";"0";"0";"0";"0";"0";"0";"Sólido";"0"
"14";"Productos fertilizantes: abonos inorgánicos";"1792";"Complejo";"TERNARIO NPK";"NEO 22.10.10 + 23 SO3";"HEROGRA FERTILIZANTES";"NEO 22.10.10 + 23 SO3 de HEROGRA FERTILIZANTES";"22";"0";"0";"11";"11";"10";"9.5";"0";"4.36";"10";"10";"8.3";;"NO";"SI";"0";"0";"23";"0";"0";"0";"0";"0";"0";"0";"0";"0";"0";"0";"0";"Sólido";"0"
"14";"Productos fertilizantes: abonos inorgánicos";"1793";"Complejo";"TERNARIO NPK";"ABOSOL 11.11.11";"HEROGRA FERTILIZANTES";"ABOSOL 11.11.11 de HEROGRA FERTILIZANTES";"11";"0";"4.4";"6.6";"0";"11";"8.1";"0";"4.796";"11";"11";"9.13";;"NO";"NO";"0";"0";"23.6";"0";"0";"0";"0";"0";"0";"0";"0";"0";"0";"0";"1.74";"Sólido";"0"
"14";"Productos fertilizantes: abonos inorgánicos";"1794";"Complejo";"TERNARIO NPK";"NOVASOL 5+10+20";"HEROGRA FERTILIZANTES";"NOVASOL 5+10+20  de HEROGRA FERTILIZANTES";"5";"0";"0";"3.9";"1.1";"10";"9.5";"0";"4.36";"20";"20";"16.6";;"NO";"NO";"0";"0";"0";"0";"0";"0";"0";"0";"0";"0";"0";"0";"0";"0";"0";"Sólido";"0"
"14";"Productos fertilizantes: abonos inorgánicos";"1795";"Complejo";"TERNARIO NPK";"NOVASOL 19.19.19";"HEROGRA FERTILIZANTES";"NOVASOL 19.19.19 de HEROGRA FERTILIZANTES";"19";"0";"0";"7.5";"11.6";"19";"18.1";"0";"8.284";"19";"19";"15.77";;"NO";"NO";"0";"0";"0";"0";"0";"0";"0";"0";"0";"0";"0";"0";"0";"0";"0";"Sólido";"0"
"14";"Productos fertilizantes: abonos inorgánicos";"1796";"Complejo";"BINARIO NP";"NOVASOL 20.10.10";"HEROGRA FERTILIZANTES";"NOVASOL 20.10.10 de HEROGRA FERTILIZANTES";"20";"0";"0";"3.9";"16.1";"10";"9.5";"0";"4.36";"0";"0";"0";;"NO";"NO";"0";"0";"0";"0";"0";"0";"0";"0";"0";"0";"0";"0";"0";"0";"0";"Sólido";"0"
"14";"Productos fertilizantes: abonos inorgánicos";"1797";"Complejo";"TERNARIO NPK";"TECNOLIVA 22+7+12";"HEROGRA FERTILIZANTES";"TECNOLIVA 22+7+12 de HEROGRA FERTILIZANTES";"22";"0";"10";"12";"0";"7";"4.7";"0";"3.052";"12";"12";"9.96";;"NO";"NO";"0";"0";"5";"0";"0";"0";"0";"0";"0";"0";"0";"0";"0";"0";"0";"Sólido";"0"
"14";"Productos fertilizantes: abonos inorgánicos";"1798";"Complejo";"TERNARIO NPK";"OLICOMPLEX 27+6+6";"HEROGRA FERTILIZANTES";"Olicomplex 27+6+6 de HEROGRA FERTILIZANTES";"27";"0";"12.2";"14.8";"0";"6";"4";"0";"2.616";"6";"6";"4.98";;"NO";"NO";"0";"0";"0";"0";"0";"0";"0";"0";"0";"0";"0";"0";"0";"0";"0";"Sólido";"0"
"14";"Productos fertilizantes: abonos inorgánicos";"1799";"Complejo";"OTROS";"HERONATUR Magnesio";"HEROGRA FERTILIZANTES";"HERONATUR Magnesio de HEROGRA FERTILIZANTES";"0";"0";"0";"0";"0";"0";"0";"0";"0";"0";"0";"0";;"NO";"NO";"0";"7";"14";"0";"0";"0";"0";"0";"0";"0";"0";"0";"0";"0";"0";"Líquido";"0"
"15";"Productos fertilizantes: abonos orgánicos";"1800";"Simple";"NITROGENADO";"HERONATUR Nitrógeno";"HEROGRA FERTILIZANTES";"HERONATUR Nitrógeno de HEROGRA FERTILIZANTES";"8";"4";"0";"4";"0";"0";"0";"0";"0";"0";"0";"0";;"NO";"NO";"0";"0";"0";"0";"0";"0";"0";"0";"0";"0";"0";"0";"0";"0";"0";"Líquido";"24.3"
"14";"Productos fertilizantes: abonos inorgánicos";"1801";"Simple";"POTÁSICO";"HERONATUR Potasio [S]";"HEROGRA FERTILIZANTES";"HERONATUR Potasio [S] de HEROGRA FERTILIZANTES";"0";"0";"0";"0";"0";"0";"0";"0";"0";"6";"6";"4.98";;"NO";"NO";"0";"0";"5.2";"0";"0";"0";"0";"0";"0";"0";"0";"0";"0";"0";"0";"Líquido";"0"
"14";"Productos fertilizantes: abonos inorgánicos";"1802";"Simple";"POTÁSICO";"HERONATUR Potasio";"HEROGRA FERTILIZANTES";"HERONATUR Potasio de HEROGRA FERTILIZANTES";"0";"0";"0";"0";"0";"0";"0";"0";"0";"15";"15";"12.45";;"NO";"NO";"0";"0";"0";"0";"0";"0";"0";"0";"0";"0";"0";"0";"0";"0";"0";"Líquido";"0"
"14";"Productos fertilizantes: abonos inorgánicos";"1803";"Complejo";"BINARIO PK";"HERONATUR Flow [S]";"HEROGRA FERTILIZANTES";"HERONATUR Flow [S] de HEROGRA FERTILIZANTES";"0";"0";"0";"0";"0";"1";"1";"0";"0.436";"4.5";"4.5";"3.735";;"NO";"NO";"0";"0";"0";"0";"0";"0";"0";"0";"0";"0";"0";"0";"0";"0";"0";"Líquido";"5"
"16";"Productos fertilizantes: abonos organominerales";"1804";"Complejo";"TERNARIO NPK";"HERONATUR 2.1.12";"HEROGRA FERTILIZANTES";"HERONATUR 2.1.12 de HEROGRA FERTILIZANTES";"2";"1.2";"0";"0.8";"0";"1";"1";"0";"0.436";"12";"12";"9.96";;"NO";"NO";"0";"0";"0";"0";"0";"0";"0";"0";"0";"0";"0";"0";"0";"0";"0";"Líquido";"4.9"
"16";"Productos fertilizantes: abonos organominerales";"1805";"Complejo";"TERNARIO NPK";"HERONATUR 3.1.6";"HEROGRA FERTILIZANTES";"HERONATUR 3.1.6 de HEROGRA FERTILIZANTES";"3";"1.7";"0";"1.3";"0";"1";"1";"0";"0.436";"6";"6";"4.98";;"NO";"NO";"0";"0";"0";"0";"0";"0";"0";"0";"0";"0";"0";"0";"0";"0";"0";"Líquido";"8.11"
"16";"Productos fertilizantes: abonos organominerales";"1806";"Complejo";"TERNARIO NPK";"HERONATUR Ready [S]";"HEROGRA FERTILIZANTES";"HERONATUR Ready [S] de HEROGRA FERTILIZANTES";"4";"2.2";"0";"1.8";"0";"1";"1";"0";"0.436";"2";"2";"1.66";;"NO";"NO";"0";"0";"0.43";"0";"0";"0";"0";"0";"0";"0";"0";"0";"0";"0";"0";"Líquido";"12.15"
"16";"Productos fertilizantes: abonos organominerales";"1807";"Complejo";"TERNARIO NPK";"HERONATUR 6.1.4";"HEROGRA FERTILIZANTES";"HERONATUR 6.1.4 de HEROGRA FERTILIZANTES";"6";"3.2";"0";"2.8";"0";"1";"1";"0";"0.436";"4";"4";"3.32";;"NO";"NO";"0";"0";"0";"0";"0";"0";"0";"0";"0";"0";"0";"0";"0";"0";"0";"Líquido";"17.86"
"14";"Productos fertilizantes: abonos inorgánicos";"1808";"Simple";"POTÁSICO";"TECNOPLUS SOP";"HEROGRA FERTILIZANTES";"TECNOPLUS SOP de HEROGRA FERTILIZANTES";"0";"0";"0";"0";"0";"0";"0";"0";"0";"51";"51";"42.33";;"NO";"NO";"0";"0";"46";"0";"0";"0";"0";"0";"0";"0";"0";"0";"0";"0";"0";"Sólido";"0"
"14";"Productos fertilizantes: abonos inorgánicos";"1809";"Complejo";"BINARIO NP";"TECNOPLUS MAP";"HEROGRA FERTILIZANTES";"TECNOPLUS MAP de HEROGRA FERTILIZANTES";"12";"0";"0";"12";"0";"61";"61";"0";"26.596";"0";"0";"0";;"NO";"NO";"0";"0";"0";"0";"0";"0";"0";"0";"0";"0";"0";"0";"0";"0";"0";"Sólido";"0"
"14";"Productos fertilizantes: abonos inorgánicos";"1810";"Simple";"NITROGENADO";"TECNOPLUS Calcio";"HEROGRA FERTILIZANTES";"TECNOPLUS Calcio de HEROGRA FERTILIZANTES";"15.5";"0";"14.5";"1";"0";"0";"0";"0";"0";"0";"0";"0";;"NO";"NO";"27";"0";"0";"0";"0";"0";"0";"0";"0";"0";"0";"0";"0";"0";"0";"Sólido";"0"
"14";"Productos fertilizantes: abonos inorgánicos";"1811";"Complejo";"BINARIO NK";"TECNOPLUS NK";"HEROGRA FERTILIZANTES";"TECNOPLUS NK de HEROGRA FERTILIZANTES";"13";"0";"13";"0";"0";"0";"0";"0";"0";"46";"46";"38.18";;"NO";"NO";"0";"0";"0";"0";"0";"0";"0";"0";"0";"0";"0";"0";"0";"0";"0";"Sólido";"0"
"14";"Productos fertilizantes: abonos inorgánicos";"1812";"Complejo";"BINARIO PK";"TECNOPLUS MKP";"HEROGRA FERTILIZANTES";"TECNOPLUS MKP de HEROGRA FERTILIZANTES";"0";"0";"0";"0";"0";"52";"52";"0";"22.672";"34";"34";"28.22";;"NO";"NO";"0";"0";"0";"0";"0";"0";"0";"0";"0";"0";"0";"0";"0";"0";"0";"Sólido";"0"
"14";"Productos fertilizantes: abonos inorgánicos";"1813";"Simple";"NITROGENADO";"TECNOPLUS MAG";"HEROGRA FERTILIZANTES";"TECNOPLUS MAG de HEROGRA FERTILIZANTES";"11";"0";"11";"0";"0";"0";"0";"0";"0";"0";"0";"0";;"NO";"NO";"0";"15";"0";"0";"0";"0";"0";"0";"0";"0";"0";"0";"0";"0";"0";"Sólido";"0"
"14";"Productos fertilizantes: abonos inorgánicos";"1814";"Complejo";"OTROS";"TECNOPLUS MAG-S";"HEROGRA FERTILIZANTES";"TECNOPLUS MAG-S de HEROGRA FERTILIZANTES";"0";"0";"0";"0";"0";"0";"0";"0";"0";"0";"0";"0";;"NO";"NO";"0";"16";"32";"0";"0";"0";"0";"0";"0";"0";"0";"0";"0";"0";"0";"Sólido";"0"
"14";"Productos fertilizantes: abonos inorgánicos";"1815";"Complejo";"BINARIO NK";"FERTIGOTA Azufre 1.5.0.10";"HEROGRA FERTILIZANTES";"FERTIGOTA Azufre 1.5.0.10 de HEROGRA FERTILIZANTES";"1.5";"0";"1.5";"0";"0";"0";"0";"0";"0";"10";"10";"8.3";;"NO";"NO";"0";"0";"9.2";"0";"0";"0";"0";"0";"0";"0";"0";"0";"0";"0";"0";"Líquido";"0"
"14";"Productos fertilizantes: abonos inorgánicos";"1816";"Complejo";"BINARIO NK";"NIPOFLUID 2.8.0.10";"HEROGRA FERTILIZANTES";"NIPOFLUID 2.8.0.10 de HEROGRA FERTILIZANTES";"2.8";"0";"2.8";"0";"0";"0";"0";"0";"0";"10";"10";"8.3";;"NO";"NO";"0";"0";"0";"0";"0";"0";"0";"0";"0";"0";"0";"0";"0";"0";"0";"Líquido";"0"
"14";"Productos fertilizantes: abonos inorgánicos";"1817";"Simple";"NITROGENADO";"MAGNIGRA";"HEROGRA FERTILIZANTES";"MAGNIGRA de HEROGRA FERTILIZANTES";"7";"0";"7";"0";"0";"0";"0";"0";"0";"0";"0";"0";;"NO";"NO";"0";"9";"0";"0";"0";"0";"0";"0";"0";"0";"0";"0";"0";"0";"0";"Líquido";"0"
"14";"Productos fertilizantes: abonos inorgánicos";"1818";"Simple";"NITROGENADO";"CALCIGRA";"HEROGRA FERTILIZANTES";"CALCIGRA de HEROGRA FERTILIZANTES";"8";"0";"8";"0";"0";"0";"0";"0";"0";"0";"0";"0";;"NO";"NO";"16";"0";"0";"0";"0";"0";"0";"0";"0";"0";"0";"0";"0";"0";"0";"Líquido";"0"
"14";"Productos fertilizantes: abonos inorgánicos";"1819";"Complejo";"TERNARIO NPK";"FERTIGOTA Clásico NA 4.2.12";"HEROGRA FERTILIZANTES";"FERTIGOTA Clásico NA 4.2.12 de HEROGRA FERTILIZANTES";"4";"0";"1.1";"2.9";"0";"2";"2";"0";"0.872";"12";"12";"9.96";;"NO";"NO";"0";"0";"0";"0";"0";"0";"0";"0";"0";"0";"0";"0";"0";"0";"0";"Líquido";"0"
"14";"Productos fertilizantes: abonos inorgánicos";"1820";"Complejo";"TERNARIO NPK";"FERTIGOTA Clásico UAN 4.8.10";"HEROGRA FERTILIZANTES";"FERTIGOTA Clásico UAN 4.8.10 de HEROGRA FERTILIZANTES";"4";"0";"0.7";"1.4";"1.9";"8";"8";"0";"3.488";"10";"10";"8.3";;"NO";"NO";"0";"0";"0";"0";"0";"0";"0";"0";"0";"0";"0";"0";"0";"0";"0";"Líquido";"0"
"14";"Productos fertilizantes: abonos inorgánicos";"1821";"Complejo";"TERNARIO NPK";"FERTIGOTA Clásico UAN 2.2.14";"HEROGRA FERTILIZANTES";"FERTIGOTA Clásico UAN 2.2.14 de HEROGRA FERTILIZANTES";"1.7";"0";"0.7";"1";"0";"2";"2";"0";"0.872";"14";"14";"11.62";;"NO";"NO";"0";"0";"0";"0";"0";"0";"0";"0";"0";"0";"0";"0";"0";"0";"0";"Líquido";"0"
"14";"Productos fertilizantes: abonos inorgánicos";"1822";"Complejo";"TERNARIO NPK";"FERTIGOTA Clásico UAN 8.4.12";"HEROGRA FERTILIZANTES";"FERTIGOTA Clásico UAN 8.4.12 de HEROGRA FERTILIZANTES";"8";"0";"0.6";"1.2";"6.2";"4";"4";"0";"1.744";"12";"12";"9.96";;"NO";"NO";"0";"0";"0";"0";"0";"0";"0";"0";"0";"0";"0";"0";"0";"0";"0";"Líquido";"0"
"14";"Productos fertilizantes: abonos inorgánicos";"1823";"Complejo";"TERNARIO NPK";"FERTIGOTA Clásico UAN 12.4.6";"HEROGRA FERTILIZANTES";"FERTIGOTA Clásico UAN 12.4.6 de HEROGRA FERTILIZANTES";"12";"0";"1.3";"2.7";"8";"4";"4";"0";"1.744";"6";"6";"4.98";;"NO";"NO";"0";"0";"0";"0";"0";"0";"0";"0";"0";"0";"0";"0";"0";"0";"0";"Líquido";"0"
"14";"Productos fertilizantes: abonos inorgánicos";"1824";"Complejo";"TERNARIO NPK";"FERTIGOTA Clásico UAN 12.4.8";"HEROGRA FERTILIZANTES";"FERTIGOTA Clásico UAN 12.4.8 de HEROGRA FERTILIZANTES";"12";"0";"3";"3";"6";"4";"4";"0";"1.744";"8";"8";"6.64";;"NO";"NO";"0";"0";"0";"0";"0";"0";"0";"0";"0";"0";"0";"0";"0";"0";"0";"Líquido";"0"
"14";"Productos fertilizantes: abonos inorgánicos";"1825";"Complejo";"TERNARIO NPK";"FERTIGOTA Clásico UAN 12.6.6";"HEROGRA FERTILIZANTES";"FERTIGOTA Clásico UAN 12.6.6 de HEROGRA FERTILIZANTES";"12";"0";"3";"3";"6";"6";"6";"0";"2.616";"6";"6";"4.98";;"NO";"NO";"0";"0";"0";"0";"0";"0";"0";"0";"0";"0";"0";"0";"0";"0";"0";"Líquido";"0"
"14";"Productos fertilizantes: abonos inorgánicos";"1826";"Complejo";"TERNARIO NPK";"15.4.6 0.1B FERTIGOTA Olivo";"HEROGRA FERTILIZANTES";"15.4.6 0.1B FERTIGOTA Olivo de HEROGRA FERTILIZANTES";"15";"0";"1.3";"2.7";"11";"4";"4";"0";"1.744";"6";"6";"4.98";;"NO";"NO";"0";"0";"0";"0";"0";"0";"0";"0";"0";"0";"0";"0";"0";"0";"0";"Líquido";"0"
"14";"Productos fertilizantes: abonos inorgánicos";"1827";"Complejo";"TERNARIO NPK";"FERTIGOTA azufre 6+3+9  NA";"HEROGRA FERTILIZANTES";"FERTIGOTA azufre 6+3+9  NA  de HEROGRA FERTILIZANTES";"6";"0";"3.5";"2.5";"0";"3";"3";"0";"1.308";"9";"9";"7.47";;"NO";"NO";"0";"0";"0";"0";"0";"0";"0";"0";"0";"0";"0";"0";"0";"0";"0";"Líquido";"0"
"14";"Productos fertilizantes: abonos inorgánicos";"1828";"Complejo";"TERNARIO NPK";"FERTIGOTA azufre 9+3+6  UAN";"HEROGRA FERTILIZANTES";"FERTIGOTA azufre 9+3+6  UAN  de HEROGRA FERTILIZANTES";"9";"0";"3.9";"3";"2.1";"3";"3";"0";"1.308";"6";"6";"4.98";;"NO";"NO";"0";"0";"0";"0";"0";"0";"0";"0";"0";"0";"0";"0";"0";"0";"0";"Líquido";"0"
"14";"Productos fertilizantes: abonos inorgánicos";"1829";"Complejo";"TERNARIO NPK";"FERTIGOTA DESBLOQUEANTE OTOÑO";"HEROGRA FERTILIZANTES";"FERTIGOTA DESBLOQUEANTE OTOÑO de HEROGRA FERTILIZANTES";"4";"0";"4";"0";"0";"2";"2";"0";"0.872";"8";"8";"6.64";;"NO";"NO";"0";"0";"0";"0";"0";"0";"0";"0";"0";"0";"0";"0";"0";"0";"0";"Líquido";"0"
"14";"Productos fertilizantes: abonos inorgánicos";"1830";"Complejo";"TERNARIO NPK";"FERTIGOTA Desbloqueante Extra NA 12.4.6";"HEROGRA FERTILIZANTES";"FERTIGOTA Desbloqueante Extra NA 12.4.6 de HEROGRA FERTILIZANTES";"12";"0";"7.5";"4.5";"0";"4";"4";"0";"1.744";"6";"6";"4.98";;"NO";"NO";"0";"0";"0";"0";"0";"0";"0";"0";"0";"0";"0";"0";"0";"0";"0";"Líquido";"0"
"15";"Productos fertilizantes: abonos orgánicos";"1831";"Complejo";"TERNARIO NPK";"HERORGAN VITAL NATUR";"HEROGRA FERTILIZANTES";"HERORGAN Vital Natur de HEROGRA FERTILIZANTES";"2";"1.7";"0";"0.3";"0";"2.5";"0";"1.8";"1.09";"4";"4";"3.32";;"NO";"NO";"0";"0";"0";"0";"0";"0";"0";"0";"0";"0";"0";"0";"0";"0";"0";"Sólido";"24"
"16";"Productos fertilizantes: abonos organominerales";"1832";"Complejo";"TERNARIO NPK";"HERORGAN 6.10.20 + 26 MO";"HEROGRA FERTILIZANTES";"HERORGAN 6.10.20 + 26 MO de HEROGRA FERTILIZANTES";"6.1";"1.8";"0";"2.1";"1.8";"10.101";"5.4";"10";"4.404";"20";"20";"16.6";;"NO";"NO";"0";"0";"0";"0";"0";"0";"0";"0";"0";"0";"0";"0";"0";"0";"0";"Sólido";"15.5"
"16";"Productos fertilizantes: abonos organominerales";"1833";"Complejo";"TERNARIO NPK";"HERORGAN ALMENDRO 8.4.12 + 22 MO";"HEROGRA FERTILIZANTES";"HERORGAN Almendro 8.4.12 + 22 MO de HEROGRA FERTILIZANTES";"8";"2.5";"0";"0";"5.5";"4";"0";"4";"1.744";"12";"12";"9.96";;"NO";"NO";"0";"0";"0";"0";"0";"0";"0";"0";"0";"0";"0";"0";"0";"0";"0";"Sólido";"20.89"
"14";"Productos fertilizantes: abonos inorgánicos";"1834";"Complejo";"TERNARIO NPK";"CERES PRO";"HEROGRA FERTILIZANTES";"CERES PRO de HEROGRA FERTILIZANTES";"14.9";"1.8";"0";"14.9";"1.8";"14.899";"13.4";"0";"6.496";"14.9";"14.9";"12.367";;"NO";"NO";"0";"0";"27.5";"0";"0";"0";"0";"0";"0";"0";"0";"0";"0";"0";"0";"Sólido";"0"
"14";"Productos fertilizantes: abonos inorgánicos";"1835";"Complejo";"BINARIO NP";"CERES VITA";"HEROGRA FERTILIZANTES";"CERES VITA de HEROGRA FERTILIZANTES";"11";"0";"0";"11";"0";"28";"24.9";"0";"12.208";"0";"0";"0";;"NO";"NO";"0";"0";"7.8";"0";"0";"0";"0";"0";"0";"0";"0";"0";"0";"0";"2.54";"Sólido";"0"
"14";"Productos fertilizantes: abonos inorgánicos";"1836";"Simple";"NITROGENADO";"SULFATO AMÓNICO CRISTAL";"HEROGRA FERTILIZANTES";"SULFATO Amónico Cristal de HEROGRA FERTILIZANTES";"21";"0";"0";"21";"0";"0";"0";"0";"0";"0";"0";"0";;"NO";"NO";"0";"0";"60";"0";"0";"0";"0";"0";"0";"0";"0";"0";"0";"0";"0";"Sólido";"0"
"14";"Productos fertilizantes: abonos inorgánicos";"1837";"Simple";"NITROGENADO";"SULFATO AMÓNICO GRAN CALIBRE";"HEROGRA FERTILIZANTES";"SULFATO Amónico Gran Calibre de HEROGRA FERTILIZANTES";"21";"0";"0";"21";"0";"0";"0";"0";"0";"0";"0";"0";;"NO";"NO";"0";"0";"60";"0";"0";"0";"0";"0";"0";"0";"0";"0";"0";"0";"0";"Sólido";"0"
"14";"Productos fertilizantes: abonos inorgánicos";"1838";"Simple";"NITROGENADO";"NITRATO AMÓNICO CÁLCICO 27%";"HEROGRA FERTILIZANTES";"NITRATO Amónico Cálcico 27% de HEROGRA FERTILIZANTES";"27";"0";"13.5";"13.5";"0";"0";"0";"0";"0";"0";"0";"0";;"NO";"NO";"0";"0";"0";"0";"0";"0";"0";"0";"0";"0";"0";"0";"0";"0";"0";"Sólido";"0"
"14";"Productos fertilizantes: abonos inorgánicos";"1839";"Simple";"NITROGENADO";"UREA GRAN CALIBRE HEROGRA";"HEROGRA FERTILIZANTES";"UREA Gran Calibre Herogra de HEROGRA FERTILIZANTES";"46";"0";"0";"0";"46";"0";"0";"0";"0";"0";"0";"0";;"NO";"NO";"0";"0";"0";"0";"0";"0";"0";"0";"0";"0";"0";"0";"0";"0";"0";"Sólido";"0"
"14";"Productos fertilizantes: abonos inorgánicos";"1840";"Simple";"NITROGENADO";"NITRATO Amónico 34.5";"HEROGRA FERTILIZANTES";"NITRATO Amónico 34.5 de HEROGRA FERTILIZANTES";"34.5";"0";"16.9";"17.6";"0";"0";"0";"0";"0";"0";"0";"0";;"NO";"NO";"0";"0";"0";"0";"0";"0";"0";"0";"0";"0";"0";"0";"0";"0";"0";"Sólido";"0"
"14";"Productos fertilizantes: abonos inorgánicos";"1841";"Simple";"NITROGENADO";"N 32 SOLUCIÓN Nitrogenada";"HEROGRA FERTILIZANTES";"N 32 SOLUCIÓN Nitrogenada de HEROGRA FERTILIZANTES";"32";"0";"8";"8";"16";"0";"0";"0";"0";"0";"0";"0";;"NO";"NO";"0";"0";"0";"0";"0";"0";"0";"0";"0";"0";"0";"0";"0";"0";"0";"Líquido";"0"
"14";"Productos fertilizantes: abonos inorgánicos";"1842";"Simple";"NITROGENADO";"HERNASOL N-20";"HEROGRA FERTILIZANTES";"HERNASOL N-20 de HEROGRA FERTILIZANTES";"20";"0";"10";"10";"0";"0";"0";"0";"0";"0";"0";"0";;"NO";"NO";"0";"0";"0";"0";"0";"0";"0";"0";"0";"0";"0";"0";"0";"0";"0";"Líquido";"0"
"14";"Productos fertilizantes: abonos inorgánicos";"1843";"Simple";"POTÁSICO";"CLORURO POTASA COMPACTADO ROJA";"HEROGRA FERTILIZANTES";"CLORURO Potasa Compactado Roja de HEROGRA FERTILIZANTES";"0";"0";"0";"0";"0";"0";"0";"0";"0";"50";"50";"41.5";;"NO";"NO";"0";"0";"0";"0";"0";"0";"0";"0";"0";"0";"0";"0";"0";"0";"0";"Sólido";"0"
"14";"Productos fertilizantes: abonos inorgánicos";"1844";"Simple";"POTÁSICO";"CLORURO Potásico Soluble";"HEROGRA FERTILIZANTES";"CLORURO Potásico Soluble de HEROGRA FERTILIZANTES";"0";"0";"0";"0";"0";"0";"0";"0";"0";"60";"60";"49.8";;"NO";"NO";"0";"0";"0";"0";"0";"0";"0";"0";"0";"0";"0";"0";"0";"0";"0";"Sólido";"0"
"14";"Productos fertilizantes: abonos inorgánicos";"1845";"Complejo";"BINARIO NP";"DAP 18.46.0";"HEROGRA FERTILIZANTES";"DAP 18.46.0 de HEROGRA FERTILIZANTES";"18";"0";"0";"18";"0";"46";"45.6";"0";"20.056";"0";"0";"0";;"NO";"NO";"0";"0";"0";"0";"0";"0";"0";"0";"0";"0";"0";"0";"0";"0";"0";"Sólido";"0"
"14";"Productos fertilizantes: abonos inorgánicos";"1846";"Complejo";"BINARIO NP";"MAP GRANULADO";"HEROGRA FERTILIZANTES";"MAP Granulado de HEROGRA FERTILIZANTES";"11";"0";"0";"11";"0";"54";"51";"0";"23.544";"0";"0";"0";;"NO";"NO";"0";"0";"0";"0";"0";"0";"0";"0";"0";"0";"0";"0";"0";"0";"0";"Sólido";"0"
"14";"Productos fertilizantes: abonos inorgánicos";"1847";"Complejo";"TERNARIO NPK";"NPK 15.15.15 COMPLEJO";"HEROGRA FERTILIZANTES";"NPK 15.15.15 Complejo de HEROGRA FERTILIZANTES";"15";"0";"0";"15";"0";"15";"13";"0";"6.54";"15";"15";"12.45";;"NO";"NO";"0";"0";"0";"0";"0";"0";"0";"0";"0";"0";"0";"0";"0";"0";"0";"Sólido";"0"
"14";"Productos fertilizantes: abonos inorgánicos";"1848";"Simple";"FOSFATADO";"ÁCIDO FOSFORICO";"HEROGRA FERTILIZANTES";"ÁCIDO FOSFORICO de HEROGRA FERTILIZANTES";"0";"0";"0";"0";"0";"50";"50";"0";"21.8";"0";"0";"0";;"NO";"NO";"0";"0";"0";"0";"0";"0";"0";"0";"0";"0";"0";"0";"0";"0";"0";"Líquido";"0"
"11";"Productos fertilizantes bioestimulantes";"1849";"Complejo";"BINARIO NP";"AATOMIK";"SAS";"AATOMIK de SAS";"4.55";"2.9";"1.45";"0.2";"0";"1.8";"1.8";"0";"0.785";"0";"0";"0";;"NO";"NO";"3.1";"0.22";"1.75";"0";"0.001";"0";"0";"0.006";"0";"0";"0.2";"0";"0.009";"0.001";"0.013";"Líquido";"16.5"
"11";"Productos fertilizantes bioestimulantes";"1850";"Simple";"POTÁSICO";"CODABOOSTER";"SAS";"CODABOOSTER de SAS";"0";"0";"0";"0";"0";"0";"0";"0";"0";"4.7";"4.7";"3.901";;"NO";"NO";"0";"0";"0";"0";"0";"0";"0";"0";"0";"0";"0";"0";"0";"0";"0";"Líquido";"8.7"
"14";"Productos fertilizantes: abonos inorgánicos";"1851";"Simple";"NITROGENADO";"CODABOR";"SAS";"CODABOR de SAS";"4";"4";"0";"0";"0";"0";"0";"0";"0";"0";"0";"0";;"NO";"NO";"0";"0";"0";"0";"0";"0";"0";"0";"0";"0";"10.4";"0";"0";"0";"0";"Líquido";"0"
"11";"Productos fertilizantes bioestimulantes";"1852";"Simple";"POTÁSICO";"CODABRIX";"SAS";"CODABRIX de SAS";"0";"0";"0";"0";"0";"0";"0";"0";"0";"18";"18";"14.94";;"NO";"NO";"0";"0";"0";"0";"0";"0";"0";"0";"0";"0";"0";"0";"0";"0";"0";"Líquido";"15.5"
"14";"Productos fertilizantes: abonos inorgánicos";"1853";"Complejo";"OTROS";"CODA-Ca-L";"SAS";"CODA-Ca-L de SAS";"0";"0";"0";"0";"0";"0";"0";"0";"0";"0";"0";"0";;"NO";"NO";"8.4";"0";"0";"0.7";"70";"45";"25";"0";"0.4";"70";"0";"0";"0";"0";"0";"Líquido";"0"
"14";"Productos fertilizantes: abonos inorgánicos";"1854";"Complejo";"OTROS";"CODACAL BORO";"SAS";"CODACAL BORO de SAS";"0";"0";"0";"0";"0";"0";"0";"0";"0";"0";"0";"0";;"NO";"NO";"8";"0";"0";"0";"0";"0";"0";"0";"0";"0";"0.4";"0";"0";"0";"0";"Líquido";"0"
"14";"Productos fertilizantes: abonos inorgánicos";"1855";"Complejo";"OTROS";"CODACITRICOS";"SAS";"CODACITRICOS de SAS";"0";"0";"0";"0";"0";"0";"0";"0";"0";"0";"0";"0";;"NO";"NO";"0";"0";"10.5";"0";"0";"0";"0";"2";"0";"0";"0";"0";"2";"0";"2";"Líquido";"0"
"14";"Productos fertilizantes: abonos inorgánicos";"1856";"Complejo";"OTROS";"CODA-Cu-L";"SAS";"CODA-Cu-L de SAS";"0";"0";"0";"0";"0";"0";"0";"0";"0";"0";"0";"0";;"NO";"NO";"0";"0";"8.7";"0";"5";"0";"0";"0";"0";"0";"0";"0";"0";"0";"0";"Líquido";"0"
"14";"Productos fertilizantes: abonos inorgánicos";"1857";"Complejo";"OTROS";"CODA-Fe-L";"SAS";"CODA-Fe-L de SAS";"0";"0";"0";"0";"0";"0";"0";"0";"0";"0";"0";"0";;"NO";"NO";"0";"0";"13.5";"0";"0";"0";"0";"0";"0";"0";"0";"0";"0";"0";"5";"Líquido";"0"
"14";"Productos fertilizantes: abonos inorgánicos";"1858";"Complejo";"TERNARIO NPK";"CODAFOL 13-13-13";"SAS";"CODAFOL 13-13-13 de SAS";"10.3";"0";"0";"0";"10.3";"10.3";"10.3";"0";"4.491";"10.3";"10.3";"8.549";;"NO";"NO";"0";"0";"0";"0";"0";"0";"0";"0";"0";"0";"0";"0";"0";"0";"0";"Líquido";"0"
"14";"Productos fertilizantes: abonos inorgánicos";"1859";"Complejo";"TERNARIO NPK";"CODAFOL 14-6-5";"SAS";"CODAFOL 14-6-5 de SAS";"14";"0";"1";"1";"12";"6";"6";"0";"2.616";"5";"5";"4.15";;"NO";"NO";"0";"0";"0";"0";"0.05";"0";"0";"0.05";"0";"0";"0";"0";"0.05";"0.001";"0.1";"Líquido";"0"
"14";"Productos fertilizantes: abonos inorgánicos";"1860";"Complejo";"TERNARIO NPK";"CODAFOL 4-16-28";"SAS";"CODAFOL 4-16-28 de SAS";"3";"0";"0";"0";"3";"12";"12";"0";"5.232";"20";"20";"16.6";;"NO";"NO";"0";"0";"0";"0";"0";"0";"0";"0";"0";"0";"0.2";"0";"0";"0.02";"0";"Líquido";"0"
"14";"Productos fertilizantes: abonos inorgánicos";"1861";"Complejo";"TERNARIO NPK";"CODAFOL 7-21-7";"SAS";"CODAFOL 7-21-7 de SAS";"5.8";"0";"0";"0";"5.8";"17.399";"17.4";"0";"7.586";"5.8";"5.8";"4.814";;"NO";"NO";"0";"0";"0";"0";"0.05";"0";"0";"0.05";"0";"0";"0.1";"0";"0.05";"0.001";"0.11";"Líquido";"0"
"14";"Productos fertilizantes: abonos inorgánicos";"1862";"Simple";"POTÁSICO";"CODAFOL K30";"SAS";"CODAFOL K30 de SAS";"0";"0";"0";"0";"0";"0";"0";"0";"0";"30";"30";"24.9";;"NO";"NO";"0";"0";"0";"0";"0";"0";"0";"0";"0";"0";"0";"0";"0";"0";"0";"Líquido";"0"
"14";"Productos fertilizantes: abonos inorgánicos";"1863";"Simple";"POTÁSICO";"CODAFOL K35 ACID";"SAS";"CODAFOL K35 ACID de SAS";"0";"0";"0";"0";"0";"0";"0";"0";"0";"24";"24";"19.92";;"NO";"NO";"0";"0";"0";"0";"0";"0";"0";"0";"0";"0";"0";"0";"0";"0";"0";"Líquido";"0"
"11";"Productos fertilizantes bioestimulantes";"1864";"Complejo";"TERNARIO NPK";"CODAFOL MAXIMUS 8-11-3";"SAS";"CODAFOL MAXIMUS 8-11-3 de SAS";"8";"1.85";"0.2";"0.55";"5.4";"11";"11";"0";"4.796";"3";"3";"2.49";;"NO";"NO";"0";"0.3";"0";"0";"0";"0";"0";"0.52";"0";"0";"0.11";"0";"0.75";"0";"0";"Líquido";"6.6"
"14";"Productos fertilizantes: abonos inorgánicos";"1865";"Simple";"NITROGENADO";"CODAFOL N33";"SAS";"CODAFOL N33 de SAS";"26";"0";"6.5";"6.5";"13";"0";"0";"0";"0";"0";"0";"0";;"NO";"NO";"0";"0";"0";"0";"0.1";"0";"0";"0.05";"0";"0";"0";"0";"0.05";"0";"0";"Líquido";"0"
"14";"Productos fertilizantes: abonos inorgánicos";"1866";"Complejo";"OTROS";"CODAHORT";"SAS";"CODAHORT de SAS";"0";"0";"0";"0";"0";"0";"0";"0";"0";"0";"0";"0";;"NO";"NO";"0";"1.75";"9.5";"0";"0.1";"0";"0";"1";"0";"0";"0.2";"0";"1";"0.02";"2";"Líquido";"0"
"11";"Productos fertilizantes bioestimulantes";"1867";"Simple";"POTÁSICO";"CODAHUMUS 15";"SAS";"CODAHUMUS 15 de SAS";"0";"0";"0";"0";"0";"0";"0";"0";"0";"2.2";"2.2";"1.826";;"NO";"NO";"0";"0";"0";"0";"0";"0";"0";"0";"0";"0";"0";"0";"0";"0";"0";"Líquido";"8.7"
"11";"Productos fertilizantes bioestimulantes";"1868";"Complejo";"BINARIO PK";"CODAHUMUS 20";"SAS";"CODAHUMUS 20 de SAS";"0";"0";"0";"0";"0";"1.2";"1.2";"0";"0.523";"5";"5";"4.15";;"NO";"NO";"0";"0";"0";"0";"0";"0";"0";"0";"0";"0";"0";"0";"0";"0";"0";"Líquido";"11.7"
"11";"Productos fertilizantes bioestimulantes";"1869";"Complejo";"BINARIO PK";"CODAHUMUS PK";"SAS";"CODAHUMUS PK  de SAS";"0";"0";"0";"0";"0";"7";"7";"0";"3.052";"12";"12";"9.96";;"NO";"NO";"0";"0";"0";"0";"0";"0";"0";"0";"0";"0";"0";"0";"0";"0";"0";"Líquido";"9.25"
"11";"Productos fertilizantes bioestimulantes";"1870";"Complejo";"BINARIO NK";"CODAHUMUS S80";"SAS";"CODAHUMUS S80 de SAS";"0.9";"0.9";"0";"0";"0";"0";"0";"0";"0";"12";"12";"9.96";;"NO";"NO";"0";"0";"0";"0";"0";"0";"0";"0";"0";"0";"0";"0";"0";"0";"0";"Sólido";"43.5"
"11";"Productos fertilizantes bioestimulantes";"1871";"Simple";"POTÁSICO";"CODAHUMUS SG";"SAS";"CODAHUMUS SG de SAS";"0";"0";"0";"0";"0";"0";"0";"0";"0";"10";"10";"8.3";;"NO";"NO";"0";"0";"0";"0";"0";"0";"0";"0";"0";"0";"0";"0";"0";"0";"0";"Sólido";"40.6"
"14";"Productos fertilizantes: abonos inorgánicos";"1872";"Complejo";"OTROS";"CODA-Mg-L";"SAS";"CODA-Mg-L de SAS";"0";"0";"0";"0";"0";"0";"0";"0";"0";"0";"0";"0";;"NO";"NO";"0";"6.6";"0";"0";"0";"0";"0";"0";"0";"0";"0";"0";"0";"0";"0";"Líquido";"0"
"11";"Productos fertilizantes bioestimulantes";"1873";"Simple";"NITROGENADO";"CODAMIN 150";"SAS";"CODAMIN 150 de SAS";"3.4";"2.5";"0";"0.9";"0";"0";"0";"0";"0";"0";"0";"0";;"NO";"NO";"0";"0";"0";"0";"0";"0";"0";"0.4";"0";"0";"0";"0";"0.6";"0";"2";"Líquido";"11"
"11";"Productos fertilizantes bioestimulantes";"1874";"Simple";"NITROGENADO";"CODAMIN B-Mo";"SAS";"CODAMIN B-Mo de SAS";"5";"4.45";"0";"0.1";"0.45";"0";"0";"0";"0";"0";"0";"0";;"NO";"NO";"0";"0";"0";"0";"0";"0";"0";"0";"0";"0";"5";"0";"0";"0.17";"0";"Líquido";"14"
"11";"Productos fertilizantes bioestimulantes";"1875";"Simple";"NITROGENADO";"CODAMIN MICRORADICULAR";"SAS";"CODAMIN MICRORADICULAR de SAS";"1.1";"1";"0";"0.1";"0";"0";"0";"0";"0";"0";"0";"0";;"NO";"NO";"0";"0";"8";"0";"0";"0";"0";"1";"0";"0";"0";"0";"1";"0";"3";"Líquido";"4.6"
"11";"Productos fertilizantes bioestimulantes";"1876";"Complejo";"TERNARIO NPK";"CODAMIN RADICULAR";"SAS";"CODAMIN RADICULAR de SAS";"2.9";"1";"0";"1.9";"0";"9.8";"9.8";"0";"4.273";"3.5";"3.5";"2.905";;"NO";"NO";"0";"0";"0";"0";"0";"0";"0";"0";"0";"0";"0";"0";"0";"0";"0";"Líquido";"3.8"
"14";"Productos fertilizantes: abonos inorgánicos";"1877";"Complejo";"OTROS";"CODAMIX";"SAS";"CODAMIX de SAS";"0";"0";"0";"0";"0";"0";"0";"0";"0";"0";"0";"0";;"NO";"NO";"0";"0";"11.6";"0";"0.12";"0";"0";"0.5";"0";"0";"0.3";"0";"2";"0.08";"4";"Líquido";"0"
"14";"Productos fertilizantes: abonos inorgánicos";"1878";"Complejo";"OTROS";"CODA-Mn-L";"SAS";"CODA-Mn-L de SAS";"0";"0";"0";"0";"0";"0";"0";"0";"0";"0";"0";"0";;"NO";"NO";"0";"0";"14.8";"0";"0";"0";"0";"0";"0";"0";"0";"0";"8";"0";"0";"Líquido";"0"
"11";"Productos fertilizantes bioestimulantes";"1879";"Complejo";"BINARIO NP";"CODAMOL";"SAS";"CODAMOL de SAS";"2.9";"0.4";"0";"2.5";"0";"10";"10";"0";"4.36";"0";"0";"0";;"NO";"NO";"0";"0";"0";"0";"0";"0";"0";"0";"0";"0";"0.2";"0";"0";"3";"0";"Líquido";"2.5"
"11";"Productos fertilizantes bioestimulantes";"1880";"Complejo";"TERNARIO NPK";"CODAN PLUS";"SAS";"CODAN PLUS de SAS";"1.9";"1.85";"0";"0.05";"0";"7";"7";"0";"3.052";"9.3";"9.3";"7.719";;"NO";"NO";"0";"0";"0";"0";"0";"0";"0";"0";"0";"0";"1";"0";"0";"0.1";"0";"Líquido";"14.5"
"14";"Productos fertilizantes: abonos inorgánicos";"1881";"Complejo";"OTROS";"CODAQUEL";"SAS";"CODAQUEL de SAS";"0";"0";"0";"0";"0";"0";"0";"0";"0";"0";"0";"0";;"NO";"NO";"0";"0";"12.7";"0";"0";"0";"0";"3.5";"0";"0";"0";"0";"3.5";"0";"0";"Líquido";"0"
"11";"Productos fertilizantes bioestimulantes";"1882";"Complejo";"OTROS";"CODARGON";"SAS";"CODARGON de SAS";"0";"0";"0";"0";"0";"0";"0";"0";"0";"0";"0";"0";;"NO";"NO";"2.3";"1";"5.4";"0";"0";"0";"0";"0";"0";"0";"0";"0";"0";"0";"0.02";"Líquido";"17.4"
"14";"Productos fertilizantes: abonos inorgánicos";"1883";"Complejo";"OTROS";"CODASAL";"SAS";"CODASAL de SAS";"0";"0";"0";"0";"0";"0";"0";"0";"0";"0";"0";"0";;"NO";"NO";"8";"0";"0";"0";"0";"0";"0";"0";"0";"0";"0";"0";"0";"0";"0";"Líquido";"0"
"14";"Productos fertilizantes: abonos inorgánicos";"1884";"Complejo";"OTROS";"CODASAL COMPLEX";"SAS";"CODASAL COMPLEX de SAS";"0";"0";"0";"0";"0";"0";"0";"0";"0";"0";"0";"0";;"NO";"NO";"10";"2";"1.8";"0";"0";"0";"0";"0";"0";"0";"0.1";"0.005";"0";"0.05";"0";"Líquido";"0"
"14";"Productos fertilizantes: abonos inorgánicos";"1885";"Complejo";"OTROS";"CODASAL PLUS";"SAS";"CODASAL PLUS de SAS";"0";"0";"0";"0";"0";"0";"0";"0";"0";"0";"0";"0";;"NO";"NO";"10";"0";"0";"0";"0";"0";"0";"0";"0";"0";"0";"0";"0";"0";"0";"Líquido";"0"
"14";"Productos fertilizantes: abonos inorgánicos";"1886";"Complejo";"OTROS";"CODASAL PREMIUM";"SAS";"CODASAL PREMIUM de SAS";"0";"0";"0";"0";"0";"0";"0";"0";"0";"0";"0";"0";;"NO";"NO";"12.3";"0";"0";"0.3";"5.54";"2.01";"1.41";"7.56";"0.01";"1.01";"0";"0";"0";"0";"0";"Líquido";"0"
"11";"Productos fertilizantes bioestimulantes";"1887";"Complejo";"BINARIO NK";"CODASIL";"SAS";"CODASIL de SAS";"0.6";"0.6";"0";"0";"0";"0";"0";"0";"0";"11.2";"11.2";"9.296";;"NO";"NO";"0";"0";"0";"0";"0";"0";"0";"0";"0";"0";"0.017";"0";"0";"0.001";"0";"Líquido";"3.5"
"11";"Productos fertilizantes bioestimulantes";"1888";"Simple";"NITROGENADO";"CODASTING";"SAS";"CODASTING de SAS";"7.2";"2";"0";"0.1";"5.1";"0";"0";"0";"0";"0";"0";"0";;"NO";"NO";"0";"0";"0";"0";"0";"0";"0";"0";"0";"0";"0";"0";"0";"0";"0";"Líquido";"8.2"
"11";"Productos fertilizantes bioestimulantes";"1889";"Simple";"NITROGENADO";"CODASTING-Murcia";"SAS";"CODASTING-Murcia de SAS";"7.2";"7.1";"0";"0.1";"0";"0";"0";"0";"0";"0";"0";"0";;"NO";"NO";"0";"0";"0";"0";"0";"0";"0";"0";"0";"0";"0";"0";"0";"0";"0";"Líquido";"20"
"14";"Productos fertilizantes: abonos inorgánicos";"1890";"Simple";"NITROGENADO";"CODASUL MICRO";"SAS";"CODASUL MICRO de SAS";"15";"0";"0";"0";"15";"0";"0";"0";"0";"0";"0";"0";;"NO";"NO";"0";"0";"15.5";"0";"0.5";"0";"0";"0";"0";"0";"0";"0";"1.5";"0";"3";"Líquido";"0"
"14";"Productos fertilizantes: abonos inorgánicos";"1891";"Simple";"NITROGENADO";"CODASUL pH";"SAS";"CODASUL pH de SAS";"15";"0";"0";"0";"15";"0";"0";"0";"0";"0";"0";"0";;"NO";"NO";"0";"0";"40";"0";"0";"0";"0";"0.01";"0";"0";"0";"0";"0";"0";"0.02";"Líquido";"0"
"14";"Productos fertilizantes: abonos inorgánicos";"1892";"Complejo";"OTROS";"CODAVIT";"SAS";"CODAVIT de SAS";"0";"0";"0";"0";"0";"0";"0";"0";"0";"0";"0";"0";;"NO";"NO";"0";"0";"12.3";"0";"1.75";"0";"0";"0.5";"0";"0";"0";"0";"0.75";"0";"2";"Líquido";"0"
"14";"Productos fertilizantes: abonos inorgánicos";"1893";"Complejo";"OTROS";"CODA-Zn-L";"SAS";"CODA-Zn-L de SAS";"0";"0";"0";"0";"0";"0";"0";"0";"0";"0";"0";"0";;"NO";"NO";"0";"0";"11.6";"0";"0";"0";"0";"8.4";"0";"0";"0";"0";"0";"0";"0";"Líquido";"0"
"11";"Productos fertilizantes bioestimulantes";"1894";"Complejo";"BINARIO NK";"DALCON";"SAS";"DALCON de SAS";"2.75";"2.55";"0";"0.2";"0";"0";"0";"0";"0";"2.1";"2.1";"1.743";;"NO";"NO";"0.2";"0.3";"4";"0";"0";"0";"0";"0";"0";"0";"0";"0";"0";"0";"2";"Líquido";"16"
"11";"Productos fertilizantes bioestimulantes";"1895";"Complejo";"BINARIO NK";"DALGIN";"SAS";"DALGIN de SAS";"1.3";"1.3";"0";"0";"0";"0";"0";"0";"0";"3.4";"3.4";"2.822";;"NO";"NO";"0";"0";"0";"0";"0";"0";"0";"0";"0";"0";"0";"0";"0";"0";"0";"Líquido";"9"
"11";"Productos fertilizantes bioestimulantes";"1896";"Complejo";"BINARIO NK";"DALGIN ACTIVE";"SAS";"DALGIN ACTIVE de SAS";"1.27";"1.27";"0";"0";"0";"0";"0";"0";"0";"3.4";"3.4";"2.822";;"NO";"NO";"0";"0";"0";"0";"0";"0";"0";"0";"0";"0";"0";"0";"0";"0";"0";"Líquido";"8.2"
"11";"Productos fertilizantes bioestimulantes";"1897";"Complejo";"BINARIO NK";"DALGIN H15";"SAS";"DALGIN H15 de SAS";"0.45";"0.45";"0";"0";"0";"0";"0";"0";"0";"3.751";"3.75";"3.113";;"NO";"NO";"0";"0";"0";"0";"0";"0";"0";"0";"0";"0";"0";"0";"0";"0";"0";"Líquido";"9"
"11";"Productos fertilizantes bioestimulantes";"1898";"Simple";"NITROGENADO";"DALGIN Mg";"SAS";"DALGIN Mg de SAS";"0.5";"0.5";"0";"0";"0";"0";"0";"0";"0";"0";"0";"0";;"NO";"NO";"0";"5";"10";"0";"0";"0";"0";"0";"0";"0";"1";"0";"0.03";"0.1";"0.02";"Líquido";"1.2"
"11";"Productos fertilizantes bioestimulantes";"1899";"Complejo";"BINARIO NK";"e-CODAHUMUS";"SAS";"e-CODAHUMUS  de SAS";"0.4";"0.4";"0";"0";"0";"0";"0";"0";"0";"4";"4";"3.32";;"NO";"NO";"0";"0";"0";"0";"0";"0";"0";"0";"0";"0";"0";"0";"0";"0";"0";"Líquido";"11.7"
"11";"Productos fertilizantes bioestimulantes";"1900";"Complejo";"OTROS";"e-CODARGON";"SAS";"e-CODARGON de SAS";"0";"0";"0";"0";"0";"0";"0";"0";"0";"0";"0";"0";;"NO";"NO";"2.3";"0";"0";"0";"0";"0";"0";"0";"0";"0";"0";"0";"0";"0";"0";"Líquido";"17.4"
"11";"Productos fertilizantes bioestimulantes";"1901";"Complejo";"BINARIO NK";"e-DALGIN";"SAS";"e-DALGIN de SAS";"0.3";"0.3";"0";"0";"0";"0";"0";"0";"0";"3.3";"3.3";"2.739";;"NO";"NO";"0.2";"0.1";"0";"0";"0";"0";"0";"0";"0";"0";"0";"0";"0";"0";"0";"Líquido";"4.64"
"11";"Productos fertilizantes bioestimulantes";"1902";"Complejo";"BINARIO NK";"FRUITMAX 10";"SAS";"FRUITMAX 10 de SAS";"3";"2.9";"0";"0.1";"0";"0";"0";"0";"0";"1.7";"1.7";"1.411";;"NO";"NO";"0";"0";"0";"0";"0";"0";"0";"0";"0";"0";"1";"0";"0";"0.1";"0";"Líquido";"11.5"
"11";"Productos fertilizantes bioestimulantes";"1903";"Complejo";"TERNARIO NPK";"GEOACTIVE";"SAS";"GEOACTIVE de SAS";"3.3";"3";"0";"0.3";"0";"1.8";"1.8";"0";"0.785";"1.8";"1.8";"1.494";;"NO";"NO";"0.05";"0.4";"1.2";"0";"0";"0";"0";"0";"0";"0";"0";"0";"0";"0";"0";"Líquido";"19.72"
"11";"Productos fertilizantes bioestimulantes";"1904";"Complejo";"TERNARIO NPK";"GLYCONIC";"SAS";"GLYCONIC de SAS";"3";"2.95";"0";"0.05";"0";"8";"8";"0";"3.488";"4";"4";"3.32";;"NO";"NO";"0";"0";"0";"0";"0";"0";"0";"0";"0";"0";"1";"0";"0";"0.15";"0";"Líquido";"9.5"
"11";"Productos fertilizantes bioestimulantes";"1905";"Complejo";"BINARIO NK";"K·MAD";"SAS";"K·MAD de SAS";"0.9";"0.9";"0";"0";"0";"0";"0";"0";"0";"25.7";"25.7";"21.331";;"NO";"NO";"0";"0";"0";"0";"0";"0";"0";"0";"0";"0";"0";"0";"0";"0";"0";"Líquido";"3"
"11";"Productos fertilizantes bioestimulantes";"1906";"Complejo";"BINARIO NK";"KRYOSS";"SAS";"KRYOSS de SAS";"0.25";"0.25";"0";"0";"0";"0";"0";"0";"0";"6.751";"6.75";"5.603";;"NO";"NO";"0";"0";"0";"0";"0";"0";"0";"0";"0";"0";"0";"0";"0";"0";"0";"Líquido";"10"
"14";"Productos fertilizantes: abonos inorgánicos";"1907";"Complejo";"TERNARIO NPK";"KRYSTAAL 15-5-30";"SAS";"KRYSTAAL 15-5-30 de SAS";"15";"0";"10.2";"4.8";"0";"5";"5";"5";"2.18";"30";"30";"24.9";;"NO";"NO";"0";"1.3";"12";"0";"0.02";"0";"0";"0.02";"0";"0";"0.01";"0";"0.05";"0.001";"0.05";"Sólido";"0"
"14";"Productos fertilizantes: abonos inorgánicos";"1908";"Complejo";"TERNARIO NPK";"KRYSTAAL 17-17-17";"SAS";"KRYSTAAL 17-17-17 de SAS";"17";"0";"7";"10";"0";"17";"17";"17";"7.412";"17";"17";"14.11";;"NO";"NO";"0";"0";"13";"0";"0.02";"0";"0";"0.02";"0";"0";"0.01";"0";"0.05";"0.001";"0.05";"Sólido";"0"
"14";"Productos fertilizantes: abonos inorgánicos";"1909";"Complejo";"TERNARIO NPK";"KRYSTAAL 20-5-5";"SAS";"KRYSTAAL 20-5-5 de SAS";"20";"0";"4";"16";"0";"5";"5";"5";"2.18";"5";"5";"4.15";;"NO";"NO";"0";"0";"40";"0";"0.02";"0";"0";"0.02";"0";"0";"0.01";"0";"0.05";"0.001";"0.05";"Sólido";"0"
"14";"Productos fertilizantes: abonos inorgánicos";"1910";"Complejo";"OTROS";"NUMAFER 6P";"SAS";"NUMAFER 6P de SAS";"0";"0";"0";"0";"0";"0";"0";"0";"0";"0";"0";"0";;"NO";"NO";"0";"0";"0";"0";"0";"0";"0";"0";"0";"0";"0";"0";"0";"0";"6";"Sólido";"0"
"14";"Productos fertilizantes: abonos inorgánicos";"1911";"Complejo";"OTROS";"NUMAMIX";"SAS";"NUMAMIX de SAS";"0";"0";"0";"0";"0";"0";"0";"0";"0";"0";"0";"0";;"NO";"NO";"0";"0";"0";"0";"0.28";"0";"0";"2.8";"0";"0";"0";"0";"4";"0.32";"6";"Sólido";"0"
"14";"Productos fertilizantes: abonos inorgánicos";"1912";"Complejo";"OTROS";"NUMASAL";"SAS";"NUMASAL de SAS";"0";"0";"0";"0";"0";"0";"0";"0";"0";"0";"0";"0";;"NO";"NO";"11";"0";"2.4";"0";"0";"0";"0";"0";"0";"0";"0";"0";"0";"0.005";"0.018";"Líquido";"0"
"11";"Productos fertilizantes bioestimulantes";"1913";"Complejo";"BINARIO PK";"NUMASTAR";"SAS";"NUMASTAR de SAS";"0";"0";"0";"0";"0";"1.5";"1.5";"0";"0.654";"5.7";"5.7";"4.731";;"NO";"NO";"0";"0";"0";"0";"0";"0";"0";"0";"0";"0";"0";"0";"0";"0";"0";"Líquido";"10.4"
"11";"Productos fertilizantes bioestimulantes";"1914";"Complejo";"OTROS";"NUMATRIC";"SAS";"NUMATRIC de SAS";"0";"0";"0";"0";"0";"0";"0";"0";"0";"0";"0";"0";;"NO";"NO";"2";"0.9";"4.85";"0";"0";"0";"0";"0";"0";"0";"0";"0";"0";"0";"0.02";"Líquido";"21"
"11";"Productos fertilizantes bioestimulantes";"1915";"Complejo";"BINARIO NK";"OSMOPLANT";"SAS";"OSMOPLANT de SAS";"2.4";"2.4";"0";"0";"0";"0";"0";"0";"0";"3.351";"3.35";"2.781";;"NO";"NO";"0";"0";"0";"0";"0";"0";"0";"0";"0";"0";"0";"0";"0";"0";"0";"Líquido";"13"
"11";"Productos fertilizantes bioestimulantes";"1916";"Complejo";"BINARIO NK";"power-N";"SAS";"power-N de SAS";"4";"2.55";"1.3";"0.15";"0";"0";"0";"0";"0";"1.8";"1.8";"1.494";;"NO";"NO";"0";"2";"2";"0";"0";"0";"0";"0.05";"0";"0";"0.1";"0";"0.1";"0";"0";"Líquido";"18.3"
"11";"Productos fertilizantes bioestimulantes";"1917";"Complejo";"TERNARIO NPK";"RADIMAX+";"SAS";"RADIMAX+ de SAS";"3.1";"1";"0";"2.1";"0";"9.241";"9.24";"0";"4.029";"3.4";"3.4";"2.822";;"NO";"NO";"0";"0";"0";"0";"0";"0";"0";"0.42";"0";"0";"0.17";"0";"0.17";"0.02";"0.08";"Líquido";"5"
"14";"Productos fertilizantes: abonos inorgánicos";"1918";"Complejo";"OTROS";"STHENOS";"SAS";"STHENOS de SAS";"0";"0";"0";"0";"0";"0";"0";"0";"0";"0";"0";"0";;"NO";"NO";"2";"0";"0";"0";"0";"0";"0";"0";"0";"0";"0";"0";"0";"0";"0";"Líquido";"0"
"14";"Productos fertilizantes: abonos inorgánicos";"1919";"Simple";"POTÁSICO";"TAMPONIC pH";"SAS";"TAMPONIC pH de SAS";"0";"0";"0";"0";"0";"0";"0";"0";"0";"13";"13";"10.79";;"NO";"NO";"0";"0";"0";"0";"0";"0";"0";"0";"0";"0";"0";"0";"0";"0";"0";"Líquido";"0"
"11";"Productos fertilizantes bioestimulantes";"1920";"Complejo";"TERNARIO NPK";"TRIPTON TC";"SAS";"TRIPTON TC de SAS";"3";"1.8";"0";"1.2";"0";"6";"6";"0";"2.616";"0.251";"0.25";"0.208";;"NO";"NO";"0";"0";"0";"0";"0";"0";"0";"3";"0";"0";"0";"0";"0";"0";"0";"Líquido";"10.5"
"11";"Productos fertilizantes bioestimulantes";"1921";"Simple";"NITROGENADO";"UNIBROT";"SAS";"UNIBROT de SAS";"8.6";"0.45";"8";"0.15";"0";"0";"0";"0";"0";"0";"0";"0";;"NO";"NO";"15.7";"0";"0";"0";"0";"0";"0";"0";"0";"0";"0";"0";"0";"0";"0";"Líquido";"1.9"
"11";"Productos fertilizantes bioestimulantes";"1922";"Simple";"NITROGENADO";"VERDEMIN";"SAS";"VERDEMIN de SAS";"5.6";"2.65";"0";"2.85";"0.1";"0";"0";"0";"0";"0";"0";"0";;"NO";"NO";"0";"0";"0";"0";"0";"0";"0";"0.3";"0";"0";"0";"0";"0.8";"0";"2";"Líquido";"9"
"11";"Productos fertilizantes bioestimulantes";"1923";"Complejo";"BINARIO NK";"VERDEMIN 10";"SAS";"VERDEMIN 10 de SAS";"8";"1.2";"2.3";"4.5";"0";"0";"0";"0";"0";"3.4";"3.4";"2.822";;"NO";"NO";"0";"0";"0";"0";"0";"0";"0";"0";"0";"0";"0";"0";"0";"0";"0";"Líquido";"12.3"
"16";"Productos fertilizantes: abonos organominerales";"1924";"Complejo";"TERNARIO NPK";"FORGATECH STANDARD I";"FORGASA";"FORGATECH STANDARD I de FORGASA";"20";"0.5";"0";"5";"14.5";"5";"3";"5";"2.18";"7";"7";"5.81";;"NO";"NO";"1.5";"2";"12";"0";"0.002";"0";"0.001";"0.009";"0";"0";"0.001";"0";"0.001";"0";"1.5";"Sólido";"20"
"16";"Productos fertilizantes: abonos organominerales";"1925";"Complejo";"BINARIO NP";"FORGATECH STANDARD II";"FORGASA";"FORGATECH STANDARD II de FORGASA";"11";"0.5";"0";"10.5";"0";"28";"20";"28";"12.208";"0";"0";"0";;"NO";"NO";"6.5";"1";"11";"0";"0.002";"0";"0.001";"0.009";"0";"0";"0.001";"0";"0.001";"0";"1.5";"Sólido";"20"
"16";"Productos fertilizantes: abonos organominerales";"1926";"Complejo";"TERNARIO NPK";"FORGATECH STANDARD III";"FORGASA";"FORGATECH STANDARD III de FORGASA";"12";"0.3";"0";"11.7";"0";"10";"9";"10";"4.36";"10";"10";"8.3";;"NO";"NO";"1";"2";"26";"0.001";"0.002";"0";"0.002";"0.009";"0";"0";"0.001";"0";"0.001";"0";"1.5";"Sólido";"20"
"16";"Productos fertilizantes: abonos organominerales";"1927";"Complejo";"TERNARIO NPK";"FORGATECH STANDARD IV";"FORGASA";"FORGATECH STANDARD IV de FORGASA";"10";"0.5";"0";"9.5";"0";"5";"3";"5";"2.18";"15";"15";"12.45";;"NO";"NO";"1";"2";"24";"0";"0.002";"0";"0.001";"0.006";"0";"0";"0.001";"0";"0.001";"0";"1.5";"Sólido";"25"
"16";"Productos fertilizantes: abonos organominerales";"1928";"Complejo";"TERNARIO NPK";"FORGATECH STANDARD V";"FORGASA";"FORGATECH STANDARD V de FORGASA";"7";"0.5";"0";"6";"0.5";"15";"12";"15";"6.54";"7";"7";"5.81";;"NO";"NO";"1";"2";"14";"0.001";"0.002";"0";"0.002";"0.009";"0";"0";"0.005";"0";"0.004";"0";"2";"Sólido";"24.2"
"16";"Productos fertilizantes: abonos organominerales";"1929";"Complejo";"TERNARIO NPK";"FORGATECH STANDARD VII";"FORGASA";"FORGATECH STANDARD VII de FORGASA";"7";"0.5";"0";"6";"0.5";"10";"6";"10";"4.36";"10";"10";"8.3";;"NO";"NO";"1";"2";"16";"0.001";"0.002";"0";"0.002";"0.009";"0";"0";"0.005";"0.001";"0.004";"0";"2";"Sólido";"21.6"
"16";"Productos fertilizantes: abonos organominerales";"1930";"Complejo";"TERNARIO NPK";"FORGATECH STANDARD VIII";"FORGASA";"FORGATECH STANDARD VIII de FORGASA";"5";"0.5";"0";"4.5";"0";"10";"5";"10";"4.36";"15";"15";"12.45";;"NO";"NO";"1";"3";"14";"0.001";"0.002";"0";"0.002";"0.009";"0";"0";"0.005";"0.001";"0.004";"0";"2";"Sólido";"21"
"16";"Productos fertilizantes: abonos organominerales";"1931";"Complejo";"TERNARIO NPK";"FORGATECH STANDARD IX";"FORGASA";"FORGATECH STANDARD IX de FORGASA";"5";"0.5";"0";"4";"0.5";"5";"3";"5";"2.18";"20";"20";"16.6";;"NO";"NO";"1";"2";"15";"0";"0.002";"0";"0.002";"0.006";"0";"0";"0.005";"0.001";"0.004";"0";"2";"Sólido";"21"
"16";"Productos fertilizantes: abonos organominerales";"1932";"Complejo";"TERNARIO NPK";"FORGATECH STANDARD XI";"FORGASA";"FORGATECH STANDARD XI de FORGASA";"0.3";"0.3";"0";"0";"0";"10";"8";"10";"4.36";"14";"14";"11.62";;"NO";"NO";"11";"2";"14";"0";"0.002";"0";"0.002";"0.01";"0";"0";"0.005";"0.001";"0.004";"0";"1.95";"Líquido";"12"
"13";"Productos fertilizantes enmiendas orgánicas";"1933";"Complejo";"BINARIO NK";"FORGATECH ORGANIC";"FORGASA";"FORGATECH ORGANIC de FORGASA";"1";"0.5";"0";"0";"0.5";"0";"0";"0";"0";"3";"3";"2.49";;"NO";"NO";"0";"0";"0";"0";"0.003";"0";"0.001";"0.005";"0";"0";"0.005";"0.001";"0.004";"0";"2";"Sólido";"19.6"
"13";"Productos fertilizantes enmiendas orgánicas";"1934";"Complejo";"BINARIO NK";"LEOTECH ORGANIC";"FORGASA";"LEOTECH ORGANIC de FORGASA";"1";"0.5";"0";"0";"0.5";"0";"0";"0";"0";"3";"3";"2.49";;"NO";"NO";"0";"0";"12";"0";"0.004";"0";"0.003";"0.006";"0";"0";"0.01";"0.001";"0.008";"0";"2";"Sólido";"20"
"13";"Productos fertilizantes enmiendas orgánicas";"1935";"Complejo";"BINARIO NK";"FORGATECH ORGANIC CAS";"FORGASA";"FORGATECH ORGANIC CaS de FORGASA";"1";"0.5";"0";"0";"0.5";"0";"0";"0";"0";"2";"2";"1.66";;"NO";"NO";"20";"0";"30";"0";"0.001";"0";"0.001";"0";"0";"0.002";"0.005";"0.001";"0.004";"0";"2";"Sólido";"11.5"
"13";"Productos fertilizantes enmiendas orgánicas";"1936";"Simple";"NITROGENADO";"LEONARDITA STANDARD";"FORGASA";"LEONARDITA STANDARD de FORGASA";"0.5";"0.5";"0";"0";"0";"0";"0";"0";"0";"0";"0";"0";;"NO";"NO";"0";"0";"8";"0";"0.002";"0";"0.002";"0.005";"0";"0";"0.01";"0.001";"0.008";"0";"2.8";"Sólido";"26.2"
"13";"Productos fertilizantes enmiendas orgánicas";"1937";"Simple";"NITROGENADO";"LEONARDITA SPECIAL";"FORGASA";"LEONARDITA SPECIAL de FORGASA";"0.5";"0.5";"0";"0";"0";"0";"0";"0";"0";"0";"0";"0";;"NO";"NO";"0";"0";"8";"0";"0.002";"0";"0.002";"0.005";"0";"0";"0.01";"0.001";"0.008";"0";"3.65";"Sólido";"24.6"
"13";"Productos fertilizantes enmiendas orgánicas";"1938";"Simple";"NITROGENADO";"LEONARDITA PREMIUM";"FORGASA";"LEONARDITA PREMIUM  de FORGASA";"0.5";"0.5";"0";"0";"0";"0";"0";"0";"0";"0";"0";"0";;"NO";"NO";"0";"0";"8";"0";"0.003";"0";"0.003";"0.004";"0";"0";"0.01";"0.001";"0.008";"0";"3";"Sólido";"23.9"
"14";"Productos fertilizantes: abonos inorgánicos";"1939";"Complejo";"TERNARIO NPK";"FERTILPAK 07-18-27";"DELSO";"FERTILPAK 07-18-27 de DELSO";"7";"0";"0";"7";"0";"18";"17";"18";"7.848";"27";"27";"22.41";;"NO";"NO";"0";"0";"9";"0";"0";"0";"0";"0";"0";"0";"0";"0";"0";"0";"0";"Sólido";"0"
"14";"Productos fertilizantes: abonos inorgánicos";"1940";"Complejo";"TERNARIO NPK";"FERTILPAK 08-15-15";"DELSO";"FERTILPAK 08-15-15 de DELSO";"8";"0";"0";"8";"0";"15";"14.5";"15";"6.54";"15";"15";"12.45";;"NO";"NO";"0";"0";"15";"0";"0";"0";"0";"0";"0";"0";"0";"0";"0";"0";"0";"Sólido";"0"
"14";"Productos fertilizantes: abonos inorgánicos";"1941";"Complejo";"TERNARIO NPK";"FERTILPAK 08-24-08";"DELSO";"FERTILPAK 08-24-08 de DELSO";"8";"0";"0";"8";"0";"24";"23";"24";"10.464";"8";"8";"6.64";;"NO";"NO";"0";"0";"6";"0";"0";"0";"0";"0";"0";"0";"0";"0";"0";"0";"0";"Sólido";"0"
"14";"Productos fertilizantes: abonos inorgánicos";"1942";"Complejo";"TERNARIO NPK";"FERTILPAK 15-15-15";"DELSO";"FERTILPAK 15-15-15 de DELSO";"15";"0";"0";"12.9";"2.1";"15";"14";"15";"6.54";"15";"15";"12.45";;"NO";"NO";"0";"0";"20";"0";"0";"0";"0";"0";"0";"0";"0";"0";"0";"0";"0";"Sólido";"0"
"14";"Productos fertilizantes: abonos inorgánicos";"1943";"Complejo";"TERNARIO NPK";"FERTILPAK 20-05-10";"DELSO";"FERTILPAK 20-05-10 de DELSO";"20";"0";"0";"14.6";"5.4";"5";"4.5";"5";"2.18";"10";"10";"8.3";;"NO";"NO";"0";"0";"36";"0";"0";"0";"0";"0";"0";"0";"0";"0";"0";"0";"0";"Sólido";"0"
"14";"Productos fertilizantes: abonos inorgánicos";"1944";"Complejo";"TERNARIO NPK";"FERTILPAK 20-05-10 + 0,1B";"DELSO";"FERTILPAK 20-05-10 + 0,1B de DELSO";"20";"0";"0";"14.5";"5.5";"5";"4.8";"5";"2.18";"10";"10";"8.3";;"NO";"NO";"0";"0";"35.7";"0";"0";"0";"0";"0";"0";"0";"0.1";"0";"0";"0";"0";"Sólido";"0"
"14";"Productos fertilizantes: abonos inorgánicos";"1945";"Complejo";"TERNARIO NPK";"FERTILPAK 20-05-12 + 0,1B";"DELSO";"FERTILPAK 20-05-12 + 0,1B de DELSO";"20";"0";"0";"13";"7";"5";"4.8";"5";"2.18";"12";"12";"9.96";;"NO";"NO";"0";"0";"32";"0";"0";"0";"0";"0";"0";"0";"0.1";"0";"0";"0";"0";"Sólido";"0"
"14";"Productos fertilizantes: abonos inorgánicos";"1946";"Simple";"NITROGENADO";"FERTILPAK 22-00-00 + 0,2B";"DELSO";"FERTILPAK 22-00-00 + 0,2B de DELSO";"22";"0";"0";"19.6";"2.4";"0";"0";"0";"0";"0";"0";"0";;"NO";"NO";"0";"0";"56";"0";"0";"0";"0";"0";"0";"0";"0.2";"0";"0";"0";"0";"Sólido";"0"
"14";"Productos fertilizantes: abonos inorgánicos";"1947";"Complejo";"TERNARIO NPK";"FERTILPAK 22-06-06";"DELSO";"FERTILPAK 22-06-06 de DELSO";"22";"0";"0";"15.6";"6.4";"6";"5.7";"6";"2.616";"6";"6";"4.98";;"NO";"NO";"0";"0";"38";"0";"0";"0";"0";"0";"0";"0";"0";"0";"0";"0";"0";"Sólido";"0"
"14";"Productos fertilizantes: abonos inorgánicos";"1948";"Complejo";"TERNARIO NPK";"FERTILPAK 20-10-10 + 1B";"DELSO";"FERTILPAK 20-10-10 + 1B de DELSO";"20";"0";"0";"11.6";"8.4";"10";"9.6";"10";"4.36";"10";"10";"8.3";;"NO";"NO";"0";"0";"22";"0";"0";"0";"0";"0";"0";"0";"1";"0";"0";"0";"0";"Sólido";"0"
"14";"Productos fertilizantes: abonos inorgánicos";"1949";"Complejo";"TERNARIO NPK";"FERTILPAK 22-06-06 + 0,6B";"DELSO";"FERTILPAK 22-06-06 + 0,6B de DELSO";"22";"0";"0";"14";"8";"6";"5.7";"6";"2.616";"6";"6";"4.98";;"NO";"NO";"0";"0";"33";"0";"0";"0";"0";"0";"0";"0";"0.6";"0";"0";"0";"0";"Sólido";"0"
"14";"Productos fertilizantes: abonos inorgánicos";"1950";"Complejo";"TERNARIO NPK";"FERTILPAK 21-08-08";"DELSO";"FERTILPAK 21-08-08 de DELSO";"21";"0";"0";"14.9";"6.1";"8";"7.7";"8";"3.488";"8";"8";"6.64";;"NO";"NO";"0";"0";"34";"0";"0";"0";"0";"0";"0";"0";"0";"0";"0";"0";"0";"Sólido";"0"
"14";"Productos fertilizantes: abonos inorgánicos";"1951";"Complejo";"TERNARIO NPK";"FERTILPAK 15-06-06 + 1,2B";"DELSO";"FERTILPAK 15-06-06 + 1,2B de DELSO";"15";"0";"0";"15";"0";"6";"5.7";"6";"2.616";"6";"6";"4.98";;"NO";"NO";"0";"0";"36.1";"0";"0";"0";"0";"0";"0";"0";"1.2";"0";"0";"0";"0";"Sólido";"0"
"14";"Productos fertilizantes: abonos inorgánicos";"1952";"Complejo";"TERNARIO NPK";"FERTILPAK 06-12-12";"DELSO";"FERTILPAK 06-12-12 de DELSO";"6";"0";"0";"6";"0";"12";"11";"12";"5.232";"12";"12";"9.96";;"NO";"NO";"0";"0";"13";"0";"0";"0";"0";"0";"0";"0";"0";"0";"0";"0";"0";"Sólido";"0"
"14";"Productos fertilizantes: abonos inorgánicos";"1953";"Complejo";"TERNARIO NPK";"FERTILPAK 20-10-10";"DELSO";"FERTILPAK 20-10-10 de DELSO";"20";"0";"0";"11.8";"8.2";"10";"9.6";"10";"4.36";"10";"10";"8.3";;"NO";"NO";"0";"0";"23";"0";"0";"0";"0";"0";"0";"0";"0";"0";"0";"0";"0";"Sólido";"0"
"14";"Productos fertilizantes: abonos inorgánicos";"1954";"Complejo";"TERNARIO NPK";"FERTILPAK 22-05-05";"DELSO";"FERTILPAK 22-05-05 de DELSO";"22";"0";"0";"16.3";"5.7";"5";"4.8";"5";"2.18";"5";"5";"4.15";;"NO";"NO";"0";"0";"41";"0";"0";"0";"0";"0";"0";"0";"0";"0";"0";"0";"0";"Sólido";"0"
"14";"Productos fertilizantes: abonos inorgánicos";"1955";"Complejo";"TERNARIO NPK";"FERTILPAK 08-20-08";"DELSO";"FERTILPAK 08-20-08 de DELSO";"8";"0";"0";"8";"0";"20";"19.5";"20";"8.72";"8";"8";"6.64";;"NO";"NO";"0";"0";"14";"0";"0";"0";"0";"0";"0";"0";"0";"0";"0";"0";"0";"Sólido";"0"
"14";"Productos fertilizantes: abonos inorgánicos";"1956";"Complejo";"TERNARIO NPK";"FERTILPAK 08-12-20";"DELSO";"FERTILPAK 08-12-20 de DELSO";"8";"0";"0";"8";"0";"12";"11.7";"12";"5.232";"20";"20";"16.6";;"NO";"NO";"0";"0";"16";"0";"0";"0";"0";"0";"0";"0";"0";"0";"0";"0";"0";"Sólido";"0"
"14";"Productos fertilizantes: abonos inorgánicos";"1957";"Complejo";"TERNARIO NPK";"FERTILPAK 10-11-18";"DELSO";"FERTILPAK 10-11-18 de DELSO";"10";"0";"0";"10";"0";"11";"10.6";"11";"4.796";"18";"18";"14.94";;"NO";"NO";"5.5";"3.5";"16";"0";"0";"0";"0";"0";"0";"0";"0";"0";"0";"0";"0";"Sólido";"0"
"14";"Productos fertilizantes: abonos inorgánicos";"1958";"Simple";"NITROGENADO";"NITRAPAK 21-00-00";"DELSO";"NITRAPAK 21-00-00 de DELSO";"21";"0";"0";"21";"0";"0";"0";"0";"0";"0";"0";"0";;"NO";"NO";"0";"0";"60";"0";"0";"0";"0";"0";"0";"0";"0";"0";"0";"0";"0";"Sólido";"0"
"14";"Productos fertilizantes: abonos inorgánicos";"1959";"Simple";"NITROGENADO";"NITRAPAK 26-00-00";"DELSO";"NITRAPAK 26-00-00 de DELSO";"26";"0";"0";"17";"9";"0";"0";"0";"0";"0";"0";"0";;"NO";"NO";"0";"0";"48";"0";"0";"0";"0";"0";"0";"0";"0";"0";"0";"0";"0";"Sólido";"0"
"14";"Productos fertilizantes: abonos inorgánicos";"1960";"Simple";"NITROGENADO";"NITRAPAK 30-00-00";"DELSO";"NITRAPAK 30-00-00 de DELSO";"30";"0";"0";"13.4";"16.6";"0";"0";"0";"0";"0";"0";"0";;"NO";"NO";"0";"0";"38.4";"0";"0";"0";"0";"0";"0";"0";"0";"0";"0";"0";"0";"Sólido";"0"
"14";"Productos fertilizantes: abonos inorgánicos";"1961";"Simple";"NITROGENADO";"NITRAPAK 40-00-00";"DELSO";"NITRAPAK 40-00-00 de DELSO";"20";"0";"0";"5";"15";"0";"0";"0";"0";"0";"0";"0";;"NO";"NO";"0";"0";"14.4";"0";"0";"0";"0";"0";"0";"0";"0";"0";"0";"0";"0";"Sólido";"0"
"14";"Productos fertilizantes: abonos inorgánicos";"1962";"Complejo";"BINARIO NK";"NITRAPAK 20-00-03";"DELSO";"NITRAPAK 20-00-03 de DELSO";"20";"0";"0";"20";"0";"0";"0";"0";"0";"3";"3";"2.49";;"NO";"NO";"0";"0";"57";"0";"0";"0";"0";"0";"0";"0";"0";"0";"0";"0";"0";"Sólido";"0"
"14";"Productos fertilizantes: abonos inorgánicos";"1963";"Simple";"NITROGENADO";"NITRAPAK 21-00-00 PLUS DUO";"DELSO";"NITRAPAK 21-00-00 PLUS DUO de DELSO";"21";"0";"0";"21";"0";"0";"0";"0";"0";"0";"0";"0";;"SI";"NO";"0";"0";"60";"0";"0";"0";"0";"0";"0";"0";"0";"0";"0";"0";"0";"Sólido";"0"
"14";"Productos fertilizantes: abonos inorgánicos";"1964";"Complejo";"TERNARIO NPK";"KAIROS 68 NSR";"DELSO";"KAIROS 68 NSR de DELSO";"20";"0";"0";"11.2";"8.8";"8";"7.2";"8";"3.488";"10";"10";"8.3";;"NO";"SI";"0";"2";"26";"0";"0";"0";"0";"0.04";"0";"0";"0";"0";"0.06";"0";"0.1";"Sólido";"0"
"14";"Productos fertilizantes: abonos inorgánicos";"1965";"Complejo";"TERNARIO NPK";"KAIROS 69 S NSR";"DELSO";"KAIROS 69 S NSR de DELSO";"24";"0";"0";"9.5";"14.5";"5";"4.5";"5";"2.18";"7";"7";"5.81";;"NO";"SI";"0";"2";"30";"0";"0";"0";"0";"0.04";"0";"0";"0.1";"0";"0.06";"0";"0.1";"Sólido";"0"
"14";"Productos fertilizantes: abonos inorgánicos";"1966";"Simple";"NITROGENADO";"KAIROS 72 NSR";"DELSO";"KAIROS 72 NSR de DELSO";"25";"0";"0";"14.5";"10.5";"0";"0";"0";"0";"0";"0";"0";;"NO";"SI";"0";"2";"45";"0";"0";"0";"0";"0.04";"0";"0";"0";"0";"0.06";"0";"0.1";"Sólido";"0"
"14";"Productos fertilizantes: abonos inorgánicos";"1967";"Complejo";"TERNARIO NPK";"KAIROS 32 NSR";"DELSO";"KAIROS 32 NSR de DELSO";"20";"0";"0";"16.3";"3.7";"5";"4.5";"5";"2.18";"7";"7";"5.81";;"NO";"SI";"0";"0";"40";"0";"0";"0";"0";"0.04";"0";"0";"0.05";"0";"0.06";"0";"0.1";"Sólido";"0"
"14";"Productos fertilizantes: abonos inorgánicos";"1968";"Complejo";"TERNARIO NPK";"ILEX 39 S AFF";"DELSO";"ILEX 39 S AFF de DELSO";"12";"0";"0";"12";"0";"7";"6.5";"7";"3.052";"18";"18";"14.94";;"NO";"NO";"0";"2";"45";"0";"0";"0";"0";"0.04";"0";"0";"0";"0";"0.06";"0";"0.1";"Sólido";"0"
"14";"Productos fertilizantes: abonos inorgánicos";"1969";"Complejo";"TERNARIO NPK";"ILEX 65 AFF";"DELSO";"ILEX 65 AFF de DELSO";"10";"0";"0";"10";"0";"10";"9";"10";"4.36";"20";"20";"16.6";;"NO";"NO";"0";"2";"24";"0";"0";"0";"0";"0.04";"0";"0";"0";"0";"0.06";"0";"0.1";"Sólido";"0"
"14";"Productos fertilizantes: abonos inorgánicos";"1970";"Complejo";"TERNARIO NPK";"ILEX 66 AFF";"DELSO";"ILEX 66 AFF de DELSO";"14";"0";"0";"10";"4";"8";"7.2";"8";"3.488";"24";"24";"19.92";;"NO";"NO";"0";"0";"20";"0";"0";"0";"0";"0.04";"0";"0";"0";"0";"0.06";"0";"0.1";"Sólido";"0"
"14";"Productos fertilizantes: abonos inorgánicos";"1971";"Complejo";"TERNARIO NPK";"ILEX 68 AFF";"DELSO";"ILEX 68 AFF de DELSO";"10";"0";"0";"10";"0";"5";"4.5";"5";"2.18";"20";"20";"16.6";;"NO";"NO";"0";"2";"31";"0";"0";"0";"0";"0.04";"0";"0";"0";"0";"0.06";"0";"0.1";"Sólido";"0"
"14";"Productos fertilizantes: abonos inorgánicos";"1972";"Complejo";"TERNARIO NPK";"ILEX 72 AFF";"DELSO";"ILEX 72 AFF de DELSO";"12";"0";"0";"12";"0";"5";"4.5";"5";"2.18";"20";"20";"16.6";;"NO";"NO";"0";"2";"35";"0";"0";"0";"0";"0.04";"0";"0";"0";"0";"0.06";"0";"0.1";"Sólido";"0"
"14";"Productos fertilizantes: abonos inorgánicos";"1973";"Complejo";"TERNARIO NPK";"ILEX 75 AFF";"DELSO";"ILEX 75 AFF de DELSO";"12";"0";"0";"12";"0";"18";"17.5";"18";"7.848";"5";"5";"4.15";;"NO";"NO";"0";"0";"28";"0";"0";"0";"0";"0.04";"0";"0";"0";"0";"0.06";"0";"0";"Sólido";"0"
"14";"Productos fertilizantes: abonos inorgánicos";"1974";"Complejo";"TERNARIO NPK";"ILEX 69 AFF";"DELSO";"ILEX 69 AFF de DELSO";"17";"0";"0";"15.3";"1.7";"9";"8";"9";"3.924";"12";"12";"9.96";;"NO";"NO";"0";"0";"33";"0";"0";"0";"0";"0.04";"0";"0";"0";"0";"0.06";"0";"0";"Sólido";"0"
"14";"Productos fertilizantes: abonos inorgánicos";"1975";"Complejo";"TERNARIO NPK";"ILEX 77 AFF";"DELSO";"ILEX 77 AFF de DELSO";"7";"0";"0";"7";"0";"15";"14.7";"15";"6.54";"10";"10";"8.3";;"NO";"NO";"0";"0";"25";"0";"0";"0";"0";"0.04";"0";"0";"0";"0";"0.06";"0";"0";"Sólido";"0"
"14";"Productos fertilizantes: abonos inorgánicos";"1976";"Complejo";"BINARIO NP";"ILEX 35 AFF";"DELSO";"ILEX 35 AFF de DELSO";"15";"0";"0";"15";"0";"20";"17";"20";"8.72";"0";"0";"0";;"NO";"NO";"0";"0";"30";"0";"0";"0";"0";"0.04";"0";"0";"0";"0";"0.06";"0";"0";"Sólido";"0"
"14";"Productos fertilizantes: abonos inorgánicos";"1977";"Complejo";"TERNARIO NPK";"ILEX 74 AFF";"DELSO";"ILEX 74 AFF de DELSO";"7";"0";"0";"7";"0";"10";"9.7";"10";"4.36";"20";"20";"16.6";;"NO";"NO";"0";"0";"23";"0";"0";"0";"0";"0.04";"0";"0";"0";"0";"0.06";"0";"0";"Sólido";"0"
"14";"Productos fertilizantes: abonos inorgánicos";"1978";"Complejo";"TERNARIO NPK";"ILEX 32 AFF";"DELSO";"ILEX 32 AFF de DELSO";"20";"0";"0";"16.3";"3.7";"5";"4.5";"5";"2.18";"7";"7";"5.81";;"NO";"NO";"0";"0";"40.9";"0";"0";"0";"0";"0.04";"0";"0";"0.05";"0";"0.06";"0";"0.1";"Sólido";"0"
"14";"Productos fertilizantes: abonos inorgánicos";"1979";"Simple";"NITROGENADO";"ILEX RICE";"DELSO";"ILEX RICE de DELSO";"19";"0";"0";"19";"0";"0";"0";"0";"0";"0";"0";"0";;"NO";"NO";"0";"0";"56";"0";"0";"0";"0";"1.1";"0";"0";"0";"0";"0";"0";"0";"Sólido";"0"
"14";"Productos fertilizantes: abonos inorgánicos";"1980";"Complejo";"TERNARIO NPK";"ILEX 52 AFF";"DELSO";"ILEX 52 AFF de DELSO";"6";"0";"0";"6";"0";"7";"6";"7";"3.052";"10";"10";"8.3";;"NO";"NO";"0";"2";"27";"0";"0";"0";"0";"0.04";"0";"0";"0";"0";"0.06";"0";"0.1";"Sólido";"0"
"14";"Productos fertilizantes: abonos inorgánicos";"1981";"Simple";"NITROGENADO";"SEOS N 54 NSR";"DELSO";"SEOS N 54 NSR de DELSO";"40";"0";"0";"5";"35";"0";"0";"0";"0";"0";"0";"0";;"NO";"SI";"0";"0";"14";"0";"0";"0";"0";"0";"0";"0";"0";"0";"0";"0";"0";"Sólido";"0"
"14";"Productos fertilizantes: abonos inorgánicos";"1982";"Simple";"NITROGENADO";"SEOS N 61 NSR";"DELSO";"SEOS N 61 NSR de DELSO";"35";"0";"0";"10";"25";"0";"0";"0";"0";"0";"0";"0";;"NO";"SI";"0";"0";"26";"0";"0";"0";"0";"0";"0";"0";"0";"0";"0";"0";"0";"Sólido";"0"
"14";"Productos fertilizantes: abonos inorgánicos";"1983";"Complejo";"TERNARIO NPK";"SEOS NPK 36 AFF";"DELSO";"SEOS NPK 36 AFF de DELSO";"11";"0";"0";"7.9";"3.1";"6";"5";"6";"2.616";"19";"19";"15.77";;"NO";"NO";"10";"0.5";"16";"0";"0";"0";"0";"0.032";"0";"0";"0.2";"0";"0.05";"0";"0.08";"Sólido";"0"
"14";"Productos fertilizantes: abonos inorgánicos";"1984";"Complejo";"TERNARIO NPK";"SEOS NPK 56 AFF";"DELSO";"SEOS NPK 56 AFF de DELSO";"11";"0";"0";"8";"3";"6";"5.4";"6";"2.616";"19";"19";"15.77";;"NO";"NO";"10.6";"0.5";"16";"0";"0";"0";"0";"0.032";"0";"0";"0";"0";"0.05";"0";"0.08";"Sólido";"0"
"14";"Productos fertilizantes: abonos inorgánicos";"1985";"Complejo";"TERNARIO NPK";"SEOS NPK 77 S AFF";"DELSO";"SEOS NPK 77 S AFF de DELSO";"9.6";"0";"0";"9.6";"0";"5.601";"5";"5.6";"2.442";"14.4";"14.4";"11.952";;"NO";"NO";"0";"6.6";"43.6";"0";"0";"0";"0";"0.032";"0";"0";"0";"0";"0.048";"0";"0.08";"Sólido";"0"
"14";"Productos fertilizantes: abonos inorgánicos";"1986";"Complejo";"TERNARIO NPK";"SEOS NPK 81 S AFF";"DELSO";"SEOS NPK 81 S AFF de DELSO";"10";"0";"0";"10";"0";"6";"5.7";"6";"2.616";"23";"23";"19.09";;"NO";"NO";"0";"0";"42.5";"0";"0";"0";"0";"0.033";"0";"0";"0";"0";"0.05";"0";"0.08";"Sólido";"0"
"14";"Productos fertilizantes: abonos inorgánicos";"1987";"Complejo";"TERNARIO NPK";"SEOS NPK 63 AFF";"DELSO";"SEOS NPK 63 AFF de DELSO";"9";"0";"0";"9";"0";"12";"11";"12";"5.232";"24";"24";"19.92";;"NO";"NO";"0";"0";"18";"0";"0";"0";"0";"0.024";"0";"0";"0";"0";"0.04";"0";"0";"Sólido";"0"
"14";"Productos fertilizantes: abonos inorgánicos";"1988";"Simple";"NITROGENADO";"SEOS N 46 NSR";"DELSO";"SEOS N 46 NSR de DELSO";"46";"0";"0";"0";"46";"0";"0";"0";"0";"0";"0";"0";;"NO";"SI";"0";"0";"0";"0";"0";"0";"0";"0";"0";"0";"0";"0";"0";"0";"0";"Sólido";"0"
"14";"Productos fertilizantes: abonos inorgánicos";"1989";"Simple";"NITROGENADO";"SEOS N 69 NSR";"DELSO";"SEOS N 69 NSR de DELSO";"30";"0";"0";"13";"17";"0";"0";"0";"0";"0";"0";"0";;"NO";"SI";"0";"0";"38";"0";"0";"0";"0";"0";"0";"0";"0";"0";"0";"0";"0";"Sólido";"0"
"14";"Productos fertilizantes: abonos inorgánicos";"1990";"Complejo";"TERNARIO NPK";"SEOS ALAMEDA AFF";"DELSO";"SEOS ALAMEDA AFF de DELSO";"12";"0";"0";"8.5";"3.5";"7";"6";"7";"3.052";"30";"30";"24.9";;"NO";"NO";"0";"0";"16.8";"0";"0";"0";"0";"0.034";"0";"0";"0";"0";"0.05";"0";"0.08";"Sólido";"0"
"14";"Productos fertilizantes: abonos inorgánicos";"1991";"Complejo";"TERNARIO NPK";"SEOS JERTE 50 AFF";"DELSO";"SEOS JERTE 50 AFF de DELSO";"5";"0";"0";"5";"0";"7";"6.3";"7";"3.052";"30";"30";"24.9";;"NO";"NO";"9";"0.4";"0";"0";"0";"0";"0";"0.01";"0";"0";"0";"0";"0.02";"0";"0";"Sólido";"0"
"14";"Productos fertilizantes: abonos inorgánicos";"1992";"Complejo";"TERNARIO NPK";"SEOS NPK 67 S AFF";"DELSO";"SEOS NPK 67 S AFF de DELSO";"10";"0";"0";"10";"0";"6";"5.4";"6";"2.616";"15";"15";"12.45";;"NO";"NO";"9";"2";"34";"0";"0";"0";"0";"0.03";"0";"0";"0";"0";"0.05";"0";"0.08";"Sólido";"0"
"14";"Productos fertilizantes: abonos inorgánicos";"1993";"Complejo";"TERNARIO NPK";"SEOS NPK 47 AFF";"DELSO";"SEOS NPK 47 AFF de DELSO";"10";"0";"0";"7.2";"2.8";"6";"5.7";"6";"2.616";"17";"17";"14.11";;"NO";"NO";"14.8";"0.7";"14";"0";"0";"0";"0";"0.03";"0";"0";"0";"0";"0.04";"0";"0.07";"Sólido";"0"
"14";"Productos fertilizantes: abonos inorgánicos";"1994";"Complejo";"TERNARIO NPK";"SEOS NPK 44 NSR";"DELSO";"SEOS NPK 44 NSR de DELSO";"29";"0";"0";"10";"19";"10";"9";"10";"4.36";"5";"5";"4.15";;"NO";"SI";"0";"0";"17";"0";"0";"0";"0";"0";"0";"0";"0";"0";"0";"0";"0";"Sólido";"0"
"14";"Productos fertilizantes: abonos inorgánicos";"1995";"Complejo";"TERNARIO NPK";"SEOS NPK 39 AFF";"DELSO";"SEOS NPK 39 AFF de DELSO";"9";"0";"0";"9";"0";"12";"10.8";"12";"5.232";"16";"16";"13.28";;"NO";"NO";"3";"2.4";"23";"0";"0";"0";"0";"0.024";"0";"0";"0";"0";"0.036";"0";"0";"Sólido";"0"
"14";"Productos fertilizantes: abonos inorgánicos";"1996";"Simple";"POTÁSICO";"SEOS KALCID 51";"DELSO";"SEOS KALCID 51 de DELSO";"0";"0";"0";"0";"0";"0";"0";"0";"0";"30";"30";"24.9";;"NO";"NO";"19";"2";"27";"0";"0";"0";"0";"0";"0";"0";"0";"0";"0";"0";"0";"Sólido";"0"
"14";"Productos fertilizantes: abonos inorgánicos";"1997";"Complejo";"BINARIO PK";"SEOS PK 48 ACID";"DELSO";"SEOS PK 48 ACID de DELSO";"0";"0";"0";"0";"0";"13";"10";"13";"5.668";"14";"14";"11.62";;"NO";"NO";"20";"0";"0";"0";"0";"0";"0";"0";"0";"0";"0";"0";"0";"0";"0";"Sólido";"0"
"14";"Productos fertilizantes: abonos inorgánicos";"1998";"Complejo";"BINARIO NP";"SEOS GUADALQUIVIR AFF";"DELSO";"SEOS GUADALQUIVIR AFF de DELSO";"30";"0";"0";"11";"19";"10";"9";"10";"4.36";"0";"0";"0";;"NO";"NO";"0";"0";"20";"0";"0";"0";"0";"0.4";"0";"0";"0";"0";"0";"0";"0";"Sólido";"0"
"14";"Productos fertilizantes: abonos inorgánicos";"1999";"Complejo";"TERNARIO NPK";"SEOS NPK 5-7-32 AFF";"DELSO";"SEOS NPK 5-7-32 AFF de DELSO";"5";"0";"0";"5";"0";"7";"6";"7";"3.052";"32";"32";"26.56";;"NO";"NO";"0";"0";"15";"0";"0";"0";"0";"0.03";"0";"0";"0";"0";"0.04";"0";"0";"Sólido";"0"
"14";"Productos fertilizantes: abonos inorgánicos";"2000";"Simple";"NITROGENADO";"SEOS N 54 NSR G";"DELSO";"SEOS N 54 NSR G de DELSO";"40";"0";"0";"5";"35";"0";"0";"0";"0";"0";"0";"0";;"NO";"SI";"0";"0";"14";"0";"0";"0";"0";"0";"0";"0";"0";"0";"0";"0";"0";"Sólido";"0"
"14";"Productos fertilizantes: abonos inorgánicos";"2001";"Complejo";"TERNARIO NPK";"SEOS NPK 58 AFF";"DELSO";"SEOS NPK 58 AFF de DELSO";"6";"0";"0";"6";"0";"12";"11.8";"12";"5.232";"20";"20";"16.6";;"NO";"NO";"0";"0";"20";"0";"0";"0";"0";"0.032";"0";"0";"0";"0";"0.05";"0";"0";"Sólido";"0"
"14";"Productos fertilizantes: abonos inorgánicos";"2002";"Complejo";"BINARIO NP";"SEOS ALBUFERA PLUS ZN";"DELSO";"SEOS ALBUFERA PLUS ZN de DELSO";"34";"0";"0";"8.5";"25.5";"11";"10.6";"11";"4.796";"0";"0";"0";;"NO";"SI";"0";"0";"12";"0";"0";"0";"0";"0.23";"0";"0";"0";"0";"0";"0";"0";"Sólido";"0"
"14";"Productos fertilizantes: abonos inorgánicos";"2003";"Complejo";"TERNARIO NPK";"SEOS NPK RICE ZN";"DELSO";"SEOS NPK RICE ZN de DELSO";"31";"0";"0";"6";"25";"10";"9.5";"10";"4.36";"8";"8";"6.64";;"NO";"SI";"0";"0";"7";"0";"0";"0";"0";"0.13";"0";"0";"0";"0";"0";"0";"0";"Sólido";"0"
"14";"Productos fertilizantes: abonos inorgánicos";"2004";"Complejo";"TERNARIO NPK";"NOVOFIT 69 AFF+NSR";"DELSO";"NOVOFIT 69 AFF+NSR de DELSO";"19";"0";"0";"12";"7";"5";"4.5";"5";"2.18";"14";"14";"11.62";;"NO";"SI";"0";"1";"30";"0";"0";"0";"0";"0.04";"0";"0";"0";"0";"0.06";"0";"0.1";"Sólido";"0"
"14";"Productos fertilizantes: abonos inorgánicos";"2005";"Complejo";"TERNARIO NPK";"NOVOFIT 67 AFF+NSR";"DELSO";"NOVOFIT 67 AFF+NSR de DELSO";"20";"0";"0";"10";"10";"6";"5";"6";"2.616";"15";"15";"12.45";;"NO";"SI";"0";"1.1";"25";"0";"0";"0";"0";"0.04";"0";"0";"0.06";"0";"0.06";"0";"0.1";"Sólido";"0"
"14";"Productos fertilizantes: abonos inorgánicos";"2006";"Complejo";"TERNARIO NPK";"NOVOFIT 57 AFF+NSR";"DELSO";"NOVOFIT 57 AFF+NSR de DELSO";"21";"0";"0";"7.6";"13.4";"8";"7.5";"8";"3.488";"5";"5";"4.15";;"NO";"SI";"0";"0";"23";"0";"0";"0";"0";"0.021";"0";"0";"0";"0";"0.03";"0";"0";"Sólido";"0"
"14";"Productos fertilizantes: abonos inorgánicos";"2007";"Complejo";"TERNARIO NPK";"SEOS NOVOFIT 32";"DELSO";"SEOS NOVOFIT 32 de DELSO";"20";"0";"0";"10.8";"9.2";"5";"4.5";"5";"2.18";"7";"7";"5.81";;"NO";"SI";"0";"0";"32";"0";"0";"0";"0";"0.02";"0";"0";"0.05";"0";"0.03";"0";"0";"Sólido";"0"
"14";"Productos fertilizantes: abonos inorgánicos";"2008";"Complejo";"TERNARIO NPK";"NOVOFIT 64 AFF+NSR";"DELSO";"NOVOFIT 64 AFF+NSR de DELSO";"22";"0";"0";"10";"12";"5";"4.5";"5";"2.18";"15";"15";"12.45";;"NO";"SI";"0";"0";"22";"0";"0";"0";"0";"0.02";"0";"0";"0";"0";"0.04";"0";"0.06";"Sólido";"0"
"14";"Productos fertilizantes: abonos inorgánicos";"2009";"Simple";"NITROGENADO";"NATEC 27-00-00 MG";"DELSO";"NATEC 27-00-00 Mg de DELSO";"27";"0";"13.5";"13.5";"0";"0";"0";"0";"0";"0";"0";"0";;"SI";"NO";"0";"4";"0";"0";"0";"0";"0";"0";"0";"0";"0";"0";"0";"0";"0";"Sólido";"0"
"14";"Productos fertilizantes: abonos inorgánicos";"2010";"Simple";"NITROGENADO";"NATEC 27-00-00";"DELSO";"NATEC 27-00-00 de DELSO";"27";"0";"13.5";"13.5";"0";"0";"0";"1";"0";"0";"0";"0";;"SI";"NO";"0";"0";"0";"0";"0";"0";"0";"0";"0";"0";"0";"0";"0";"0";"0";"Sólido";"0"
"14";"Productos fertilizantes: abonos inorgánicos";"2011";"Simple";"NITROGENADO";"NATEC 24-30 ASR";"DELSO";"NATEC 24-30 ASR de DELSO";"24";"0";"7";"17";"0";"0";"0";"0";"0";"0";"0";"0";;"SI";"NO";"0";"0";"30";"0";"0";"0";"0";"0";"0";"0";"0";"0";"0";"0";"0";"Sólido";"0"
"14";"Productos fertilizantes: abonos inorgánicos";"2012";"Simple";"NITROGENADO";"NATEC 27-10 ASR";"DELSO";"NATEC 27-10 ASR de DELSO";"27";"0";"13.5";"13.5";"0";"0";"0";"0";"0";"0";"0";"0";;"SI";"NO";"0";"0";"10";"0";"0";"0";"0";"0";"0";"0";"0";"0";"0";"0";"0";"Sólido";"0"
"14";"Productos fertilizantes: abonos inorgánicos";"2013";"Simple";"NITROGENADO";"NATEC 21 60 ASR";"DELSO";"NATEC 21 60 ASR de DELSO";"21";"0";"0";"21";"0";"0";"0";"0";"0";"0";"0";"0";;"SI";"NO";"0";"0";"60";"0";"0";"0";"0";"0";"0";"0";"0";"0";"0";"0";"0";"Sólido";"0"
"14";"Productos fertilizantes: abonos inorgánicos";"2014";"Complejo";"TERNARIO NPK";"NATEC 22-05-05";"DELSO";"NATEC 22-05-05 de DELSO";"22";"0";"7.4";"14.6";"0";"5";"4.5";"5";"2.18";"5";"5";"4.15";;"SI";"NO";"0";"0";"16";"0";"0";"0";"0";"0";"0";"0";"0";"0";"0";"0";"0";"Sólido";"0"
"14";"Productos fertilizantes: abonos inorgánicos";"2015";"Complejo";"BINARIO NK";"NITROSTAR NOP GRANULAR";"DELSO";"NITROSTAR NOP GRANULAR de DELSO";"13";"0";"13";"0";"0";"0";"0";"0";"0";"46";"46";"38.18";;"NO";"NO";"0";"0";"0";"0";"0";"0";"0";"0";"0";"0";"0";"0";"0";"0";"0";"Sólido";"0"
"14";"Productos fertilizantes: abonos inorgánicos";"2016";"Complejo";"BINARIO PK";"NITROSTAR MKP SOLUB";"DELSO";"NITROSTAR MKP SOLUB de DELSO";"0";"0";"0";"0";"0";"52";"52";"52";"22.672";"34";"34";"28.22";;"NO";"NO";"0";"0";"0";"0";"0";"0";"0";"0";"0";"0";"0";"0";"0";"0";"0";"Sólido";"0"
"14";"Productos fertilizantes: abonos inorgánicos";"2017";"Complejo";"BINARIO NK";"NITROSTAR NOP CRISTALINO";"DELSO";"NITROSTAR NOP CRISTALINO de DELSO";"13";"0";"13";"0";"0";"0";"0";"0";"0";"46";"46";"38.18";;"NO";"NO";"0";"0";"0";"0";"0";"0";"0";"0";"0";"0";"0";"0";"0";"0";"0";"Sólido";"0"
"14";"Productos fertilizantes: abonos inorgánicos";"2018";"Simple";"NITROGENADO";"NITROSTAR NCA";"DELSO";"NITROSTAR NCA de DELSO";"15.5";"0";"14.4";"1.1";"0";"0";"0";"0";"0";"0";"0";"0";;"NO";"NO";"26.5";"0";"0";"0";"0";"0";"0";"0";"0";"0";"0";"0";"0";"0";"0";"Sólido";"0"
"14";"Productos fertilizantes: abonos inorgánicos";"2019";"Complejo";"BINARIO NP";"NITROSTAR MAP CRISTALINO";"DELSO";"NITROSTAR MAP CRISTALINO de DELSO";"12";"0";"0";"12";"0";"61";"61";"61";"26.596";"0";"0";"0";;"NO";"NO";"0";"0";"0";"0";"0";"0";"0";"0";"0";"0";"0";"0";"0";"0";"0";"Sólido";"0"
"14";"Productos fertilizantes: abonos inorgánicos";"2020";"Simple";"POTÁSICO";"NITROSTAR SOP CRISTALINO";"DELSO";"NITROSTAR SOP CRISTALINO de DELSO";"0";"0";"0";"0";"0";"0";"0";"0";"0";"50";"50";"41.5";;"NO";"NO";"0";"0";"45";"0";"0";"0";"0";"0";"0";"0";"0";"0";"0";"0";"0";"Sólido";"0"
"14";"Productos fertilizantes: abonos inorgánicos";"2021";"Complejo";"OTROS";"NITROSTAR SMG CRISTALINO";"DELSO";"NITROSTAR SMG CRISTALINO de DELSO";"0";"0";"0";"0";"0";"0";"0";"0";"0";"0";"0";"0";;"NO";"NO";"0";"16";"33";"0";"0";"0";"0";"0";"0";"0";"0";"0";"0";"0";"0";"Sólido";"0"
"14";"Productos fertilizantes: abonos inorgánicos";"2022";"Simple";"NITROGENADO";"NITROSTAR NITROMAG";"DELSO";"NITROSTAR NITROMAG de DELSO";"11";"0";"11";"0";"0";"0";"0";"0";"0";"0";"0";"0";;"NO";"NO";"0";"15";"0";"0";"0";"0";"0";"0";"0";"0";"0";"0";"0";"0";"0";"Sólido";"0"
"14";"Productos fertilizantes: abonos inorgánicos";"2023";"Simple";"POTÁSICO";"NITROSTAR MOP CRISTALINO";"DELSO";"NITROSTAR MOP CRISTALINO de DELSO";"0";"0";"0";"0";"0";"0";"0";"0";"0";"60";"60";"49.8";;"NO";"NO";"0";"0";"0";"0";"0";"0";"0";"0";"0";"0";"0";"0";"0";"0";"0";"Sólido";"0"
"14";"Productos fertilizantes: abonos inorgánicos";"2024";"Complejo";"TERNARIO NPK";"NPK DFORIGIN 19-05-05 SOLUB";"DELSO";"NPK DFORIGIN 19-05-05 SOLUB de DELSO";"19";"0";"1.4";"17.6";"0";"5";"5";"5";"2.18";"5";"5";"4.15";;"NO";"NO";"0";"0";"47";"0";"0.002";"0";"0";"0.005";"0";"0";"0.011";"0";"0.025";"0.003";"0.05";"Sólido";"0"
"14";"Productos fertilizantes: abonos inorgánicos";"2025";"Complejo";"TERNARIO NPK";"NPK DFORIGIN 15-15-15 SOLUB";"DELSO";"NPK DFORIGIN 15-15-15 SOLUB de DELSO";"15";"0";"4";"11";"0";"15";"15";"15";"6.54";"15";"15";"12.45";;"NO";"NO";"0";"0";"22";"0";"0.002";"0";"0";"0.005";"0";"0";"0.011";"0";"0.025";"0.003";"0.05";"Sólido";"0"
"14";"Productos fertilizantes: abonos inorgánicos";"2026";"Complejo";"TERNARIO NPK";"NPK DFORIGIN 13-35-12 SOLUB";"DELSO";"NPK DFORIGIN 13-35-12 SOLUB de DELSO";"13";"0";"3.4";"9.6";"0";"35";"35";"35";"15.26";"12";"12";"9.96";;"NO";"NO";"0";"0";"8";"0";"0.002";"0";"0";"0.005";"0";"0";"0.011";"0";"0.025";"0.003";"0.05";"Sólido";"0"
"14";"Productos fertilizantes: abonos inorgánicos";"2027";"Complejo";"TERNARIO NPK";"NPK DFORIGIN 16-16-16 SOLUB";"DELSO";"NPK DFORIGIN 16-16-16 SOLUB de DELSO";"16";"0";"4.5";"9.3";"2.2";"16";"16";"16";"6.976";"16";"16";"13.28";;"NO";"NO";"0";"1";"20";"0";"0.001";"0";"0";"0.004";"0";"0";"0.003";"0";"0.02";"0.002";"0.04";"Sólido";"0"
"14";"Productos fertilizantes: abonos inorgánicos";"2028";"Complejo";"TERNARIO NPK";"NPK DFORIGIN 19-06-06 SOLUB";"DELSO";"NPK DFORIGIN 19-06-06 SOLUB de DELSO";"19";"0";"0";"16";"3";"6";"6";"6";"2.616";"6";"6";"4.98";;"NO";"NO";"0";"0";"47";"0";"0.001";"0";"0";"0.004";"0";"0";"0.003";"0";"0.018";"0.002";"0.038";"Sólido";"0"
"14";"Productos fertilizantes: abonos inorgánicos";"2029";"Complejo";"TERNARIO NPK";"NPK DFORIGIN 15-10-15 SOLUB";"DELSO";"NPK DFORIGIN 15-10-15 SOLUB de DELSO";"15";"0";"0";"11.6";"3.4";"10";"10";"10";"4.36";"15";"15";"12.45";;"NO";"NO";"0";"0";"40";"0";"0";"0";"0";"0";"0";"0";"0";"0";"0";"0";"0";"Sólido";"0"
"14";"Productos fertilizantes: abonos inorgánicos";"2030";"Complejo";"TERNARIO NPK";"NPK DFORIGIN 13-40-13 SOLUB";"DELSO";"NPK DFORIGIN 13-40-13 SOLUB de DELSO";"13";"0";"3.7";"9.3";"0";"40";"40";"40";"17.44";"13";"13";"10.79";;"NO";"NO";"0";"0";"0";"0";"0";"0";"0";"0";"0";"0";"0";"0";"0";"0";"0";"Sólido";"0"
"14";"Productos fertilizantes: abonos inorgánicos";"2031";"Complejo";"OTROS";"DFORIGIN QUELATO 48";"DELSO";"DFORIGIN QUELATO 48 de DELSO";"0";"0";"0";"0";"0";"0";"0";"0";"0";"0";"0";"0";;"NO";"NO";"0";"0";"0";"0";"0";"0";"0";"0";"0";"0";"0";"0";"0";"0";"6";"Sólido";"0"
"14";"Productos fertilizantes: abonos inorgánicos";"2032";"Complejo";"TERNARIO NPK";"NPK DFORIGIN 18-18-18 SOLUB";"DELSO";"NPK DFORIGIN 18-18-18 SOLUB de DELSO";"18";"0";"5.1";"7.6";"5.3";"18";"18";"18";"7.848";"18";"18";"14.94";;"NO";"NO";"0";"0";"11.5";"0";"0.003";"0";"0";"0.007";"0";"0";"0.007";"0";"0.035";"0.003";"0.075";"Sólido";"0"
"14";"Productos fertilizantes: abonos inorgánicos";"2033";"Complejo";"TERNARIO NPK";"NPK DFORIGIN 15-05-30 SOLUB";"DELSO";"NPK DFORIGIN 15-05-30 SOLUB de DELSO";"15";"0";"3.2";"2.5";"9.3";"5";"5";"5";"2.18";"30";"30";"24.9";;"NO";"NO";"0";"1";"22";"0";"0.003";"0";"0";"0.007";"0";"0";"0.007";"0";"0.035";"0.003";"0.075";"Sólido";"0"
"14";"Productos fertilizantes: abonos inorgánicos";"2034";"Complejo";"TERNARIO NPK";"NPK DFORIGIN 13-05-28";"DELSO";"NPK DFORIGIN 13-05-28 de DELSO";"13";"0";"5.4";"7.6";"0";"5";"5";"5";"2.18";"28";"28";"23.24";;"NO";"NO";"0";"0";"26";"0";"0.003";"0";"0";"0.007";"0";"0";"0.007";"0";"0.035";"0.003";"0.075";"Sólido";"0"
"14";"Productos fertilizantes: abonos inorgánicos";"2035";"Complejo";"TERNARIO NPK";"DFORIGIN COAVE PRIMAVERA";"DELSO";"DFORIGIN COAVE PRIMAVERA de DELSO";"21";"0";"1.7";"15";"4.3";"8";"8";"8";"3.488";"6";"6";"4.98";;"NO";"NO";"0";"0";"38";"0";"0";"0";"0";"0";"0";"0";"0";"0";"0";"0";"0";"Sólido";"0"
"14";"Productos fertilizantes: abonos inorgánicos";"2036";"Simple";"NITROGENADO";"DFORIGIN 21 SOLUB";"DELSO";"DFORIGIN 21 SOLUB de DELSO";"21";"0";"0";"21";"0";"0";"0";"0";"0";"0";"0";"0";;"SI";"NO";"0";"0";"60";"0";"0";"0";"0";"0";"0";"0";"0";"0";"0";"0";"0";"Sólido";"0"
"14";"Productos fertilizantes: abonos inorgánicos";"2037";"Complejo";"TERNARIO NPK";"NPK DFORIGIN 12-05-30 SOLUB";"DELSO";"NPK DFORIGIN 12-05-30 SOLUB de DELSO";"12";"0";"5.4";"6.6";"0";"5";"5";"5";"2.18";"30";"30";"24.9";;"NO";"NO";"0";"0";"26";"0";"0.003";"0";"0";"0.007";"0";"0";"0.007";"0";"0.035";"0.003";"0.075";"Sólido";"0"
"14";"Productos fertilizantes: abonos inorgánicos";"2038";"Simple";"NITROGENADO";"SAS G3";"DELSO";"SAS G3 de DELSO";"21";"0";"0";"21";"0";"0";"0";"0";"0";"0";"0";"0";;"NO";"NO";"0";"0";"60";"0";"0";"0";"0";"0";"0";"0";"0";"0";"0";"0";"0";"Sólido";"0"
"14";"Productos fertilizantes: abonos inorgánicos";"2039";"Simple";"NITROGENADO";"SULFA+ 55";"DELSO";"SULFA+ 55 de DELSO";"40";"0";"0";"5.5";"34.5";"0";"0";"0";"0";"0";"0";"0";;"NO";"NO";"0";"0";"15";"0";"0";"0";"0";"0";"0";"0";"0";"0";"0";"0";"0";"Sólido";"0"
"14";"Productos fertilizantes: abonos inorgánicos";"2040";"Simple";"NITROGENADO";"SULFA+ 65";"DELSO";"SULFA+ 65 de DELSO";"33.5";"0";"0";"10.5";"23";"0";"0";"0";"0";"0";"0";"0";;"NO";"NO";"0";"0";"30";"0";"0";"0";"0";"0";"0";"0";"0";"0";"0";"0";"0";"Sólido";"0"
"14";"Productos fertilizantes: abonos inorgánicos";"2041";"Simple";"NITROGENADO";"SULFA+ 75";"DELSO";"SULFA+ 75 de DELSO";"27";"0";"0";"15.5";"11.5";"0";"0";"0";"0";"0";"0";"0";;"NO";"NO";"0";"0";"45";"0";"0";"0";"0";"0";"0";"0";"0";"0";"0";"0";"0";"Sólido";"0"
"14";"Productos fertilizantes: abonos inorgánicos";"2042";"Simple";"NITROGENADO";"SULFA+ 35";"DELSO";"SULFA+ 35 de DELSO";"35";"0";"0";"9";"26";"0";"0";"0";"0";"0";"0";"0";;"NO";"NO";"0";"0";"26";"0";"0";"0";"0";"0";"0";"0";"0";"0";"0";"0";"0";"Sólido";"0"
"14";"Productos fertilizantes: abonos inorgánicos";"2043";"Simple";"NITROGENADO";"SULFA+ 74";"DELSO";"SULFA+ 74 de DELSO";"26";"0";"0";"16.8";"9.2";"0";"0";"0";"0";"0";"0";"0";;"NO";"NO";"0";"0";"48";"0";"0";"0";"0";"0";"0";"0";"0";"0";"0";"0";"0";"Sólido";"0"
"14";"Productos fertilizantes: abonos inorgánicos";"2044";"Simple";"NITROGENADO";"SULFA+ 68";"DELSO";"SULFA+ 68 de DELSO";"30";"0";"0";"13.4";"16.6";"0";"0";"0";"0";"0";"0";"0";;"NO";"NO";"0";"0";"38";"0";"0";"0";"0";"0";"0";"0";"0";"0";"0";"0";"0";"Sólido";"0"
"12";"Productos fertilizantes enmiendas calizas";"2045";"Complejo";"OTROS";"INNOVACID";"DELSO";"INNOVACID de DELSO";"0";"0";"0";"0";"0";"0";"0";"0";"0";"0";"0";"0";;"NO";"NO";"48";"5";"0";"0";"0";"0";"0";"0";"0";"0";"0";"0";"0";"0";"0";"Sólido";"0"
"14";"Productos fertilizantes: abonos inorgánicos";"2046";"Simple";"NITROGENADO";"DURAMON TECNO 46";"FERTINAGRO";"DURAMON TECNO 46 de FERTINAGRO";"30";"0";"0";"0";"30";"0";"0";"0";"0";"0";"0";"0";;"NO";"SI";"0";"2";"24";"0";"0";"0";"0";"0";"0";"0";"0";"0";"0";"0";"0";"Sólido";"0"
"14";"Productos fertilizantes: abonos inorgánicos";"2047";"Complejo";"TERNARIO NPK";"DURAMON DURASOP PRIME";"FERTINAGRO";"DURAMON DURASOP PRIME de FERTINAGRO";"7";"0";"0";"7";"0";"5";"0";"5";"2.18";"15";"15";"12.45";;"NO";"SI";"0";"2";"25";"0";"0";"0";"0";"0.1";"0";"0";"0.1";"0";"0";"0";"0";"Sólido";"0"
"14";"Productos fertilizantes: abonos inorgánicos";"2048";"Complejo";"TERNARIO NPK";"DURAMON CARBOACTIVE N-820";"FERTINAGRO";"DURAMON CARBOACTIVE N-820 de FERTINAGRO";"8";"0";"0";"4";"4";"20";"0";"10";"8.72";"5";"5";"4.15";;"NO";"SI";"5";"2";"7";"0";"0";"0";"0";"0";"0";"0";"0";"0";"0";"0";"0.3";"Sólido";"0"
"14";"Productos fertilizantes: abonos inorgánicos";"2049";"Complejo";"TERNARIO NPK";"DURAMON CARBOACTIVE N-108";"FERTINAGRO";"DURAMON CARBOACTIVE N-108 de FERTINAGRO";"10";"0";"0";"5";"5";"8";"0";"4";"3.488";"20";"20";"16.6";;"NO";"SI";"5";"2";"5";"0";"0";"0";"0";"0";"0";"0";"0";"0";"0";"0";"0.3";"Sólido";"0"
"14";"Productos fertilizantes: abonos inorgánicos";"2050";"Complejo";"BINARIO NP";"DURAMON CARBOACTIVE N-PROTECT";"FERTINAGRO";"DURAMON CARBOACTIVE N-PROTECT de FERTINAGRO";"10";"0";"0";"5";"5";"26";"0";"20";"11.336";"0";"0";"0";;"NO";"SI";"5";"2";"5";"0";"0";"0";"0";"0";"0";"0";"0";"0";"0";"0";"0.3";"Sólido";"0"
"14";"Productos fertilizantes: abonos inorgánicos";"2051";"Complejo";"BINARIO NP";"DURAMON CARBOACTIVE N-210";"FERTINAGRO";"DURAMON CARBOACTIVE N-210 de FERTINAGRO";"20";"0";"0";"0";"20";"10";"0";"0";"4.36";"0";"0";"0";;"NO";"SI";"5";"2";"5";"0";"0";"0";"0";"0";"0";"0";"0";"0";"0";"0";"0.3";"Sólido";"0"
"14";"Productos fertilizantes: abonos inorgánicos";"2052";"Simple";"NITROGENADO";"FERTINAGRO RENOVATION FUERZA ACTIBION 26-46";"FERTINAGRO";"FERTINAGRO RENOVATION FUERZA ACTIBION 26-46  de FERTINAGRO";"22";"0";"0";"11";"11";"0";"0";"0";"0";"0";"0";"0";;"NO";"SI";"0";"2";"25";"0";"0";"0";"0";"0.01";"0";"0";"0";"0";"0";"0";"0";"Sólido";"0"
"14";"Productos fertilizantes: abonos inorgánicos";"2053";"Simple";"NITROGENADO";"FERTINAGRO RENOVATION FUERZA ACTIBION ENERGY";"FERTINAGRO";"FERTINAGRO RENOVATION FUERZA ACTIBION ENERGY de FERTINAGRO";"30";"0";"0";"8";"22";"0";"0";"0";"0";"0";"0";"0";;"NO";"SI";"0";"2";"23";"0";"0";"0";"0";"0.01";"0";"0";"0";"0";"0";"0";"0";"Sólido";"0"
"14";"Productos fertilizantes: abonos inorgánicos";"2054";"Complejo";"TERNARIO NPK";"FERTINAGRO RENOVATION FUERZA ACTIBION N-121";"FERTINAGRO";"FERTINAGRO RENOVATION FUERZA ACTIBION N-121 de FERTINAGRO";"7";"0";"0";"2";"5";"10";"0";"5";"4.36";"6";"6";"4.98";;"NO";"SI";"0";"2";"20";"0";"0";"0";"0";"0";"0";"0";"0";"0";"0";"0";"0.2";"Sólido";"0"
"14";"Productos fertilizantes: abonos inorgánicos";"2055";"Simple";"FOSFATADO";"FERTINAGRO RENOVATION FUERZA NOVOPHOS 20";"FERTINAGRO";"FERTINAGRO RENOVATION FUERZA NOVOPHOS 20 de FERTINAGRO";"0";"0";"0";"0";"0";"20";"8";"0";"8.72";"0";"0";"0";;"NO";"NO";"10";"0";"20";"0";"0";"0";"0";"0";"0";"0";"0";"0";"0.1";"0";"0";"Sólido";"0"
"14";"Productos fertilizantes: abonos inorgánicos";"2056";"Simple";"FOSFATADO";"FERTINAGRO RENOVATION FUERZA NOVOPHOS 30";"FERTINAGRO";"FERTINAGRO RENOVATION FUERZA NOVOPHOS 30 de FERTINAGRO";"0";"0";"0";"0";"0";"30";"12";"0";"13.08";"0";"0";"0";;"NO";"NO";"10";"0";"15";"0";"0";"0";"0";"0.01";"0";"0";"0";"0";"0.1";"0";"0";"Sólido";"0"
"14";"Productos fertilizantes: abonos inorgánicos";"2057";"Complejo";"TERNARIO NPK";"FERTINAGRO RENOVATION FUERZA MAXIMA 113";"FERTINAGRO";"FERTINAGRO RENOVATION FUERZA MAXIMA 113 de FERTINAGRO";"5";"0.4";"0";"4.6";"0";"5";"0";"5";"2.18";"15";"15";"12.45";;"NO";"SI";"4";"2";"20";"0";"0";"0";"0";"0.1";"0";"0";"0.01";"0";"0.1";"0";"0";"Sólido";"0"
"14";"Productos fertilizantes: abonos inorgánicos";"2058";"Complejo";"TERNARIO NPK";"FERTINAGRO RENOVATION FUERZA MAXIMA N-022";"FERTINAGRO";"FERTINAGRO RENOVATION FUERZA MAXIMA N-022 de FERTINAGRO";"0.4";"0.4";"0";"0";"0";"8";"2.5";"5";"3.488";"10";"10";"8.3";;"NO";"SI";"5";"2";"15";"0";"0";"0";"0";"0.1";"0";"0";"0.04";"0";"0";"0";"0";"Sólido";"0"
"14";"Productos fertilizantes: abonos inorgánicos";"2060";"Simple";"FOSFATADO";"FERTINAGRO RENOVATION FUERZA PROLIFE NOVOPHOS 20";"FERTINAGRO";"FERTINAGRO RENOVATION FUERZA PROLIFE NOVOPHOS 20  de FERTINAGRO";"0";"0";"0";"0";"0";"20";"0";"10";"8.72";"0";"0";"0";;"NO";"NO";"20";"0";"25";"0";"0";"0";"0";"0.01";"0";"0";"0";"0";"0.1";"0";"0";"Sólido";"0"
"14";"Productos fertilizantes: abonos inorgánicos";"2061";"Complejo";"BINARIO NP";"AGRISTART MAGNUM";"FERTINAGRO";"AGRISTART MAGNUM de FERTINAGRO";"10";"0";"0";"10";"0";"48";"46";"48";"20.928";"0";"0";"0";;"NO";"NO";"0";"0";"0";"0";"0";"0";"0";"1";"0";"0";"0";"0";"0";"0";"0";"Sólido";"0"
"12";"Productos fertilizantes enmiendas calizas";"2062";"Complejo";"OTROS";"CALCIPHAN NEUTRALIZANTE";"FERTINAGRO";"CALCIPHAN NEUTRALIZANTE de FERTINAGRO";"0";"0";"0";"0";"0";"0";"0";"0";"0";"0";"0";"0";;"NO";"NO";"40";"4";"0";"0";"0";"0";"0";"0";"0";"0";"0";"0";"0";"0";"0";"Sólido";"0"
"14";"Productos fertilizantes: abonos inorgánicos";"2063";"Simple";"FOSFATADO";"BI-ACIMAR NATURAL";"FERTINAGRO";"BI-ACIMAR NATURAL de FERTINAGRO";"0";"0";"0";"0";"0";"25";"9";"10";"10.9";"0";"0";"0";;"NO";"NO";"33";"2.2";"14";"0";"0";"0";"0";"0";"0";"0";"0";"0";"0";"0";"0";"Sólido";"0"
"14";"Productos fertilizantes: abonos inorgánicos";"2064";"Complejo";"BINARIO PK";"FERTINAGRO RENOVATION FUERZA ECOPHOS-K";"FERTINAGRO";"FERTINAGRO RENOVATION FUERZA ECOPHOS-K de FERTINAGRO";"0";"0";"0";"0";"0";"17";"1.4";"0";"7.412";"5";"5";"4.15";;"NO";"NO";"25";"3";"8";"0";"0";"0";"0";"0.1";"0";"0";"0";"0";"0.2";"0";"0";"Sólido";"0"
"14";"Productos fertilizantes: abonos inorgánicos";"2065";"Complejo";"OTROS";"FERTINAGRO RENOVATION FUERZA BIOCAL";"FERTINAGRO";"FERTINAGRO RENOVATION FUERZA BIOCAL de FERTINAGRO";"0";"0";"0";"0";"0";"0";"0";"0";"0";"0";"0";"0";;"NO";"NO";"30";"4.5";"14";"0";"0";"0";"0";"0.1";"0";"0";"0";"0";"0.1";"0";"0";"Sólido";"0"
"14";"Productos fertilizantes: abonos inorgánicos";"2072";"Simple";"NITROGENADO";"DURAMON UNICA 32";"FERTINAGRO";"DURAMON UNICA 32 de FERTINAGRO";"24";"0";"2.4";"4.4";"17.2";"0";"0";"0";"0";"0";"0";"0";;"NO";"SI";"0";"0";"6.2";"0";"0";"0";"0";"0";"0";"0";"0";"0";"0";"0";"0";"Líquido";"0"
"14";"Productos fertilizantes: abonos inorgánicos";"2073";"Simple";"NITROGENADO";"DURAMON UNICA 30";"FERTINAGRO";"DURAMON UNICA 30 de FERTINAGRO";"20";"0";"1";"3.3";"15.7";"0";"0";"0";"0";"0";"0";"0";;"NO";"SI";"0";"0";"7.2";"0";"0";"0";"0";"0";"0";"0";"0";"0";"0";"0";"0";"Líquido";"0"
"14";"Productos fertilizantes: abonos inorgánicos";"2074";"Complejo";"TERNARIO NPK";"NUTRICEREAL";"NUTRIFERTIL SL";"NUTRICEREAL de NUTRIFERTIL SL";"9";"0";"0";"9";"0";"24";"20";"24";"10.464";"16";"16";"13.28";;"NO";"NO";"0";"0";"11";"0";"0";"0";"0";"0";"0";"0";"0";"0";"0";"0";"0";"Sólido";"0"
"14";"Productos fertilizantes: abonos inorgánicos";"2075";"Complejo";"TERNARIO NPK";"NUTRIACID";"NUTRIFERTIL SL";"NUTRIACID de NUTRIFERTIL SL";"8";"0";"0";"8";"0";"12";"10";"12";"5.232";"16";"16";"13.28";;"NO";"NO";"12";"0";"5";"0";"0";"0";"0";"0";"0";"0";"0";"0";"0";"0";"0";"Sólido";"0"
"14";"Productos fertilizantes: abonos inorgánicos";"2076";"Complejo";"TERNARIO NPK";"NUTRIGRAN";"NUTRIFERTIL SL";"NUTRIGRAN de NUTRIFERTIL SL";"8";"0";"0";"8";"0";"10";"8";"10";"4.36";"25";"25";"20.75";;"NO";"NO";"0";"0";"20";"0";"0";"0";"0";"0";"0";"0";"0";"0";"0";"0";"0";"Sólido";"0"
"14";"Productos fertilizantes: abonos inorgánicos";"2077";"Complejo";"TERNARIO NPK";"NUTRIPOWER";"NUTRIFERTIL SL";"NUTRIPOWER de NUTRIFERTIL SL";"5";"0";"0";"5";"0";"20";"16";"20";"8.72";"25";"25";"20.75";;"NO";"NO";"0";"0";"7";"0";"0";"0";"0";"0";"0";"0";"0";"0";"0";"0";"0";"Sólido";"0"
"14";"Productos fertilizantes: abonos inorgánicos";"2078";"Complejo";"TERNARIO NPK";"NUTRIBORO";"NUTRIFERTIL SL";"NUTRIBORO de NUTRIFERTIL SL";"10";"0";"0";"10";"0";"10";"7.5";"10";"4.36";"20";"20";"16.6";;"NO";"NO";"0";"0";"25";"0";"0";"0";"0";"0";"0";"0";"0.2";"0";"0";"0";"0";"Sólido";"0"
"14";"Productos fertilizantes: abonos inorgánicos";"2079";"Complejo";"BINARIO PK";"NUTRIFOR";"NUTRIFERTIL SL";"NUTRIFOR de NUTRIFERTIL SL";"0";"0";"0";"0";"0";"12";"10.5";"12";"5.232";"20";"20";"16.6";;"NO";"NO";"11";"0";"20";"0";"0";"0";"0";"0";"0";"0";"0";"0";"0";"0";"0";"Sólido";"0"
"14";"Productos fertilizantes: abonos inorgánicos";"2080";"Complejo";"TERNARIO NPK";"COBERPLUS 20-9-9";"NUTRIFERTIL SL";"COBERPLUS 20-9-9 de NUTRIFERTIL SL";"20";"0";"5.5";"14.5";"0";"9";"8";"9";"3.924";"9";"9";"7.47";;"NO";"NO";"0";"0";"15";"0";"0";"0";"0";"0";"0";"0";"0";"0";"0";"0";"0";"Sólido";"0"
"14";"Productos fertilizantes: abonos inorgánicos";"2081";"Complejo";"TERNARIO NPK";"COBERPLUS 21-7-7";"NUTRIFERTIL SL";"COBERPLUS 21-7-7 de NUTRIFERTIL SL";"21";"0";"7";"14";"0";"7";"6";"7";"3.052";"7";"7";"5.81";;"NO";"NO";"0";"0";"11";"0";"0";"0";"0";"0";"0";"0";"0";"0";"0";"0";"0";"Sólido";"0"
"14";"Productos fertilizantes: abonos inorgánicos";"2082";"Complejo";"TERNARIO NPK";"COBERPLUS 23-5-5";"NUTRIFERTIL SL";"COBERPLUS 23-5-5 de NUTRIFERTIL SL";"23";"0";"9";"14";"0";"5";"4";"5";"2.18";"5";"5";"4.15";;"NO";"NO";"0";"2";"8";"0";"0";"0";"0";"0";"0";"0";"0";"0";"0";"0";"0";"Sólido";"0"
"14";"Productos fertilizantes: abonos inorgánicos";"2083";"Complejo";"TERNARIO NPK";"NITRENE 20-9-9";"NUTRIFERTIL SL";"NITRENE 20-9-9 de NUTRIFERTIL SL";"20";"0";"5.5";"14.5";"0";"9";"8";"9";"3.924";"9";"9";"7.47";;"SI";"NO";"0";"0";"15";"0";"0";"0";"0";"0";"0";"0";"0";"0";"0";"0";"0";"Sólido";"0"
"14";"Productos fertilizantes: abonos inorgánicos";"2084";"Complejo";"TERNARIO NPK";"NITRENE 21-7-7";"NUTRIFERTIL SL";"NITRENE 21-7-7 de NUTRIFERTIL SL";"21";"0";"7";"14";"0";"7";"6";"7";"3.052";"7";"7";"5.81";;"SI";"NO";"0";"0";"11";"0";"0";"0";"0";"0";"0";"0";"0";"0";"0";"0";"0";"Sólido";"0"
"14";"Productos fertilizantes: abonos inorgánicos";"2085";"Complejo";"TERNARIO NPK";"NITRENE 23-5-5";"NUTRIFERTIL SL";"NITRENE 23-5-5 de NUTRIFERTIL SL";"23";"0";"9";"14";"0";"5";"4";"5";"2.18";"5";"5";"4.15";;"SI";"NO";"0";"2";"8";"0";"0";"0";"0";"0";"0";"0";"0";"0";"0";"0";"0";"Sólido";"0"
"14";"Productos fertilizantes: abonos inorgánicos";"2086";"Simple";"POTÁSICO";"NUTRIFERLIQ K 0-0-13";"NUTRIFERTIL SL";"NUTRIFERLIQ K 0-0-13 de NUTRIFERTIL SL";"0";"0";"0";"0";"0";"0";"0";"0";"0";"13";"13";"10.79";;"NO";"NO";"0";"0";"11";"0";"0";"0";"0";"0";"0";"0";"0";"0";"0";"0";"0";"Líquido";"0"
"14";"Productos fertilizantes: abonos inorgánicos";"2087";"Simple";"NITROGENADO";"NUTRIFERLIQ 25";"NUTRIFERTIL SL";"NUTRIFERLIQ 25 de NUTRIFERTIL SL";"25";"0";"6";"8";"11";"0";"0";"0";"0";"0";"0";"0";;"NO";"NO";"0";"0";"7";"0";"0";"0";"0";"0";"0";"0";"0";"0";"0";"0";"0";"Líquido";"0"
"14";"Productos fertilizantes: abonos inorgánicos";"2088";"Simple";"NITROGENADO";"NUTRIFERLIQ 20";"NUTRIFERTIL SL";"NUTRIFERLIQ 20 de NUTRIFERTIL SL";"20";"0";"4";"8";"8";"0";"0";"0";"0";"0";"0";"0";;"NO";"NO";"0";"0";"12";"0";"0";"0";"0";"0";"0";"0";"0";"0";"0";"0";"0";"Líquido";"0"
"14";"Productos fertilizantes: abonos inorgánicos";"2089";"Complejo";"TERNARIO NPK";"NUTRIFERLIQ 3-8-8";"NUTRIFERTIL SL";"NUTRIFERLIQ 3-8-8 de NUTRIFERTIL SL";"3";"0";"0";"3";"0";"8";"8";"8";"3.488";"8";"8";"6.64";;"NO";"NO";"0";"0";"2";"0";"0";"0";"0";"0";"0";"0";"0.1";"0";"0";"0";"0";"Líquido";"0"
"14";"Productos fertilizantes: abonos inorgánicos";"2090";"Complejo";"TERNARIO NPK";"NUTRIFERLIQ 6-10-6";"NUTRIFERTIL SL";"NUTRIFERLIQ 6-10-6 de NUTRIFERTIL SL";"6";"0";"0.8";"4";"1.2";"10";"10";"10";"4.36";"6";"6";"4.98";;"NO";"NO";"0";"0";"0";"0";"0";"0";"0";"0";"0";"0";"0";"0";"0";"0";"0";"Líquido";"0"
"14";"Productos fertilizantes: abonos inorgánicos";"2091";"Complejo";"TERNARIO NPK";"NUTRIFERLIQ 2-6-12";"NUTRIFERTIL SL";"NUTRIFERLIQ 2-6-12 de NUTRIFERTIL SL";"2";"0";"0";"2";"0";"6";"6";"6";"2.616";"12";"12";"9.96";;"NO";"NO";"0";"0";"0";"0";"0";"0";"0";"0";"0";"0";"0";"0";"0";"0";"0";"Líquido";"0"
"14";"Productos fertilizantes: abonos inorgánicos";"2092";"Complejo";"TERNARIO NPK";"NUTRIFERLIQ 14-5-5";"NUTRIFERTIL SL";"NUTRIFERLIQ 14-5-5 de NUTRIFERTIL SL";"14";"0";"3";"5";"6";"5";"5";"5";"2.18";"5";"5";"4.15";;"NO";"NO";"0";"0";"2";"0";"0";"0";"0";"0";"0";"0";"0";"0";"0";"0";"0";"Líquido";"0"
"14";"Productos fertilizantes: abonos inorgánicos";"2093";"Complejo";"TERNARIO NPK";"Acilq NPK (Mg) 5-3-10 (1)";"FERTIBERIA";"Acilq NPK (Mg) 5-3-10 (1) de FERTIBERIA";"5";"0";"1.2";"0.5";"3.3";"3";"3";"3";"1.308";"10";"10";"8.3";;"NO";"NO";"0";"1";"0";"0";"0";"0";"0";"0";"0";"0";"0";"0";"0";"0";"0";"Líquido";"0"
"14";"Productos fertilizantes: abonos inorgánicos";"2094";"Complejo";"BINARIO NP";"Acilq NPK 17-8,5-0";"FERTIBERIA";"Acilq NPK 17-8,5-0 de FERTIBERIA";"17";"0";"0";"0";"17";"8.5";"8.5";"8.5";"3.706";"0";"0";"0";;"NO";"NO";"0";"0";"0";"0";"0";"0";"0";"0";"0";"0";"0";"0";"0";"0";"0";"Líquido";"0"
"14";"Productos fertilizantes: abonos inorgánicos";"2095";"Complejo";"BINARIO NP";"Acilq NPK 8,8-19,2-0";"FERTIBERIA";"Acilq NPK 8,8-19,2-0 de FERTIBERIA";"8.8";"0";"0";"0";"8.8";"19.2";"19.2";"19.2";"8.371";"0";"0";"0";;"NO";"NO";"0";"0";"0";"0";"0";"0";"0";"0";"0";"0";"0";"0";"0";"0";"0";"Líquido";"0"
"14";"Productos fertilizantes: abonos inorgánicos";"2096";"Complejo";"TERNARIO NPK";"Acilq Plus Energy NPK (Mg) 9-2-3 (3,1)";"FERTIBERIA";"Acilq Plus Energy NPK (Mg) 9-2-3 (3,1) de FERTIBERIA";"9";"0";"2.2";"0";"6.8";"2";"2";"2";"0.872";"3";"3";"2.49";;"NO";"NO";"3";"1";"0";"0";"0";"0";"0";"0";"0";"0";"0";"0";"0";"0";"0";"Líquido";"0"
"12";"Productos fertilizantes enmiendas calizas";"2097";"Complejo";"OTROS";"Amicote Corbigran ECO";"FERTIBERIA";"Amicote Corbigran ECO de FERTIBERIA";"0";"0";"0";"0";"0";"0";"0";"0";"0";"0";"0";"0";;"NO";"NO";"36.4";"6";"0";"0";"0";"0";"0";"0";"0";"0";"0";"0";"0";"0";"0";"Sólido";"0"
"14";"Productos fertilizantes: abonos inorgánicos";"2098";"Complejo";"TERNARIO NPK";"Ampor";"FERTIBERIA";"Ampor de FERTIBERIA";"7";"0";"1.5";"5.5";"0";"14";"10";"12";"6.104";"14";"14";"11.62";;"NO";"NO";"5.3";"2";"16";"0";"0";"0";"0";"0";"0";"0";"0.02";"0";"0";"0";"0";"Sólido";"0"
"14";"Productos fertilizantes: abonos inorgánicos";"2099";"Simple";"NITROGENADO";"Doble S";"FERTIBERIA";"Doble S de FERTIBERIA";"12";"0";"0.1";"11.9";"0";"0";"0";"0";"0";"0";"0";"0";;"NO";"NO";"0";"0.2";"63.7";"0";"0";"0";"0";"0";"0";"0";"0";"0";"0";"0";"0";"Líquido";"0"
"14";"Productos fertilizantes: abonos inorgánicos";"2100";"Simple";"NITROGENADO";"Fertiberisol Cristal/Urea 46 Cristalina baja en biuret";"FERTIBERIA";"Fertiberisol Cristal/Urea 46 Cristalina baja en biuret de FERTIBERIA";"46";"0";"0";"0";"46";"0";"0";"0";"0";"0";"0";"0";;"NO";"NO";"0";"0";"0";"0";"0";"0";"0";"0";"0";"0";"0";"0";"0";"0";"0";"Sólido";"0"
"14";"Productos fertilizantes: abonos inorgánicos";"2101";"Complejo";"BINARIO PK";"Fertibersol MKP";"FERTIBERIA";"Fertibersol MKP de FERTIBERIA";"0";"0";"0";"0";"0";"52";"52";"52";"22.672";"34";"34";"28.22";;"NO";"NO";"0";"0";"0";"0";"0";"0";"0";"0";"0";"0";"0";"0";"0";"0";"0";"Sólido";"0"
"14";"Productos fertilizantes: abonos inorgánicos";"2102";"Complejo";"TERNARIO NPK";"Fertisuper 12-10-18 (2)";"FERTIBERIA";"Fertisuper 12-10-18 (2) de FERTIBERIA";"12";"0";"2.5";"9.5";"0";"10";"9";"10";"4.36";"18";"18";"14.94";;"NO";"NO";"0";"2";"28";"0";"0";"0";"0";"0.1";"0";"0";"0.1";"0";"0";"0";"0";"Sólido";"0"
"14";"Productos fertilizantes: abonos inorgánicos";"2103";"Complejo";"BINARIO NP";"Fosfonitro 220";"FERTIBERIA";"Fosfonitro 220 de FERTIBERIA";"20";"0";"0";"8.5";"11.5";"20";"15";"18";"8.72";"0";"0";"0";;"NO";"NO";"0";"0";"13.5";"0";"0";"0";"0";"0";"0";"0";"0";"0";"0";"0";"0";"Sólido";"0"
"14";"Productos fertilizantes: abonos inorgánicos";"2104";"Complejo";"BINARIO NK";"Foskamonio 10-10-20 2MgO 0,1B";"FERTIBERIA";"Foskamonio 10-10-20 2MgO 0,1B de FERTIBERIA";"10";"0";"2.5";"7.5";"0";"0";"11";"6";"0";"20";"20";"16.6";;"NO";"NO";"0";"1.2";"6";"0";"0";"0";"0";"0";"0";"0";"0.1";"0";"0";"0";"0";"Sólido";"0"
"14";"Productos fertilizantes: abonos inorgánicos";"2105";"Complejo";"TERNARIO NPK";"Foskamonio 111 Campeão";"FERTIBERIA";"Foskamonio 111 Campeão de FERTIBERIA";"9.5";"0";"2";"7.5";"0";"10";"6.5";"8";"4.36";"10";"10";"8.3";;"NO";"NO";"0";"0";"15";"0";"0";"0";"0";"0";"0";"0";"0";"0";"0";"0";"0";"Sólido";"0"
"14";"Productos fertilizantes: abonos inorgánicos";"2106";"Complejo";"TERNARIO NPK";"Foskamonio 12-11-21 Mg";"FERTIBERIA";"Foskamonio 12-11-21 Mg de FERTIBERIA";"12";"0";"2";"10";"0";"12";"8";"11";"5.232";"21";"21";"17.43";;"NO";"NO";"0";"2";"8";"0";"0";"0";"0";"0";"0";"0";"0";"0";"0";"0";"0";"Sólido";"0"
"14";"Productos fertilizantes: abonos inorgánicos";"2107";"Complejo";"TERNARIO NPK";"Foskamonio 12-20-12";"FERTIBERIA";"Foskamonio 12-20-12 de FERTIBERIA";"12";"0";"1";"11";"0";"21";"19";"20";"9.156";"12";"12";"9.96";;"NO";"NO";"4.1";"0";"10.5";"0";"0";"0";"0";"0";"0";"0";"0";"0";"0";"0";"0";"Sólido";"0"
"14";"Productos fertilizantes: abonos inorgánicos";"2108";"Complejo";"TERNARIO NPK";"Foskamonio 12-22-8";"FERTIBERIA";"Foskamonio 12-22-8 de FERTIBERIA";"12";"0";"2.5";"9.5";"0";"23";"21";"22";"10.028";"8";"8";"6.64";;"NO";"NO";"0";"0";"13";"0";"0";"0";"0";"0";"0";"0";"0";"0";"0";"0";"0";"Sólido";"0"
"14";"Productos fertilizantes: abonos inorgánicos";"2109";"Complejo";"TERNARIO NPK";"Foskamonio 12-24-12";"FERTIBERIA";"Foskamonio 12-24-12 de FERTIBERIA";"13.2";"0";"1.2";"1.5";"10.5";"25";"21";"24";"10.9";"12";"12";"9.96";;"NO";"NO";"0";"0";"3";"0";"0";"0";"0";"0";"0";"0";"0";"0";"0";"0";"0";"Sólido";"0"
"14";"Productos fertilizantes: abonos inorgánicos";"2110";"Complejo";"TERNARIO NPK";"Foskamonio 12-8-16 3MgO + Micros";"FERTIBERIA";"Foskamonio 12-8-16 3MgO + Micros de FERTIBERIA";"12";"0";"2";"10";"0";"9";"4";"8";"3.924";"16";"16";"13.28";;"NO";"NO";"0";"1.8";"17";"0";"0";"0";"0";"0.01";"0";"0";"0.02";"0";"0";"0";"0.1";"Sólido";"0"
"14";"Productos fertilizantes: abonos inorgánicos";"2111";"Complejo";"TERNARIO NPK";"Foskamonio 131";"FERTIBERIA";"Foskamonio 131 de FERTIBERIA";"7";"0";"1.5";"5.5";"0";"22";"18";"21";"9.592";"7";"7";"5.81";;"NO";"NO";"0";"0";"13";"0";"0";"0";"0";"0";"0";"0";"0";"0";"0";"0";"0";"Sólido";"0"
"14";"Productos fertilizantes: abonos inorgánicos";"2112";"Complejo";"TERNARIO NPK";"Foskamonio 13-13-13";"FERTIBERIA";"Foskamonio 13-13-13 de FERTIBERIA";"13";"0";"2.5";"10.5";"0";"13";"10";"12";"5.668";"13";"13";"10.79";;"NO";"NO";"0";"0";"16.3";"0";"0";"0";"0";"0";"0";"0";"0";"0";"0";"0";"0";"Sólido";"0"
"14";"Productos fertilizantes: abonos inorgánicos";"2113";"Complejo";"TERNARIO NPK";"Foskamonio 132";"FERTIBERIA";"Foskamonio 132 de FERTIBERIA";"8";"0";"2";"6";"0";"21";"19";"20";"9.156";"12";"12";"9.96";;"NO";"NO";"0";"0";"10.5";"0";"0";"0";"0";"0";"0";"0";"0";"0";"0";"0";"0";"Sólido";"0"
"14";"Productos fertilizantes: abonos inorgánicos";"2114";"Complejo";"TERNARIO NPK";"Foskamonio 20-6-6";"FERTIBERIA";"Foskamonio 20-6-6 de FERTIBERIA";"20";"0";"0";"3";"17";"7";"5";"6";"3.052";"6";"6";"4.98";;"NO";"NO";"0";"0";"12";"0";"0";"0";"0";"0";"0";"0";"0";"0";"0";"0";"0";"Sólido";"0"
"14";"Productos fertilizantes: abonos inorgánicos";"2115";"Complejo";"TERNARIO NPK";"Foskamonio 222";"FERTIBERIA";"Foskamonio 222 de FERTIBERIA";"15";"0";"0";"10";"5";"15";"13";"15";"6.54";"15";"15";"12.45";;"NO";"NO";"0";"0";"13";"0";"0";"0";"0";"0";"0";"0";"0";"0";"0";"0";"0";"Sólido";"0"
"14";"Productos fertilizantes: abonos inorgánicos";"2116";"Complejo";"TERNARIO NPK";"Foskamonio 27-6-6";"FERTIBERIA";"Foskamonio 27-6-6 de FERTIBERIA";"27";"0";"11.4";"15.6";"0";"7";"5";"6";"3.052";"6";"6";"4.98";;"NO";"NO";"0";"0";"3";"0";"0";"0";"0";"0";"0";"0";"0";"0";"0";"0";"0";"Sólido";"0"
"14";"Productos fertilizantes: abonos inorgánicos";"2117";"Complejo";"TERNARIO NPK";"Foskamonio 5-5-25";"FERTIBERIA";"Foskamonio 5-5-25 de FERTIBERIA";"5";"0";"1.3";"3.7";"0";"6";"2.5";"5";"2.616";"25";"25";"20.75";;"NO";"NO";"0";"0";"10";"0";"0";"0";"0";"0";"0";"0";"0";"0";"0";"0";"0";"Sólido";"0"
"14";"Productos fertilizantes: abonos inorgánicos";"2118";"Complejo";"TERNARIO NPK";"Foskamonio 6-15-10";"FERTIBERIA";"Foskamonio 6-15-10 de FERTIBERIA";"6";"0";"1";"5";"0";"16";"14";"15";"6.976";"10";"10";"8.3";;"NO";"NO";"0";"0";"11";"0";"0";"0";"0";"0";"0";"0";"0";"0";"0";"0";"0";"Sólido";"0"
"14";"Productos fertilizantes: abonos inorgánicos";"2119";"Complejo";"TERNARIO NPK";"Foskamonio 7-16-25";"FERTIBERIA";"Foskamonio 7-16-25 de FERTIBERIA";"7";"0";"1.5";"5.5";"0";"17";"10";"16";"7.412";"25";"25";"20.75";;"NO";"NO";"0";"0";"10";"0";"0";"0";"0";"0";"0";"0";"0";"0";"0";"0";"0";"Sólido";"0"
"14";"Productos fertilizantes: abonos inorgánicos";"2120";"Complejo";"TERNARIO NPK";"Foskamonio 7-7-7 Mg";"FERTIBERIA";"Foskamonio 7-7-7 Mg de FERTIBERIA";"7";"0";"0";"7";"0";"8";"6";"7";"3.488";"7";"7";"5.81";;"NO";"NO";"0";"2";"24";"0";"0";"0";"0";"0";"0";"0";"0";"0";"0";"0";"0";"Sólido";"0"
"14";"Productos fertilizantes: abonos inorgánicos";"2121";"Complejo";"TERNARIO NPK";"Foskamonio 8-15-15";"FERTIBERIA";"Foskamonio 8-15-15 de FERTIBERIA";"8";"0";"2";"6";"0";"16";"12";"15";"6.976";"15";"15";"12.45";;"NO";"NO";"0";"0";"15";"0";"0";"0";"0";"0";"0";"0";"0";"0";"0";"0";"0";"Sólido";"0"
"14";"Productos fertilizantes: abonos inorgánicos";"2122";"Complejo";"TERNARIO NPK";"Foskamonio 8-20-12";"FERTIBERIA";"Foskamonio 8-20-12 de FERTIBERIA";"8";"0";"2";"6";"0";"21";"19";"20";"9.156";"12";"12";"9.96";;"NO";"NO";"0";"0";"10.5";"0";"0";"0";"0";"0";"0";"0";"0";"0";"0";"0";"0";"Sólido";"0"
"14";"Productos fertilizantes: abonos inorgánicos";"2123";"Complejo";"TERNARIO NPK";"Foskamonio 8-20-5";"FERTIBERIA";"Foskamonio 8-20-5 de FERTIBERIA";"8";"0";"1";"7";"0";"20";"15";"18";"8.72";"5";"5";"4.15";;"NO";"NO";"0";"0";"0";"0";"0";"0";"0";"0";"0";"0";"0";"0";"0";"0";"0";"Sólido";"0"
"14";"Productos fertilizantes: abonos inorgánicos";"2124";"Complejo";"TERNARIO NPK";"Foskamonio 8-20-8";"FERTIBERIA";"Foskamonio 8-20-8 de FERTIBERIA";"8";"0";"2";"6";"0";"22";"16";"20";"9.592";"8";"8";"6.64";;"NO";"NO";"0";"0";"14";"0";"0";"0";"0";"0";"0";"0";"0";"0";"0";"0";"0";"Sólido";"0"
"14";"Productos fertilizantes: abonos inorgánicos";"2125";"Complejo";"TERNARIO NPK";"Foskamonio 8-22-22";"FERTIBERIA";"Foskamonio 8-22-22 de FERTIBERIA";"8";"0";"1.5";"6.5";"0";"22";"19";"21";"9.592";"22";"22";"18.26";;"NO";"NO";"0";"0";"4";"0";"0";"0";"0";"0";"0";"0";"0";"0";"0";"0";"0";"Sólido";"0"
"12";"Productos fertilizantes enmiendas calizas";"2126";"Complejo";"OTROS";"Greenball C+";"FERTIBERIA";"Greenball C+ de FERTIBERIA";"0";"0";"0";"0";"0";"0";"0";"0";"0";"0";"0";"0";;"NO";"NO";"36.4";"6";"0";"0";"0";"0";"0";"0";"0";"0";"0";"0";"0";"0";"0";"Sólido";"0"
"15";"Productos fertilizantes: abonos orgánicos";"2127";"Complejo";"TERNARIO NPK";"GreenPure 25";"FERTIBERIA";"GreenPure 25 de FERTIBERIA";"2.9";"2.8";"0.1";"0";"0";"4.5";"4.5";"4.5";"1.962";"4.5";"4.5";"3.735";;"NO";"NO";"0";"0";"0";"0";"0";"0";"0";"0";"0";"0";"0";"0";"0";"0";"0";"Sólido";"26"
"14";"Productos fertilizantes: abonos inorgánicos";"2128";"Simple";"NITROGENADO";"Impact Zero Fertibersol Nitro";"FERTIBERIA";"Impact Zero Fertibersol Nitro  de FERTIBERIA";"34.5";"0";"16.9";"17.6";"0";"0";"0";"0";"0";"0";"0";"0";;"NO";"NO";"0";"0";"0";"0";"0";"0";"0";"0";"0";"0";"0";"0";"0";"0";"0";"Sólido";"0"
"14";"Productos fertilizantes: abonos inorgánicos";"2129";"Complejo";"TERNARIO NPK";"Impact Zero Impulse 15-3-5 NA";"FERTIBERIA";"Impact Zero Impulse 15-3-5 NA de FERTIBERIA";"15";"0";"7.5";"7.5";"0";"3";"3";"3";"1.308";"5";"5";"4.15";;"NO";"NO";"0";"0";"0";"0";"0";"0";"0";"0.015";"0";"0";"0";"0";"0";"0";"0";"Líquido";"0"
"14";"Productos fertilizantes: abonos inorgánicos";"2130";"Complejo";"TERNARIO NPK";"Impact Zero Impulse 4-4-12 NA";"FERTIBERIA";"Impact Zero Impulse 4-4-12 NA de FERTIBERIA";"4";"0";"2";"2";"0";"4";"4";"4";"1.744";"12";"12";"9.96";;"NO";"NO";"0";"0";"0";"0";"0";"0";"0";"0.015";"0";"0";"0";"0";"0";"0";"0";"Líquido";"0"
"14";"Productos fertilizantes: abonos inorgánicos";"2131";"Complejo";"BINARIO NP";"Impact Zero Impulse 7-21-0";"FERTIBERIA";"Impact Zero Impulse 7-21-0 de FERTIBERIA";"7";"0";"3.5";"3.5";"0";"21";"21";"21";"9.156";"0";"0";"0";;"NO";"NO";"0";"0";"0";"0";"0";"0";"0";"0.015";"0";"0";"0";"0";"0";"0";"0";"Líquido";"0"
"14";"Productos fertilizantes: abonos inorgánicos";"2132";"Complejo";"BINARIO NP";"Impact Zero Impulse Neutro";"FERTIBERIA";"Impact Zero Impulse Neutro de FERTIBERIA";"7.3";"0";"0";"7.3";"0";"22";"22";"22";"9.592";"0";"0";"0";;"NO";"NO";"0";"0";"0";"0";"0";"0";"0";"0.015";"0";"0";"0";"0";"0";"0";"0";"Líquido";"0"
"14";"Productos fertilizantes: abonos inorgánicos";"2133";"Simple";"NITROGENADO";"Impact Zero N32";"FERTIBERIA";"Impact Zero N32 de FERTIBERIA";"32";"0";"8";"8";"16";"0";"0";"0";"0";"0";"0";"0";;"NO";"NO";"0";"0";"0";"0";"0";"0";"0";"0";"0";"0";"0";"0";"0";"0";"0";"Líquido";"0"
"14";"Productos fertilizantes: abonos inorgánicos";"2134";"Simple";"NITROGENADO";"Impact Zero NAC 27 MgO";"FERTIBERIA";"Impact Zero NAC 27 MgO de FERTIBERIA";"27";"0";"13.5";"13.5";"0";"0";"0";"0";"0";"0";"0";"0";;"NO";"NO";"0";"3";"12";"0";"0";"0";"0";"0";"0";"0";"0";"0";"0";"0";"0";"Sólido";"0"
"14";"Productos fertilizantes: abonos inorgánicos";"2135";"Simple";"NITROGENADO";"Impact Zero Nergetic Complete DS+";"FERTIBERIA";"Impact Zero Nergetic Complete DS+ de FERTIBERIA";"24";"0";"12";"12";"0";"0";"0";"0";"0";"0";"0";"0";;"SI";"SI";"12";"0";"14";"0";"0";"0";"0";"0";"0";"0";"0.05";"0";"0";"0";"0";"Sólido";"0"
"14";"Productos fertilizantes: abonos inorgánicos";"2136";"Simple";"NITROGENADO";"Impact Zero Nergetic Complete DZ+";"FERTIBERIA";"Impact Zero Nergetic Complete DZ+ de FERTIBERIA";"25.1";"0";"6.3";"18.8";"0";"0";"0";"0";"0";"0";"0";"0";;"SI";"SI";"0";"0";"32";"0";"0";"0";"0";"0.1";"0";"0";"0.01";"0";"0.1";"0.001";"0";"Sólido";"0"
"14";"Productos fertilizantes: abonos inorgánicos";"2137";"Complejo";"TERNARIO NPK";"Impact Zero Nergetic Complete NC2 (6-10-20)";"FERTIBERIA";"Impact Zero Nergetic Complete NC2 (6-10-20) de FERTIBERIA";"6";"0";"1.5";"4.5";"0";"12";"8";"10";"5.232";"20";"20";"16.6";;"SI";"SI";"6.1";"1.2";"14";"0";"0.02";"0";"0";"0.02";"0";"0";"0.1";"0";"0";"0";"0";"Sólido";"0"
"14";"Productos fertilizantes: abonos inorgánicos";"2138";"Complejo";"TERNARIO NPK";"Impact Zero Nergetic Complete NC5 (10-10-22)";"FERTIBERIA";"Impact Zero Nergetic Complete NC5 (10-10-22) de FERTIBERIA";"10";"0";"2";"8";"0";"11";"8";"10";"4.796";"22";"22";"18.26";;"SI";"SI";"4.6";"0";"11";"0";"0";"0";"0";"0.1";"0";"0";"0";"0";"0";"0";"0";"Sólido";"0"
"14";"Productos fertilizantes: abonos inorgánicos";"2139";"Simple";"NITROGENADO";"Impact Zero Ngreen";"FERTIBERIA";"Impact Zero Ngreen  de FERTIBERIA";"30";"0";"7.7";"7.8";"14.5";"0";"0";"0";"0";"0";"0";"0";;"NO";"NO";"0";"0.75";"2.6";"0";"0";"0";"0";"0";"0";"0";"0";"0";"0";"0";"0";"Líquido";"0"
"14";"Productos fertilizantes: abonos inorgánicos";"2140";"Simple";"NITROGENADO";"Impact Zero Nitramón 27 (S)";"FERTIBERIA";"Impact Zero Nitramón 27 (S)  de FERTIBERIA";"27";"0";"13.5";"13.5";"0";"0";"0";"0";"0";"0";"0";"0";;"NO";"NO";"0";"0";"12";"0";"0";"0";"0";"0";"0";"0";"0";"0";"0";"0";"0";"Sólido";"0"
"14";"Productos fertilizantes: abonos inorgánicos";"2141";"Simple";"NITROGENADO";"Impact Zero Nitrato de Calcio Rega";"FERTIBERIA";"Impact Zero Nitrato de Calcio Rega de FERTIBERIA";"15.5";"0";"15.5";"0";"0";"0";"0";"0";"0";"0";"0";"0";;"NO";"NO";"27";"0";"0";"0";"0";"0";"0";"0";"0";"0";"0";"0";"0";"0";"0";"Sólido";"0"
"14";"Productos fertilizantes: abonos inorgánicos";"2142";"Simple";"NITROGENADO";"Impact Zero NSA 26 (37) Blanco";"FERTIBERIA";"Impact Zero NSA 26 (37) Blanco de FERTIBERIA";"26";"0";"6.5";"19.5";"0";"0";"0";"0";"0";"0";"0";"0";;"NO";"NO";"0";"0";"37";"0";"0";"0";"0";"0";"0";"0";"0";"0";"0";"0";"0";"Sólido";"0"
"14";"Productos fertilizantes: abonos inorgánicos";"2143";"Simple";"NITROGENADO";"Impact Zero NSA 26 (37) Blanco + SDCD";"FERTIBERIA";"Impact Zero NSA 26 (37) Blanco + SDCD de FERTIBERIA";"26";"0";"6.5";"19.5";"0";"0";"0";"0";"0";"0";"0";"0";;"SI";"SI";"0";"0";"37";"0";"0";"0";"0";"0";"0";"0";"0";"0";"0";"0";"0";"Sólido";"0"
"14";"Productos fertilizantes: abonos inorgánicos";"2144";"Simple";"NITROGENADO";"Impact Zero Nutrifluid Impulse Power";"FERTIBERIA";"Impact Zero Nutrifluid Impulse Power de FERTIBERIA";"26.9";"0";"6.5";"7.4";"13";"0";"0";"0";"0";"0";"0";"0";;"NO";"NO";"0";"0";"5";"0";"0";"0";"0";"0.01";"0";"0";"0";"0";"0";"0";"0";"Líquido";"0"
"14";"Productos fertilizantes: abonos inorgánicos";"2145";"Complejo";"TERNARIO NPK";"Impact Zero SulfActive 8-12-20 (6-2-22)";"FERTIBERIA";"Impact Zero SulfActive 8-12-20 (6-2-22) de FERTIBERIA";"8";"0";"0";"6";"2";"14";"11";"12";"6.104";"20";"20";"16.6";;"NO";"NO";"6";"2";"22";"0";"0";"0";"0";"0";"0";"0";"0";"0";"0";"0";"0";"Sólido";"0"
"14";"Productos fertilizantes: abonos inorgánicos";"2146";"Simple";"NITROGENADO";"Impulse Power+SDCD";"FERTIBERIA";"Impulse Power+SDCD de FERTIBERIA";"26.9";"0";"6.5";"7.4";"13";"0";"0";"0";"0";"0";"0";"0";;"SI";"SI";"0";"0";"5";"0";"0";"0";"0";"0.01";"0";"0";"0";"0";"0";"0";"0";"Líquido";"0"
"12";"Productos fertilizantes enmiendas calizas";"2147";"Simple";"NITROGENADO";"Nergetic 4 Corbigran";"FERTIBERIA";"Nergetic 4 Corbigran de FERTIBERIA";"4";"0";"2";"2";"0";"0";"0";"0";"0";"0";"0";"0";;"NO";"NO";"36.4";"6";"0";"0";"0";"0";"0";"0";"0";"0";"0";"0";"0";"0";"0";"Sólido";"0"
"14";"Productos fertilizantes: abonos inorgánicos";"2148";"Complejo";"BINARIO NP";"Nergetic Complete 10-30-0";"FERTIBERIA";"Nergetic Complete 10-30-0 de FERTIBERIA";"10";"0";"1";"9";"0";"30";"26";"28";"13.08";"0";"0";"0";;"SI";"NO";"0";"0";"16";"0";"0";"0";"0";"0.1";"0";"0";"0";"0";"0.2";"0.002";"0.2";"Sólido";"0"
"14";"Productos fertilizantes: abonos inorgánicos";"2149";"Complejo";"TERNARIO NPK";"Nergetic Complete 12-6-20";"FERTIBERIA";"Nergetic Complete 12-6-20 de FERTIBERIA";"12";"0";"2.5";"9.5";"0";"6";"4.5";"5.5";"2.616";"20";"20";"16.6";;"SI";"SI";"0";"0";"16.5";"0";"0";"0";"0";"0.1";"0";"0";"0";"0";"0.2";"0.002";"0.2";"Sólido";"0"
"14";"Productos fertilizantes: abonos inorgánicos";"2150";"Complejo";"BINARIO NP";"Nergetic Complete 13-24-0";"FERTIBERIA";"Nergetic Complete 13-24-0 de FERTIBERIA";"13";"0";"1";"12";"0";"24";"20";"22";"10.464";"0";"0";"0";;"SI";"NO";"0";"0";"22.5";"0";"0";"0";"0";"0.1";"0";"0";"0";"0";"0.2";"0.002";"0.2";"Sólido";"0"
"14";"Productos fertilizantes: abonos inorgánicos";"2151";"Complejo";"TERNARIO NPK";"Nergetic Complete 13-6-18 SP";"FERTIBERIA";"Nergetic Complete 13-6-18 SP de FERTIBERIA";"13";"0";"2.5";"10.5";"0";"6";"5";"5.5";"2.616";"18";"18";"14.94";;"SI";"SI";"0";"0";"34.5";"0";"0";"0";"0";"0.1";"0";"0";"0";"0";"0.2";"0.002";"0.1";"Sólido";"0"
"14";"Productos fertilizantes: abonos inorgánicos";"2152";"Complejo";"BINARIO NP";"Nergetic Complete 14-26-0";"FERTIBERIA";"Nergetic Complete 14-26-0 de FERTIBERIA";"14";"0";"2.5";"11.5";"0";"26";"24";"25";"11.336";"0";"0";"0";;"SI";"NO";"0";"0";"12.4";"0";"0";"0";"0";"0.5";"0";"0";"0";"0";"0.2";"0.002";"0.6";"Sólido";"0"
"14";"Productos fertilizantes: abonos inorgánicos";"2153";"Complejo";"TERNARIO NPK";"Nergetic Complete 15-13-18";"FERTIBERIA";"Nergetic Complete 15-13-18 de FERTIBERIA";"15";"0";"2.5";"12.5";"0";"13";"11.5";"12";"5.668";"8";"8";"6.64";;"SI";"SI";"0";"0";"18";"0";"0";"0";"0";"0.1";"0";"0";"0";"0";"0.2";"0.002";"0.2";"Sólido";"0"
"14";"Productos fertilizantes: abonos inorgánicos";"2154";"Complejo";"BINARIO NP";"Nergetic Complete 20-12-0";"FERTIBERIA";"Nergetic Complete 20-12-0 de FERTIBERIA";"20";"0";"2.5";"17.5";"0";"12";"10";"11";"5.232";"0";"0";"0";;"SI";"SI";"0";"0";"34";"0";"0";"0";"0";"0.1";"0";"0";"0";"0";"0.2";"0.002";"0.2";"Sólido";"0"
"14";"Productos fertilizantes: abonos inorgánicos";"2155";"Complejo";"BINARIO NP";"Nergetic Complete 20-14-0";"FERTIBERIA";"Nergetic Complete 20-14-0 de FERTIBERIA";"20";"0";"2.5";"17.5";"0";"14";"12";"13";"6.104";"0";"0";"0";;"SI";"NO";"0";"0";"27";"0";"0";"0";"0";"0.1";"0";"0";"0";"0";"0.2";"0.002";"0.2";"Sólido";"0"
"14";"Productos fertilizantes: abonos inorgánicos";"2156";"Complejo";"TERNARIO NPK";"Nergetic Complete 24-5-4";"FERTIBERIA";"Nergetic Complete 24-5-4 de FERTIBERIA";"24";"0";"7.5";"16.5";"0";"5";"4";"5";"2.18";"4";"4";"3.32";;"SI";"SI";"0";"0";"19.5";"0";"0";"0";"0";"0";"0";"0";"0";"0";"0.2";"0.002";"0.1";"Sólido";"0"
"14";"Productos fertilizantes: abonos inorgánicos";"2157";"Complejo";"TERNARIO NPK";"Nergetic Complete 4-5-30 Azul";"FERTIBERIA";"Nergetic Complete 4-5-30 Azul de FERTIBERIA";"4";"0";"0";"4";"0";"6";"4";"5";"2.616";"30";"30";"24.9";;"SI";"SI";"0";"1.2";"15.5";"0";"0";"0";"0";"0.1";"0";"0";"0.1";"0";"0";"0";"0";"Sólido";"0"
"14";"Productos fertilizantes: abonos inorgánicos";"2158";"Complejo";"TERNARIO NPK";"Nergetic Complete D-Olea Special";"FERTIBERIA";"Nergetic Complete D-Olea Special de FERTIBERIA";"21";"0";"9";"12";"0";"5.5";"4.5";"5";"2.398";"10";"10";"8.3";;"SI";"SI";"0";"0";"10";"0";"0";"0";"0";"0";"0";"0";"0.1";"0";"0";"0";"0";"Sólido";"0"
"14";"Productos fertilizantes: abonos inorgánicos";"2159";"Complejo";"TERNARIO NPK";"Nergetic Complete NC3 (6-12-5)";"FERTIBERIA";"Nergetic Complete NC3 (6-12-5) de FERTIBERIA";"6";"0";"1.3";"4.7";"0";"14";"10";"12";"6.104";"5";"5";"4.15";;"SI";"SI";"0";"0";"21";"0";"0";"0";"0";"0";"0";"0";"0";"0";"0";"0";"0";"Sólido";"0"
"14";"Productos fertilizantes: abonos inorgánicos";"2160";"Complejo";"TERNARIO NPK";"Nergetic Complete NC5 (10-10-22)";"FERTIBERIA";"Nergetic Complete NC5 (10-10-22) de FERTIBERIA";"10";"0";"2";"8";"0";"11";"8";"10";"4.796";"22";"22";"18.26";;"SI";"SI";"4.6";"0";"11";"0";"0";"0";"0";"0.1";"0";"0";"0";"0";"0";"0";"0";"Sólido";"0"
"14";"Productos fertilizantes: abonos inorgánicos";"2161";"Complejo";"TERNARIO NPK";"Nergetic Complete NC8 (18-5-5)";"FERTIBERIA";"Nergetic Complete NC8 (18-5-5) de FERTIBERIA";"18";"0";"7";"11";"0";"5";"4";"5";"2.18";"5";"5";"4.15";;"SI";"SI";"0";"0";"19.5";"0";"0";"0";"0";"0";"0";"0";"0";"0";"0";"0";"0";"Sólido";"0"
"14";"Productos fertilizantes: abonos inorgánicos";"2162";"Simple";"FOSFATADO";"Nergetic Complete P29";"FERTIBERIA";"Nergetic Complete P29 de FERTIBERIA";"0";"0";"0";"0";"0";"29";"22";"24";"12.644";"0";"0";"0";;"SI";"NO";"23.1";"0";"19";"0";"0";"0";"0";"0.1";"0";"0";"0";"0";"0.2";"0.002";"0.2";"Sólido";"0"
"14";"Productos fertilizantes: abonos inorgánicos";"2163";"Simple";"FOSFATADO";"Nergetic Complete PHOS";"FERTIBERIA";"Nergetic Complete PHOS de FERTIBERIA";"0";"0";"0";"0";"0";"22";"2";"5";"9.592";"0";"0";"0";;"SI";"NO";"33";"0";"2";"0";"0";"0";"0";"0.1";"0";"0";"0";"0";"0";"0";"0";"Sólido";"0"
"14";"Productos fertilizantes: abonos inorgánicos";"2164";"Simple";"NITROGENADO";"Nitrablau 25-10";"FERTIBERIA";"Nitrablau 25-10 de FERTIBERIA";"25";"0";"2";"5.5";"17.5";"0";"0";"0";"0";"0";"0";"0";;"NO";"NO";"0";"0";"10";"0";"0";"0";"0";"0";"0";"0";"0";"0";"0";"0";"0";"Líquido";"0"
"14";"Productos fertilizantes: abonos inorgánicos";"2165";"Simple";"NITROGENADO";"Nitramon 24 (S) ADP";"FERTIBERIA";"Nitramon 24 (S) ADP de FERTIBERIA";"24";"0";"12";"12";"0";"0";"0";"0";"0";"0";"0";"0";;"NO";"NO";"10";"0";"16";"0";"0";"0";"0";"0";"0";"0";"0";"0";"0";"0";"0";"Sólido";"0"
"14";"Productos fertilizantes: abonos inorgánicos";"2166";"Complejo";"TERNARIO NPK";"Nitromax 20-10-5";"FERTIBERIA";"Nitromax 20-10-5 de FERTIBERIA";"20";"0";"8";"12";"0";"11";"9";"10";"4.796";"5";"5";"4.15";;"NO";"NO";"0";"2.7";"0";"0";"0";"0";"0";"0";"0";"0";"0";"0";"0";"0";"0";"Sólido";"0"
"14";"Productos fertilizantes: abonos inorgánicos";"2167";"Complejo";"TERNARIO NPK";"Nitromax 22-10-5";"FERTIBERIA";"Nitromax 22-10-5 de FERTIBERIA";"22";"0";"9.5";"12.5";"0";"10";"9";"10";"4.36";"5";"5";"4.15";;"NO";"NO";"0";"2";"0";"0";"0";"0";"0";"0";"0";"0";"0";"0";"0";"0";"0";"Sólido";"0"
"14";"Productos fertilizantes: abonos inorgánicos";"2168";"Complejo";"TERNARIO NPK";"NPK (S) 12-8-12 (26)";"FERTIBERIA";"NPK (S) 12-8-12 (26) de FERTIBERIA";"12";"0";"1.5";"10.5";"0";"8";"6";"7";"3.488";"12";"12";"9.96";;"NO";"NO";"0";"0";"26";"0";"0";"0";"0";"0";"0";"0";"0";"0";"0";"0";"0";"Sólido";"0"
"14";"Productos fertilizantes: abonos inorgánicos";"2169";"Complejo";"TERNARIO NPK";"NPK 10-12-18 Azul MOP";"FERTIBERIA";"NPK 10-12-18 Azul MOP de FERTIBERIA";"11";"0";"1";"2.5";"7.5";"13";"11";"12";"5.668";"18";"18";"14.94";;"NO";"NO";"0";"0";"12";"0";"0";"0";"0";"0";"0";"0";"0";"0";"0";"0";"0";"Sólido";"0"
"14";"Productos fertilizantes: abonos inorgánicos";"2170";"Complejo";"TERNARIO NPK";"NPK 12-12-17 MOP Azul";"FERTIBERIA";"NPK 12-12-17 MOP Azul de FERTIBERIA";"12";"0";"2";"10";"0";"13";"9.5";"12";"5.668";"17";"17";"14.11";;"NO";"NO";"0";"2";"16";"0";"0";"0";"0";"0";"0";"0";"0";"0";"0";"0";"0";"Sólido";"0"
"14";"Productos fertilizantes: abonos inorgánicos";"2171";"Complejo";"TERNARIO NPK";"NPK 12-20-12";"FERTIBERIA";"NPK 12-20-12 de FERTIBERIA";"12";"0";"1";"11";"0";"21";"19";"20";"9.156";"12";"12";"9.96";;"NO";"NO";"4.1";"0";"10.5";"0";"0";"0";"0";"0";"0";"0";"0";"0";"0";"0";"0";"Sólido";"0"
"14";"Productos fertilizantes: abonos inorgánicos";"2172";"Complejo";"TERNARIO NPK";"NPK 12-6-12 Azul";"FERTIBERIA";"NPK 12-6-12 Azul de FERTIBERIA";"12";"0";"2.5";"9.5";"0";"7";"5";"6";"3.052";"12";"12";"9.96";;"NO";"NO";"0";"0";"23";"0";"0";"0";"0";"0";"0";"0";"0";"0";"0";"0";"0";"Sólido";"0"
"14";"Productos fertilizantes: abonos inorgánicos";"2173";"Complejo";"TERNARIO NPK";"NPK 12-8-16 3MgO + Micros Azul MOP";"FERTIBERIA";"NPK 12-8-16 3MgO + Micros Azul MOP de FERTIBERIA";"12";"0";"2";"10";"0";"9";"4";"8";"3.924";"16";"16";"13.28";;"NO";"NO";"0";"1.8";"17";"0";"0";"0";"0";"0.01";"0";"0";"0.02";"0";"0";"0";"0.1";"Sólido";"0"
"14";"Productos fertilizantes: abonos inorgánicos";"2174";"Complejo";"TERNARIO NPK";"NPK 12-8-16 Azul";"FERTIBERIA";"NPK 12-8-16 Azul de FERTIBERIA";"12";"0";"2.5";"9.5";"0";"9";"4";"8";"3.924";"16";"16";"13.28";;"NO";"NO";"0";"0";"19";"0";"0";"0";"0";"0";"0";"0";"0";"0";"0";"0";"0";"Sólido";"0"
"14";"Productos fertilizantes: abonos inorgánicos";"2175";"Complejo";"TERNARIO NPK";"NPK 14-10-16";"FERTIBERIA";"NPK 14-10-16 de FERTIBERIA";"14";"0";"0";"10.5";"3.5";"10";"8";"10";"4.36";"16";"16";"13.28";;"NO";"NO";"0";"1.2";"24";"0";"0";"0";"0";"0";"0";"0";"0";"0";"0";"0";"0";"Sólido";"0"
"14";"Productos fertilizantes: abonos inorgánicos";"2176";"Complejo";"TERNARIO NPK";"NPK 15-14-15";"FERTIBERIA";"NPK 15-14-15 de FERTIBERIA";"15";"0";"5";"10";"0";"14";"10";"14";"6.104";"15";"15";"12.45";;"NO";"NO";"0";"0";"5";"0";"0";"0";"0";"0";"0";"0";"0";"0";"0";"0";"0";"Sólido";"0"
"14";"Productos fertilizantes: abonos inorgánicos";"2177";"Complejo";"TERNARIO NPK";"NPK 20-6-6 U";"FERTIBERIA";"NPK 20-6-6 U de FERTIBERIA";"20";"0";"0";"3";"17";"7";"5";"6";"3.052";"6";"6";"4.98";;"NO";"NO";"0";"0";"12";"0";"0";"0";"0";"0";"0";"0";"0";"0";"0";"0";"0";"Sólido";"0"
"14";"Productos fertilizantes: abonos inorgánicos";"2178";"Complejo";"TERNARIO NPK";"NPK 24-5-5 SOP Azul";"FERTIBERIA";"NPK 24-5-5 SOP Azul de FERTIBERIA";"24";"0";"11";"13";"0";"5";"4";"5";"2.18";"5";"5";"4.15";;"NO";"NO";"0";"0";"4";"0";"0";"0";"0";"0";"0";"0";"0";"0";"0";"0";"0";"Sólido";"0"
"14";"Productos fertilizantes: abonos inorgánicos";"2179";"Complejo";"TERNARIO NPK";"NPK 27-6-6";"FERTIBERIA";"NPK 27-6-6 de FERTIBERIA";"27";"0";"11.4";"15.6";"0";"7";"5";"6";"3.052";"6";"6";"4.98";;"NO";"NO";"0";"0";"3";"0";"0";"0";"0";"0";"0";"0";"0";"0";"0";"0";"0";"Sólido";"0"
"14";"Productos fertilizantes: abonos inorgánicos";"2180";"Complejo";"TERNARIO NPK";"NPK 5-5-25";"FERTIBERIA";"NPK 5-5-25 de FERTIBERIA";"5";"0";"1.3";"3.7";"0";"6";"2.5";"5";"2.616";"25";"25";"20.75";;"NO";"NO";"0";"0";"10";"0";"0";"0";"0";"0";"0";"0";"0";"0";"0";"0";"0";"Sólido";"0"
"14";"Productos fertilizantes: abonos inorgánicos";"2181";"Complejo";"TERNARIO NPK";"NPK 6-8-14";"FERTIBERIA";"NPK 6-8-14 de FERTIBERIA";"6";"0";"1.5";"4.5";"0";"9";"2.8";"8";"3.924";"14";"14";"11.62";;"NO";"NO";"0";"0";"15";"0";"0";"0";"0";"0";"0";"0";"0";"0";"0";"0";"0";"Sólido";"0"
"14";"Productos fertilizantes: abonos inorgánicos";"2182";"Complejo";"TERNARIO NPK";"NPK 7-14-16";"FERTIBERIA";"NPK 7-14-16 de FERTIBERIA";"7";"0";"1";"6";"0";"15";"13";"14";"6.54";"16";"16";"13.28";;"NO";"NO";"0";"0";"16";"0";"0";"0";"0";"0";"0";"0";"0";"0";"0";"0";"0";"Sólido";"0"
"14";"Productos fertilizantes: abonos inorgánicos";"2183";"Complejo";"TERNARIO NPK";"NPK 7-18-27";"FERTIBERIA";"NPK 7-18-27 de FERTIBERIA";"7";"0";"1.5";"5.5";"0";"18";"13";"17";"7.848";"27";"27";"22.41";;"NO";"NO";"0";"0";"10";"0";"0";"0";"0";"0";"0";"0";"0";"0";"0";"0";"0";"Sólido";"0"
"14";"Productos fertilizantes: abonos inorgánicos";"2184";"Complejo";"TERNARIO NPK";"NPK 8-12-16";"FERTIBERIA";"NPK 8-12-16 de FERTIBERIA";"8";"0";"2";"6";"0";"14";"11";"12";"6.104";"16";"16";"13.28";;"NO";"NO";"0";"0";"14";"0";"0";"0";"0";"0";"0";"0";"0";"0";"0";"0";"0";"Sólido";"0"
"14";"Productos fertilizantes: abonos inorgánicos";"2185";"Complejo";"TERNARIO NPK";"NPK 8-18-8";"FERTIBERIA";"NPK 8-18-8 de FERTIBERIA";"8";"0";"2";"6";"0";"19";"17";"18";"8.284";"8";"8";"6.64";;"NO";"NO";"0";"0";"0";"0";"0";"0";"0";"0";"0";"0";"0";"0";"0";"0";"0";"Sólido";"0"
"14";"Productos fertilizantes: abonos inorgánicos";"2186";"Complejo";"TERNARIO NPK";"NPK 8-20-10";"FERTIBERIA";"NPK 8-20-10 de FERTIBERIA";"8";"0";"1";"7";"0";"21";"19";"20";"9.156";"10";"10";"8.3";;"NO";"NO";"0";"0";"8";"0";"0";"0";"0";"0";"0";"0";"0";"0";"0";"0";"0";"Sólido";"0"
"14";"Productos fertilizantes: abonos inorgánicos";"2187";"Complejo";"TERNARIO NPK";"NPK 8-21-8 (11)";"FERTIBERIA";"NPK 8-21-8 (11) de FERTIBERIA";"8";"0";"2";"6";"0";"23";"20";"21";"10.028";"8";"8";"6.64";;"NO";"NO";"0";"0";"11";"0";"0";"0";"0";"0";"0";"0";"0";"0";"0";"0";"0";"Sólido";"0"
"14";"Productos fertilizantes: abonos inorgánicos";"2188";"Complejo";"TERNARIO NPK";"NPK 8-24-8";"FERTIBERIA";"NPK 8-24-8 de FERTIBERIA";"8";"0";"0";"8";"0";"25";"20";"24";"10.9";"8";"8";"6.64";;"NO";"NO";"0";"0";"12";"0";"0";"0";"0";"0";"0";"0";"0";"0";"0";"0";"0";"Sólido";"0"
"14";"Productos fertilizantes: abonos inorgánicos";"2189";"Complejo";"TERNARIO NPK";"NPK 8-8-8 Azul";"FERTIBERIA";"NPK 8-8-8 Azul de FERTIBERIA";"8";"0";"0";"8";"0";"8";"7";"8";"3.488";"8";"8";"6.64";;"NO";"NO";"0";"0";"21";"0";"0";"0";"0";"0";"0";"0";"0";"0";"0";"0";"0";"Sólido";"0"
"14";"Productos fertilizantes: abonos inorgánicos";"2190";"Complejo";"TERNARIO NPK";"NPK(S) 15-15-15 (20)";"FERTIBERIA";"NPK(S) 15-15-15 (20) de FERTIBERIA";"15";"0";"0";"10";"5";"15";"13";"15";"6.54";"15";"15";"12.45";;"NO";"NO";"0";"0";"20";"0";"0";"0";"0";"0";"0";"0";"0";"0";"0";"0";"0";"Sólido";"0"
"14";"Productos fertilizantes: abonos inorgánicos";"2191";"Complejo";"TERNARIO NPK";"NPK(S) 20-5-10(15) 0,1B 0,3Fe Rojo";"FERTIBERIA";"NPK(S) 20-5-10(15) 0,1B 0,3Fe Rojo de FERTIBERIA";"20";"0";"0";"3";"17";"6";"4";"5";"2.616";"10";"10";"8.3";;"NO";"NO";"0";"0";"15";"0";"0";"0";"0";"0";"0";"0";"0.1";"0";"0";"0";"0.5";"Sólido";"0"
"14";"Productos fertilizantes: abonos inorgánicos";"2192";"Complejo";"TERNARIO NPK";"SulfActive 7-14-14 (6-2-25)";"FERTIBERIA";"SulfActive 7-14-14 (6-2-25) de FERTIBERIA";"7";"0";"0";"7";"0";"16";"13";"14";"6.976";"14";"14";"11.62";;"NO";"NO";"6";"2";"25";"0";"0";"0";"0";"0";"0";"0";"0";"0";"0";"0";"0";"Sólido";"0"
"14";"Productos fertilizantes: abonos inorgánicos";"2193";"Simple";"NITROGENADO";"Nitraliq 32";"FERTIBERIA";"Nitraliq 32 de FERTIBERIA";"32";"0";"8";"8";"16";"0";"0";"0";"0";"0";"0";"0";;"NO";"NO";"0";"0";"0";"0";"0";"0";"0";"0";"0";"0";"0";"0";"0";"0";"0";"Líquido";"0"
"14";"Productos fertilizantes: abonos inorgánicos";"2194";"Simple";"NITROGENADO";"Sulfaliq 41";"FERTIBERIA";"Sulfaliq 41 de FERTIBERIA";"28";"0";"6.4";"8.8";"12.8";"0";"0";"0";"0";"0";"0";"0";;"NO";"NO";"0";"0";"13";"0";"0";"0";"0";"0";"0";"0";"0";"0";"0";"0";"0";"Líquido";"0"
"14";"Productos fertilizantes: abonos inorgánicos";"2195";"Simple";"NITROGENADO";"Nitraliq N20";"FERTIBERIA";"Nitraliq N20 de FERTIBERIA";"20";"0";"10";"10";"0";"0";"0";"0";"0";"0";"0";"0";;"NO";"NO";"0";"0";"0";"0";"0";"0";"0";"0";"0";"0";"0";"0";"0";"0";"0";"Líquido";"0"
"14";"Productos fertilizantes: abonos inorgánicos";"2196";"Simple";"NITROGENADO";"Nitraliq N(S) 26(6)";"FERTIBERIA";"Nitraliq N(S) 26(6) de FERTIBERIA";"26";"0";"2.5";"4.6";"18.9";"0";"0";"0";"0";"0";"0";"0";;"NO";"NO";"0";"0";"6";"0";"0";"0";"0";"0";"0";"0";"0";"0";"0";"0";"0";"Líquido";"0"
"14";"Productos fertilizantes: abonos inorgánicos";"2197";"Simple";"NITROGENADO";"Ácido Nítrico";"FERTIBERIA";"Ácido Nítrico de FERTIBERIA";"12";"0";"12";"0";"0";"0";"0";"0";"0";"0";"0";"0";;"NO";"NO";"0";"0";"0";"0";"0";"0";"0";"0";"0";"0";"0";"0";"0";"0";"0";"Líquido";"0"
"14";"Productos fertilizantes: abonos inorgánicos";"2198";"Simple";"NITROGENADO";"Nitrablau N(S) 25(10)";"FERTIBERIA";"Nitrablau N(S) 25(10) de FERTIBERIA";"25";"0";"2";"5.5";"17.5";"0";"0";"0";"0";"0";"0";"0";;"NO";"NO";"0";"0";"10";"0";"0";"0";"0";"0";"0";"0";"0";"0";"0";"0";"0";"Líquido";"0"
"14";"Productos fertilizantes: abonos inorgánicos";"2199";"Simple";"NITROGENADO";"Nitraliq N(S) 24(8)";"FERTIBERIA";"Nitraliq N(S) 24(8) de FERTIBERIA";"24";"0";"5.3";"8.1";"10.6";"0";"0";"0";"0";"0";"0";"0";;"NO";"NO";"0";"0";"8";"0";"0";"0";"0";"0";"0";"0";"0";"0";"0";"0";"0";"Líquido";"0"
"14";"Productos fertilizantes: abonos inorgánicos";"2200";"Simple";"NITROGENADO";"Nitraliq N(S) 25(8)";"FERTIBERIA";"Nitraliq N(S) 25(8) de FERTIBERIA";"25";"0";"6";"3";"16";"0";"0";"0";"0";"0";"0";"0";;"NO";"NO";"0";"0";"8";"0";"0";"0";"0";"0";"0";"0";"0";"0";"0";"0";"0";"Líquido";"0"
"14";"Productos fertilizantes: abonos inorgánicos";"2201";"Simple";"NITROGENADO";"Nitraliq N(S) 25(7)";"FERTIBERIA";"Nitraliq N(S) 25(7) de FERTIBERIA";"25";"0";"5.7";"8";"11.3";"0";"0";"0";"0";"0";"0";"0";;"NO";"NO";"0";"0";"7";"0";"0";"0";"0";"0";"0";"0";"0";"0";"0";"0";"0";"Líquido";"0"
"14";"Productos fertilizantes: abonos inorgánicos";"2202";"Simple";"NITROGENADO";"Nitraliq N(S) 24(8) U";"FERTIBERIA";"Nitraliq N(S) 24(8) U de FERTIBERIA";"24";"0";"1.9";"4.6";"17.5";"0";"0";"0";"0";"0";"0";"0";;"NO";"NO";"0";"0";"8";"0";"0";"0";"0";"0";"0";"0";"0";"0";"0";"0";"0";"Líquido";"0"
"14";"Productos fertilizantes: abonos inorgánicos";"2203";"Simple";"NITROGENADO";"Nitraliq S-33";"FERTIBERIA";"Nitraliq S-33 de FERTIBERIA";"26";"0";"2.9";"5.4";"17.7";"0";"0";"0";"0";"0";"0";"0";;"NO";"NO";"0";"0";"7";"0";"0";"0";"0";"0";"0";"0";"0";"0";"0";"0";"0";"Líquido";"0"
"14";"Productos fertilizantes: abonos inorgánicos";"2204";"Simple";"NITROGENADO";"Nitrames N(S) 26(5) con Zinc";"FERTIBERIA";"Nitrames N(S) 26(5) con Zinc de FERTIBERIA";"26";"0";"6.1";"7.8";"12.1";"0";"0";"0";"0";"0";"0";"0";;"NO";"NO";"0";"0";"5";"0";"0";"0";"0";"0.05";"0";"0";"0";"0";"0";"0";"0";"Líquido";"0"
"14";"Productos fertilizantes: abonos inorgánicos";"2205";"Complejo";"TERNARIO NPK";"Agroliq 6-9-11";"FERTIBERIA";"Agroliq 6-9-11 de FERTIBERIA";"6";"0";"0";"3.2";"2.8";"9";"9";"9";"3.924";"11";"11";"9.13";;"NO";"NO";"0";"0";"0";"0";"0";"0";"0";"0";"0";"0";"0";"0";"0";"0";"0";"Líquido";"0"
"14";"Productos fertilizantes: abonos inorgánicos";"2206";"Complejo";"TERNARIO NPK";"Agroliq 5-10-10";"FERTIBERIA";"Agroliq 5-10-10 de FERTIBERIA";"5";"0";"0";"3.5";"1.5";"10";"10";"10";"4.36";"10";"10";"8.3";;"NO";"NO";"0";"0";"0";"0";"0";"0";"0";"0";"0";"0";"0";"0";"0";"0";"0";"Líquido";"0"
"14";"Productos fertilizantes: abonos inorgánicos";"2207";"Complejo";"TERNARIO NPK";"Agroliq 5-8-10";"FERTIBERIA";"Agroliq 5-8-10 de FERTIBERIA";"5";"0";"0";"2.8";"2.2";"8";"8";"8";"3.488";"10";"10";"8.3";;"NO";"NO";"0";"0";"0";"0";"0";"0";"0";"0";"0";"0";"0";"0";"0";"0";"0";"Líquido";"0"
"14";"Productos fertilizantes: abonos inorgánicos";"2208";"Complejo";"TERNARIO NPK";"Agroliq 18-6-6";"FERTIBERIA";"Agroliq 18-6-6 de FERTIBERIA";"18";"0";"0";"2.1";"15.9";"6";"6";"6";"2.616";"6";"6";"4.98";;"NO";"NO";"0";"0";"0";"0";"0";"0";"0";"0";"0";"0";"0";"0";"0";"0";"0";"Líquido";"0"
"14";"Productos fertilizantes: abonos inorgánicos";"2209";"Complejo";"TERNARIO NPK";"Agroliq 17-5-5";"FERTIBERIA";"Agroliq 17-5-5 de FERTIBERIA";"17";"0";"0";"1.3";"15.7";"5";"5";"5";"2.18";"5";"5";"4.15";;"NO";"NO";"0";"0";"0";"0";"0";"0";"0";"0";"0";"0";"0";"0";"0";"0";"0";"Líquido";"0"
"14";"Productos fertilizantes: abonos inorgánicos";"2210";"Complejo";"TERNARIO NPK";"Agroliq 6-16-6";"FERTIBERIA";"Agroliq 6-16-6 de FERTIBERIA";"6";"0";"0";"5.5";"0.5";"16";"16";"16";"6.976";"6";"6";"4.98";;"NO";"NO";"0";"0";"0";"0";"0";"0";"0";"0";"0";"0";"0";"0";"0";"0";"0";"Líquido";"0"
"14";"Productos fertilizantes: abonos inorgánicos";"2211";"Complejo";"TERNARIO NPK";"Agroliq 17-5-5 (3)";"FERTIBERIA";"Agroliq 17-5-5 (3) de FERTIBERIA";"17";"0";"0";"2";"15";"5";"5";"5";"2.18";"5";"5";"4.15";;"NO";"NO";"0";"0";"3";"0";"0";"0";"0";"0";"0";"0";"0";"0";"0";"0";"0";"Líquido";"0"
"14";"Productos fertilizantes: abonos inorgánicos";"2212";"Complejo";"TERNARIO NPK";"Agroliq 8-4-10";"FERTIBERIA";"Agroliq 8-4-10 de FERTIBERIA";"8";"0";"0";"1.5";"6.5";"4";"4";"4";"1.744";"10";"10";"8.3";;"NO";"NO";"0";"0";"0";"0";"0";"0";"0";"0";"0";"0";"0";"0";"0";"0";"0";"Líquido";"0"
"14";"Productos fertilizantes: abonos inorgánicos";"2213";"Complejo";"TERNARIO NPK";"Maxiliq 7-7-14";"FERTIBERIA";"Maxiliq 7-7-14 de FERTIBERIA";"7";"0";"0";"1.7";"5.3";"7";"7";"7";"3.052";"14";"14";"11.62";;"NO";"NO";"0";"0";"0";"0";"0";"0";"0";"0";"0";"0";"0";"0";"0";"0";"0";"Líquido";"0"
"14";"Productos fertilizantes: abonos inorgánicos";"2214";"Complejo";"TERNARIO NPK";"Maxiliq 6-6-12";"FERTIBERIA";"Maxiliq 6-6-12 de FERTIBERIA";"6";"0";"0";"1.4";"4.6";"6";"6";"6";"2.616";"12";"12";"9.96";;"NO";"NO";"0";"0";"0";"0";"0";"0";"0";"0";"0";"0";"0";"0";"0";"0";"0";"Líquido";"0"
"14";"Productos fertilizantes: abonos inorgánicos";"2215";"Complejo";"TERNARIO NPK";"Maxiliq 3-7-22";"FERTIBERIA";"Maxiliq 3-7-22 de FERTIBERIA";"3";"0";"0";"1.7";"1.3";"7";"7";"7";"3.052";"22";"22";"18.26";;"NO";"NO";"0";"0";"0";"0";"0";"0";"0";"0";"0";"0";"0";"0";"0";"0";"0";"Líquido";"0"
"14";"Productos fertilizantes: abonos inorgánicos";"2216";"Complejo";"TERNARIO NPK";"Maxiliq 3-4-18";"FERTIBERIA";"Maxiliq 3-4-18 de FERTIBERIA";"3";"0";"0";"1";"2";"4";"4";"4";"1.744";"18";"18";"14.94";;"NO";"NO";"0";"0";"0";"0";"0";"0";"0";"0";"0";"0";"0";"0";"0";"0";"0";"Líquido";"0"
"14";"Productos fertilizantes: abonos inorgánicos";"2217";"Complejo";"TERNARIO NPK";"Maxiliq 3-5-20";"FERTIBERIA";"Maxiliq 3-5-20 de FERTIBERIA";"3";"0";"0";"1.2";"1.8";"5";"5";"5";"2.18";"20";"20";"16.6";;"NO";"NO";"0";"0";"0";"0";"0";"0";"0";"0";"0";"0";"0";"0";"0";"0";"0";"Líquido";"0"
"14";"Productos fertilizantes: abonos inorgánicos";"2218";"Complejo";"TERNARIO NPK";"Maxiliq 5-10-20";"FERTIBERIA";"Maxiliq 5-10-20 de FERTIBERIA";"5";"0";"0";"2.4";"2.6";"10";"10";"10";"4.36";"20";"20";"16.6";;"NO";"NO";"0";"0";"0";"0";"0";"0";"0";"0";"0";"0";"0";"0";"0";"0";"0";"Líquido";"0"
"14";"Productos fertilizantes: abonos inorgánicos";"2219";"Complejo";"TERNARIO NPK";"Acilq NPK 8-4-10";"FERTIBERIA";"Acilq NPK 8-4-10 de FERTIBERIA";"8";"0";"0.5";"0.5";"7";"4";"4";"4";"1.744";"10";"10";"8.3";;"NO";"NO";"0";"0";"0";"0";"0";"0";"0";"0";"0";"0";"0";"0";"0";"0";"0";"Líquido";"0"
"14";"Productos fertilizantes: abonos inorgánicos";"2220";"Complejo";"TERNARIO NPK";"Acilq NPK 8-2-10";"FERTIBERIA";"Acilq NPK 8-2-10 de FERTIBERIA";"10";"0";"2";"2";"6";"2";"2";"2";"0.872";"10";"10";"8.3";;"NO";"NO";"0";"0";"0";"0";"0";"0";"0";"0";"0";"0";"0";"0";"0";"0";"0";"Líquido";"0"
"14";"Productos fertilizantes: abonos inorgánicos";"2221";"Complejo";"TERNARIO NPK";"Acilq NPK 4-16-5";"FERTIBERIA";"Acilq NPK 4-16-5 de FERTIBERIA";"4";"0";"0";"4";"0";"16";"16";"16";"6.976";"5";"5";"4.15";;"NO";"NO";"0";"0";"0";"0";"0";"0";"0";"0";"0";"0";"0";"0";"0";"0";"0";"Líquido";"0"
"14";"Productos fertilizantes: abonos inorgánicos";"2222";"Complejo";"TERNARIO NPK";"Acilq NPK 2-2-12";"FERTIBERIA";"Acilq NPK 2-2-12 de FERTIBERIA";"2";"0";"0.5";"0.5";"1";"2";"2";"2";"0.872";"12";"12";"9.96";;"NO";"NO";"0";"0";"0";"0";"0";"0";"0";"0";"0";"0";"0";"0";"0";"0";"0";"Líquido";"0"
"14";"Productos fertilizantes: abonos inorgánicos";"2223";"Complejo";"TERNARIO NPK";"Acilq NPK (S) 3-1-10 (3) PC";"FERTIBERIA";"Acilq NPK (S) 3-1-10 (3) PC de FERTIBERIA";"3";"0";"1.4";"0";"1.6";"1";"1";"1";"0.436";"10";"10";"8.3";;"NO";"NO";"0";"0";"3";"0";"0";"0";"0";"0";"0";"0";"0";"0";"0";"0";"0";"Líquido";"0"
"14";"Productos fertilizantes: abonos inorgánicos";"2224";"Complejo";"TERNARIO NPK";"Acilq NPK 12-4-6";"FERTIBERIA";"Acilq NPK 12-4-6 de FERTIBERIA";"12";"0";"1";"1";"10";"4";"4";"4";"1.744";"6";"6";"4.98";;"NO";"NO";"0";"0";"0";"0";"0";"0";"0";"0";"0";"0";"0";"0";"0";"0";"0";"Líquido";"0"
"14";"Productos fertilizantes: abonos inorgánicos";"2225";"Complejo";"TERNARIO NPK";"Acilq NPK (Mg) 8-4-10 (1)";"FERTIBERIA";"Acilq NPK (Mg) 8-4-10 (1) de FERTIBERIA";"8";"0";"0.7";"0";"7.3";"4";"4";"4";"1.744";"10";"10";"8.3";;"NO";"NO";"0";"1";"0";"0";"0";"0";"0";"0";"0";"0";"0";"0";"0";"0";"0";"Líquido";"0"
"14";"Productos fertilizantes: abonos inorgánicos";"2226";"Complejo";"TERNARIO NPK";"Acilq NPK (Mg) 2-4-12 (1)";"FERTIBERIA";"Acilq NPK (Mg) 2-4-12 (1) de FERTIBERIA";"2";"0";"0.7";"0";"1.3";"4";"4";"4";"1.744";"12";"12";"9.96";;"NO";"NO";"0";"1";"0";"0";"0";"0";"0";"0";"0";"0";"0";"0";"0";"0";"0";"Líquido";"0"
"14";"Productos fertilizantes: abonos inorgánicos";"2227";"Complejo";"BINARIO NK";"Acilq NPK (S) 1,3-0-10 (7) PC";"FERTIBERIA";"Acilq NPK (S) 1,3-0-10 (7) PC de FERTIBERIA";"1.3";"0";"1.3";"0";"0";"0";"0";"0";"0";"10";"10";"8.3";;"NO";"NO";"0";"0";"7";"0";"0";"0";"0";"0";"0";"0";"0";"0";"0";"0";"0";"Líquido";"0"
"14";"Productos fertilizantes: abonos inorgánicos";"2228";"Simple";"POTÁSICO";"Acilq NPK 0-0-15";"FERTIBERIA";"Acilq NPK 0-0-15 de FERTIBERIA";"0";"0";"0";"0";"0";"0";"0";"0";"0";"15";"15";"12.45";;"NO";"NO";"0";"0";"0";"0";"0";"0";"0";"0";"0";"0";"0";"0";"0";"0";"0";"Líquido";"0"
"14";"Productos fertilizantes: abonos inorgánicos";"2229";"Simple";"POTÁSICO";"Acilq NPK 0-0-14";"FERTIBERIA";"Acilq NPK 0-0-14 de FERTIBERIA";"0";"0";"0";"0";"0";"0";"0";"0";"0";"14";"14";"11.62";;"NO";"NO";"0";"0";"0";"0";"0";"0";"0";"0";"0";"0";"0";"0";"0";"0";"0";"Líquido";"0"
"14";"Productos fertilizantes: abonos inorgánicos";"2230";"Complejo";"TERNARIO NPK";"Acilq NPK (S) 6-11-5 (3)";"FERTIBERIA";"Acilq NPK (S) 6-11-5 (3) de FERTIBERIA";"6";"0";"0";"4";"2";"11";"11";"11";"4.796";"5";"5";"4.15";;"NO";"NO";"0";"0";"3";"0";"0";"0";"0";"0";"0";"0";"0";"0";"0";"0";"0";"Líquido";"0"
"11";"Productos fertilizantes bioestimulantes";"2231";"Complejo";"OTROS";"Neoforce N-Fixer";"FERTIBERIA";"Neoforce N-Fixer de FERTIBERIA";"0";"0";"0";"0";"0";"0";"0";"0";"0";"0";"0";"0";;"NO";"NO";"0";"0";"0";"0";"0";"0";"0";"0";"0";"0";"0";"0";"0";"0";"0";"Líquido";"0"
"11";"Productos fertilizantes bioestimulantes";"2232";"Complejo";"OTROS";"Neoforce Improver";"FERTIBERIA";"Neoforce Improver de FERTIBERIA";"0";"0";"0";"0";"0";"0";"0";"0";"0";"0";"0";"0";;"NO";"NO";"0";"0";"0";"0";"0";"0";"0";"0";"0";"0";"0";"0";"0";"0";"0";"Líquido";"0"
"11";"Productos fertilizantes bioestimulantes";"2233";"Complejo";"OTROS";"Neoforce Recover";"FERTIBERIA";"Neoforce Recover de FERTIBERIA";"0";"0";"0";"0";"0";"0";"0";"0";"0";"0";"0";"0";;"NO";"NO";"0";"0";"0";"0";"0";"0";"0";"0";"0";"0";"0";"0";"0";"0";"0";"Sólido";"0"
"15";"Productos fertilizantes: abonos orgánicos";"2234";"Complejo";"TERNARIO NPK";"GreenPure 20";"FERTIBERIA";"GreenPure 20 de FERTIBERIA";"3.1";"3.1";"0";"0";"0";"3.601";"3.6";"3.6";"1.57";"4";"4";"3.32";;"NO";"NO";"0";"0";"0";"0";"0";"0";"0";"0";"0";"0";"0";"0";"0";"0";"0";"Sólido";"24.1"
"15";"Productos fertilizantes: abonos orgánicos";"2235";"Complejo";"TERNARIO NPK";"GreenFrass";"FERTIBERIA";"GreenFrass de FERTIBERIA";"5.7";"5.7";"0";"0";"0";"5.3";"5.3";"5.3";"2.311";"3.4";"3.4";"2.822";;"NO";"NO";"0";"0";"0";"0";"0";"0";"0";"0";"0";"0";"0";"0";"0";"0";"0";"Sólido";"50.5"
"14";"Productos fertilizantes: abonos inorgánicos";"2236";"Complejo";"TERNARIO NPK";"BASFOLIAR ADVANCE K";"COMPO EXPERT";"BASFOLIAR ADVANCE K de COMPO EXPERT";"10.1";"0";"3.3";"1";"5.8";"5";"5";"5";"2.18";"27";"27";"22.41";;"NO";"NO";"0";"3";"20";"0";"0";"0";"0";"0";"0";"0";"2";"0";"0";"0";"0";"Sólido";"0"
"14";"Productos fertilizantes: abonos inorgánicos";"2237";"Complejo";"TERNARIO NPK";"BASFOLIAR ADVANCE N";"COMPO EXPERT";"BASFOLIAR ADVANCE N de COMPO EXPERT";"30.1";"0";"3";"1.1";"26";"5";"5";"5";"2.18";"10";"10";"8.3";;"NO";"NO";"0";"3.6";"7.2";"0";"0";"0";"0";"0.42";"0";"0";"0";"0";"0.315";"0";"0";"Sólido";"0"
"11";"Productos fertilizantes bioestimulantes";"2238";"Simple";"NITROGENADO";"BASFOLIAR ENERGY";"COMPO EXPERT";"BASFOLIAR ENERGY de COMPO EXPERT";"6";"5.5";"0";"0.5";"0";"0";"0";"0";"0";"0";"0";"0";;"NO";"NO";"0";"0";"0";"0";"0";"0";"0";"0";"0";"0";"0";"0";"0";"0";"0";"Líquido";"23"
"14";"Productos fertilizantes: abonos inorgánicos";"2239";"Complejo";"BINARIO PK";"BASFOLIAR K PREMIUM";"COMPO EXPERT";"BASFOLIAR K PREMIUM de COMPO EXPERT";"0";"0";"0";"0";"0";"1.601";"1.6";"1.6";"0.698";"18.5";"18.5";"15.355";;"NO";"NO";"0";"0";"0";"0";"0";"0";"0";"0";"0";"0";"0.79";"0";"0";"0";"0";"Líquido";"18"
"11";"Productos fertilizantes bioestimulantes";"2240";"Simple";"TERNARIO NPK";"BASFOLIAR MATURE";"COMPO EXPERT";"BASFOLIAR MATURE de COMPO EXPERT";"1.1";"1.1";"0";"0";"0";"9";"9";"9";"3.924";"8.4";"8.4";"6.972";;"NO";"NO";"0";"0";"0";"0";"0";"0";"0";"0";"0";"0";"0.43";"0";"0";"0.85";"0";"Líquido";"0"
"14";"Productos fertilizantes: abonos inorgánicos";"2241";"Complejo";"OTROS";"BASFOLIAR MNZN PREMIUM SL";"COMPO EXPERT";"BASFOLIAR MNZN PREMIUM SL de COMPO EXPERT";"0";"0";"0";"0";"0";"0";"0";"0";"0";"0";"0";"0";;"NO";"NO";"0";"0";"0";"0";"0";"0";"0";"3.2";"0";"0";"0";"0";"5.4";"0.08";"0";"Líquido";"0"
"14";"Productos fertilizantes: abonos inorgánicos";"2242";"Complejo";"OTROS";"BASFOLIAR ZN PREMIUM";"COMPO EXPERT";"BASFOLIAR ZN PREMIUM de COMPO EXPERT";"0";"0";"0";"0";"0";"0";"0";"0";"0";"0";"0";"0";;"NO";"NO";"0";"0";"0";"0";"0";"0";"0";"8";"0";"0";"0";"0";"0.8";"0.22";"0";"Líquido";"0"
"11";"Productos fertilizantes bioestimulantes";"2243";"Simple";"OTROS";"MAGNA AKTIV";"COMPO EXPERT";"MAGNA AKTIV de COMPO EXPERT";"0";"0";"0";"0";"0";"0";"0";"0";"0";"0";"0";"0";;"NO";"NO";"0";"15";"30";"0";"0";"0";"0";"1";"0";"0";"0";"0";"0";"0";"0";"Sólido";"0"
"14";"Productos fertilizantes: abonos inorgánicos";"2244";"Complejo";"TERNARIO NPK";"MAGNA BALANCE";"COMPO EXPERT";"MAGNA BALANCE de COMPO EXPERT";"14";"0";"2.6";"11.4";"0";"14";"14";"14";"6.104";"14";"14";"11.62";;"NO";"NO";"0";"1";"31";"0";"0.02";"0";"0";"0.02";"0";"0";"0";"0";"0.05";"0.001";"0.05";"Sólido";"0"
"14";"Productos fertilizantes: abonos inorgánicos";"2245";"Complejo";"TERNARIO NPK";"MAGNA FRUIT";"COMPO EXPERT";"MAGNA FRUIT de COMPO EXPERT";"11";"0";"3.2";"7.8";"0";"3";"3";"3";"1.308";"25";"25";"20.75";;"NO";"NO";"0";"2";"37.5";"0";"0.02";"0";"0";"0.02";"0";"0";"0";"0";"0.05";"0.001";"0.05";"Sólido";"0"
"14";"Productos fertilizantes: abonos inorgánicos";"2246";"Complejo";"TERNARIO NPK";"MAGNA INITIAL";"COMPO EXPERT";"MAGNA INITIAL de COMPO EXPERT";"16";"0";"0";"16";"0";"3";"3";"3";"1.308";"7";"7";"5.81";;"NO";"NO";"0";"2";"54";"0";"0.02";"0";"0";"0.02";"0";"0";"0";"0";"0.05";"0.001";"0.05";"Sólido";"0"
"14";"Productos fertilizantes: abonos inorgánicos";"2247";"Complejo";"TERNARIO NPK";"MAGNA RHIZO";"COMPO EXPERT";"MAGNA RHIZO de COMPO EXPERT";"10";"0";"0";"10";"0";"30";"30";"30";"13.08";"10";"10";"8.3";;"NO";"NO";"0";"2";"25";"0";"0.02";"0";"0";"0.02";"0";"0";"0";"0";"0.05";"0.001";"0.05";"Sólido";"0"
"14";"Productos fertilizantes: abonos inorgánicos";"2248";"Complejo";"TERNARIO NPK";"MAGNA TOP N";"COMPO EXPERT";"MAGNA TOP N de COMPO EXPERT";"22";"0";"8";"14";"0";"6";"6";"5";"2.616";"6";"6";"4.98";;"NO";"NO";"0";"0";"10";"0";"0";"0";"0";"0";"0";"0";"0";"0";"0";"0";"0";"Sólido";"0"
"14";"Productos fertilizantes: abonos inorgánicos";"2249";"Complejo";"TERNARIO NPK";"MAGNA TOP NK";"COMPO EXPERT";"MAGNA TOP NK de COMPO EXPERT";"18";"0";"7.5";"10.5";"0";"5";"5";"4";"2.18";"10";"10";"8.3";;"NO";"NO";"0";"3";"22";"0";"0";"0";"0";"0.01";"0";"0";"0.02";"0";"0";"0";"0.1";"Sólido";"0"
"14";"Productos fertilizantes: abonos inorgánicos";"2250";"Complejo";"TERNARIO NPK";"MAGNA TOP NPK";"COMPO EXPERT";"MAGNA TOP NPK de COMPO EXPERT";"12";"0";"2";"10";"0";"12";"10";"12";"5.232";"12";"12";"9.96";;"NO";"NO";"0";"2";"20";"0";"0";"0";"0";"0";"0";"0";"0";"0";"0";"0";"0";"Sólido";"0"
