"Código de provincia";"Código de municipio";"Descripción";"Comarca agraria"
"01";"001";"ALEGRÍA-DULANTZI";"LLANADA ALAVESA"
"01";"002";"AMURRIO";"CANTABRICA"
"01";"003";"ARAMAIO";"ESTRIBACIONES GORBEA"
"01";"004";"ARTZINIEGA";"CANTABRICA"
"01";"006";"ARMIÑON";"VALLES ALAVESES"
"01";"008";"ARRAZUA-UBARRUNDIA";"LLANADA ALAVESA"
"01";"009";"ASPARRENA";"LLANADA ALAVESA"
"01";"010";"AYALA/AIARA";"CANTABRICA"
"01";"011";"BAÑOS DE EBRO/MAÑUETA";"RIOJA ALAVESA"
"01";"013";"BARRUNDIA";"LLANADA ALAVESA"
"01";"014";"BERANTEVILLA";"VALLES ALAVESES"
"01";"016";"BERNEDO";"MONTAÑA ALAVESA"
"01";"017";"CAMPEZO/KANPEZU";"MONTAÑA ALAVESA"
"01";"018";"ZIGOITIA";"ESTRIBACIONES GORBEA"
"01";"019";"KRIPAN";"RIOJA ALAVESA"
"01";"020";"KUARTANGO";"VALLES ALAVESES"
"01";"021";"ELBURGO/BURGELU";"LLANADA ALAVESA"
"01";"022";"ELCIEGO";"RIOJA ALAVESA"
"01";"023";"ELVILLAR/BILAR";"RIOJA ALAVESA"
"01";"026";"IRUÑA OKA/IRUÑA DE OCA";"LLANADA ALAVESA"
"01";"027";"IRURAIZ-GAUNA";"LLANADA ALAVESA"
"01";"028";"LABASTIDA";"RIOJA ALAVESA"
"01";"030";"LAGRÁN";"MONTAÑA ALAVESA"
"01";"031";"LAGUARDIA";"RIOJA ALAVESA"
"01";"032";"LANCIEGO/LANTZIEGO";"RIOJA ALAVESA"
"01";"033";"LAPUEBLA DE LABARCA";"RIOJA ALAVESA"
"01";"034";"LEZA";"RIOJA ALAVESA"
"01";"035";"LANTARÓN";"VALLES ALAVESES"
"01";"036";"LLODIO";"CANTABRICA"
"01";"037";"ARRAIA-MAEZTU";"MONTAÑA ALAVESA"
"01";"039";"MOREDA DE ÁLAVA";"RIOJA ALAVESA"
"01";"041";"NAVARIDAS";"RIOJA ALAVESA"
"01";"042";"OKONDO";"CANTABRICA"
"01";"043";"OYÓN-OION";"RIOJA ALAVESA"
"01";"044";"PEÑACERRADA-URIZAHARRA";"MONTAÑA ALAVESA"
"01";"046";"RIBERA ALTA";"VALLES ALAVESES"
"01";"047";"RIBERA BAJA/ERRIBERA BEITIA";"VALLES ALAVESES"
"01";"049";"AÑANA";"VALLES ALAVESES"
"01";"051";"SALVATIERRA/AGURAIN";"LLANADA ALAVESA"
"01";"052";"SAMANIEGO";"RIOJA ALAVESA"
"01";"053";"SAN MILLÁN/DONEMILIAGA";"LLANADA ALAVESA"
"01";"054";"URKABUSTAIZ";"ESTRIBACIONES GORBEA"
"01";"055";"VALDEGOVÍA";"VALLES ALAVESES"
"01";"056";"HARANA/VALLE DE ARANA";"MONTAÑA ALAVESA"
"01";"057";"VILLABUENA DE ÁLAVA/ESKUERNAGA";"RIOJA ALAVESA"
"01";"058";"LEGUTIANO";"ESTRIBACIONES GORBEA"
"01";"059";"VITORIA-GASTEIZ";"LLANADA ALAVESA"
"01";"060";"YÉCORA/IEKORA";"RIOJA ALAVESA"
"01";"061";"ZALDUONDO";"LLANADA ALAVESA"
"01";"062";"ZAMBRANA";"VALLES ALAVESES"
"01";"063";"ZUIA";"ESTRIBACIONES GORBEA"
"01";"064";"COMUNIDAD DE LAÑO PIPAON Y PEÑACERRADA";
"01";"065";"PARZONERIA DE ENTZIA";
"02";"001";"ABENGIBRE";"MANCHUELA"
"02";"002";"ALATOZ";"MANCHUELA"
"02";"004";"ALBATANA";"HELLIN"
"02";"005";"ALBOREA";"MANCHUELA"
"02";"006";"ALCADOZO";"CENTRO"
"02";"007";"ALCALA DEL JUCAR";"MANCHUELA"
"02";"008";"ALCARAZ";"SIERRA ALCARAZ"
"02";"009";"ALMANSA";"ALMANSA"
"02";"010";"ALPERA";"ALMANSA"
"02";"011";"AYNA";"SIERRA SEGURA"
"02";"012";"BALAZOTE";"CENTRO"
"02";"013";"BALSA DE VES";"MANCHUELA"
"02";"014";"BALLESTERO (EL)";"SIERRA ALCARAZ"
"02";"015";"BARRAX";"CENTRO"
"02";"016";"BIENSERVIDA";"SIERRA ALCARAZ"
"02";"017";"BOGARRA";"SIERRA SEGURA"
"02";"018";"BONETE";"ALMANSA"
"02";"019";"BONILLO (EL)";"MANCHA"
"02";"020";"CARCELEN";"MANCHUELA"
"02";"021";"CASAS DE JUAN NUÑEZ";"CENTRO"
"02";"022";"CASAS DE LAZARO";"SIERRA ALCARAZ"
"02";"023";"CASAS DE VES";"MANCHUELA"
"02";"024";"CASAS-IBAÑEZ";"MANCHUELA"
"02";"025";"CAUDETE";"ALMANSA"
"02";"026";"CENIZATE";"MANCHUELA"
"02";"027";"CORRAL-RUBIO";"CENTRO"
"02";"028";"COTILLAS";"SIERRA ALCARAZ"
"02";"029";"CHINCHILLA DE MONTE-ARAGON";"CENTRO"
"02";"030";"ELCHE DE LA SIERRA";"SIERRA SEGURA"
"02";"031";"FEREZ";"SIERRA SEGURA"
"02";"032";"FUENSANTA";"MANCHA"
"02";"033";"FUENTE-ALAMO";"ALMANSA"
"02";"034";"FUENTEALBILLA";"MANCHUELA"
"02";"035";"GINETA (LA)";"CENTRO"
"02";"036";"GOLOSALVO";"MANCHUELA"
"02";"037";"HELLIN";"HELLIN"
"02";"038";"HERRERA (LA)";"CENTRO"
"02";"039";"HIGUERUELA";"CENTRO"
"02";"040";"HOYA-GONZALO";"CENTRO"
"02";"041";"JORQUERA";"MANCHUELA"
"02";"042";"LETUR";"SIERRA SEGURA"
"02";"043";"LEZUZA";"MANCHA"
"02";"044";"LIETOR";"HELLIN"
"02";"045";"MADRIGUERAS";"MANCHUELA"
"02";"046";"MAHORA";"MANCHUELA"
"02";"047";"MASEGOSO";"SIERRA ALCARAZ"
"02";"048";"MINAYA";"MANCHA"
"02";"049";"MOLINICOS";"SIERRA SEGURA"
"02";"050";"MONTALVOS";"CENTRO"
"02";"051";"MONTEALEGRE DEL CASTILLO";"ALMANSA"
"02";"052";"MOTILLEJA";"MANCHUELA"
"02";"053";"MUNERA";"MANCHA"
"02";"054";"NAVAS DE JORQUERA";"MANCHUELA"
"02";"055";"NERPIO";"SIERRA SEGURA"
"02";"056";"ONTUR";"HELLIN"
"02";"057";"OSSA DE MONTIEL";"MANCHA"
"02";"058";"PATERNA DEL MADERA";"SIERRA ALCARAZ"
"02";"059";"PEÑASCOSA";"SIERRA ALCARAZ"
"02";"060";"PEÑAS DE SAN PEDRO";"CENTRO"
"02";"061";"PETROLA";"CENTRO"
"02";"062";"POVEDILLA";"SIERRA ALCARAZ"
"02";"063";"POZOHONDO";"CENTRO"
"02";"064";"POZO-LORENTE";"MANCHUELA"
"02";"065";"POZUELO";"CENTRO"
"02";"066";"RECUEJA (LA)";"MANCHUELA"
"02";"067";"RIOPAR";"SIERRA ALCARAZ"
"02";"068";"ROBLEDO";"SIERRA ALCARAZ"
"02";"069";"RODA (LA)";"MANCHA"
"02";"070";"SALOBRE";"SIERRA ALCARAZ"
"02";"071";"SAN PEDRO";"SIERRA ALCARAZ"
"02";"072";"SOCOVOS";"SIERRA SEGURA"
"02";"073";"TARAZONA DE LA MANCHA";"MANCHA"
"02";"074";"TOBARRA";"HELLIN"
"02";"075";"VALDEGANGA";"MANCHUELA"
"02";"076";"VIANOS";"SIERRA ALCARAZ"
"02";"077";"VILLA DE VES";"MANCHUELA"
"02";"078";"VILLALGORDO DEL JUCAR";"MANCHA"
"02";"079";"VILLAMALEA";"MANCHUELA"
"02";"080";"VILLAPALACIOS";"SIERRA ALCARAZ"
"02";"081";"VILLARROBLEDO";"MANCHA"
"02";"082";"VILLATOYA";"MANCHUELA"
"02";"083";"VILLAVALIENTE";"MANCHUELA"
"02";"084";"VILLAVERDE DE GUADALIMAR";"SIERRA ALCARAZ"
"02";"085";"VIVEROS";"SIERRA ALCARAZ"
"02";"086";"YESTE";"SIERRA SEGURA"
"02";"087";"POZO CAÑADA";"CENTRO"
"02";"900";"ALBACETE";"CENTRO"
"02";"901";"ALBACETE(Código Antiguo)";"CENTRO"
"03";"001";"ADSUBIA";"MARQUESADO"
"03";"002";"AGOST";"VINALOPO"
"03";"003";"AGRES";"MONTAÑA"
"03";"004";"AIGÜES";"CENTRAL"
"03";"005";"ALBATERA";"MERIDIONAL"
"03";"006";"ALCALALI";"MARQUESADO"
"03";"007";"ALCOCER DE PLANES";"MONTAÑA"
"03";"008";"ALCOLEJA";"MONTAÑA"
"03";"009";"ALCOY/ALCOI";"MONTAÑA"
"03";"010";"ALFAFARA";"MONTAÑA"
"03";"011";"ALFAS DEL PI (L')";"CENTRAL"
"03";"012";"ALGORFA";"MERIDIONAL"
"03";"013";"ALGUEÑA";"VINALOPO"
"03";"015";"ALMORADI";"MERIDIONAL"
"03";"016";"ALMUDAINA";"MONTAÑA"
"03";"017";"ALQUERIA D'ASNAR (L')";"MONTAÑA"
"03";"018";"ALTEA";"CENTRAL"
"03";"019";"ASPE";"VINALOPO"
"03";"020";"BALONES";"MONTAÑA"
"03";"021";"BANYERES DE MARIOLA";"VINALOPO"
"03";"022";"BENASAU";"MONTAÑA"
"03";"023";"BENEIXAMA";"VINALOPO"
"03";"024";"BENEJUZAR";"MERIDIONAL"
"03";"025";"BENFERRI";"MERIDIONAL"
"03";"026";"BENIARBEIG";"MARQUESADO"
"03";"027";"BENIARDA";"MONTAÑA"
"03";"028";"BENIARRES";"MONTAÑA"
"03";"029";"BENIGEMBLA";"MARQUESADO"
"03";"030";"BENIDOLEIG";"MARQUESADO"
"03";"031";"BENIDORM";"CENTRAL"
"03";"032";"BENIFALLIM";"MONTAÑA"
"03";"033";"BENIFATO";"MONTAÑA"
"03";"034";"BENIJOFAR";"MERIDIONAL"
"03";"035";"BENILLOBA";"MONTAÑA"
"03";"036";"BENILLUP";"MONTAÑA"
"03";"037";"BENIMANTELL";"MONTAÑA"
"03";"038";"BENIMARFULL";"MONTAÑA"
"03";"039";"BENIMASSOT";"MONTAÑA"
"03";"040";"BENIMELI";"MARQUESADO"
"03";"041";"BENISSA";"MARQUESADO"
"03";"042";"BENITACHELL/POBLE NOU DE BENITATXELL (EL)";"MARQUESADO"
"03";"043";"BIAR";"VINALOPO"
"03";"044";"BIGASTRO";"MERIDIONAL"
"03";"045";"BOLULLA";"CENTRAL"
"03";"046";"BUSOT";"CENTRAL"
"03";"047";"CALP";"MARQUESADO"
"03";"048";"CALLOSA D'EN SARRIA";"CENTRAL"
"03";"049";"CALLOSA DE SEGURA";"MERIDIONAL"
"03";"050";"CAMPELLO (EL)";"CENTRAL"
"03";"051";"CAMPO DE MIRRA/CAMP DE MIRRA (EL)";"VINALOPO"
"03";"052";"CAÑADA";"VINALOPO"
"03";"053";"CASTALLA";"VINALOPO"
"03";"054";"CASTELL DE CASTELLS";"MONTAÑA"
"03";"055";"CATRAL";"MERIDIONAL"
"03";"056";"COCENTAINA";"MONTAÑA"
"03";"057";"CONFRIDES";"MONTAÑA"
"03";"058";"COX";"MERIDIONAL"
"03";"059";"CREVILLENT";"MERIDIONAL"
"03";"060";"QUATRETONDETA";"MONTAÑA"
"03";"061";"DAYA NUEVA";"MERIDIONAL"
"03";"062";"DAYA VIEJA";"MERIDIONAL"
"03";"063";"DENIA";"MARQUESADO"
"03";"064";"DOLORES";"MERIDIONAL"
"03";"065";"ELCHE/ELX";"MERIDIONAL"
"03";"066";"ELDA";"VINALOPO"
"03";"067";"FACHECA";"MONTAÑA"
"03";"068";"FAMORCA";"MONTAÑA"
"03";"069";"FINESTRAT";"CENTRAL"
"03";"070";"FORMENTERA DEL SEGURA";"MERIDIONAL"
"03";"071";"GATA DE GORGOS";"MARQUESADO"
"03";"072";"GAIANES";"MONTAÑA"
"03";"073";"GORGA";"MONTAÑA"
"03";"074";"GRANJA DE ROCAMORA";"MERIDIONAL"
"03";"075";"EL CASTELL DE GUADALEST";"MONTAÑA"
"03";"076";"GUARDAMAR DEL SEGURA";"MERIDIONAL"
"03";"077";"FONDÓ DE LES NEUS, EL/HONDÓN DE LAS NIEVES";"VINALOPO"
"03";"078";"HONDON DE LOS FRAILES";"VINALOPO"
"03";"079";"IBI";"VINALOPO"
"03";"080";"JACARILLA";"MERIDIONAL"
"03";"081";"XALO";"MARQUESADO"
"03";"082";"JAVEA/XABIA";"MARQUESADO"
"03";"083";"JIJONA/XIXONA";"CENTRAL"
"03";"084";"LORCHA/ORXA (L')";"MONTAÑA"
"03";"085";"LLIBER";"MARQUESADO"
"03";"086";"MILLENA";"MONTAÑA"
"03";"088";"MONFORTE DEL CID";"VINALOPO"
"03";"089";"MONOVAR/MONOVER";"VINALOPO"
"03";"090";"MUTXAMEL";"CENTRAL"
"03";"091";"MURLA";"MARQUESADO"
"03";"092";"MURO DE ALCOY";"MONTAÑA"
"03";"093";"NOVELDA";"VINALOPO"
"03";"094";"NUCIA (LA)";"CENTRAL"
"03";"095";"ONDARA";"MARQUESADO"
"03";"096";"ONIL";"VINALOPO"
"03";"097";"ORBA";"MARQUESADO"
"03";"098";"ORXETA";"CENTRAL"
"03";"099";"ORIHUELA";"MERIDIONAL"
"03";"100";"PARCENT";"MARQUESADO"
"03";"101";"PEDREGUER";"MARQUESADO"
"03";"102";"PEGO";"MARQUESADO"
"03";"103";"PENAGUILA";"MONTAÑA"
"03";"104";"PETRER";"VINALOPO"
"03";"105";"EL PINOS / PINOSO";"VINALOPO"
"03";"106";"PLANES";"MONTAÑA"
"03";"107";"POLOP";"CENTRAL"
"03";"109";"RAFAL";"MERIDIONAL"
"03";"110";"EL RAFOL D'ALMUNIA";"MARQUESADO"
"03";"111";"REDOVAN";"MERIDIONAL"
"03";"112";"RELLEU";"CENTRAL"
"03";"113";"ROJALES";"MERIDIONAL"
"03";"114";"ROMANA (LA)";"VINALOPO"
"03";"115";"SAGRA";"MARQUESADO"
"03";"116";"SALINAS";"VINALOPO"
"03";"117";"SANET Y NEGRALS";"MARQUESADO"
"03";"118";"SAN FULGENCIO";"MERIDIONAL"
"03";"119";"SANT JOAN D`ALACANT";"CENTRAL"
"03";"120";"SAN MIGUEL DE SALINAS";"MERIDIONAL"
"03";"121";"SANTA POLA";"MERIDIONAL"
"03";"122";"SAN VICENTE DEL RASPEIG/SANT VICENT DEL RASPEIG";"CENTRAL"
"03";"123";"SAX";"VINALOPO"
"03";"124";"SELLA";"CENTRAL"
"03";"125";"SENIJA";"MARQUESADO"
"03";"126";"POBLETS (ELS)";"MARQUESADO"
"03";"127";"TARBENA";"CENTRAL"
"03";"128";"TEULADA";"MARQUESADO"
"03";"129";"TIBI";"VINALOPO"
"03";"130";"TOLLOS";"MONTAÑA"
"03";"131";"TORMOS";"MARQUESADO"
"03";"132";"TORREMANZANAS/TORRE DE LES MAÇANES, LA";"MONTAÑA"
"03";"133";"TORREVIEJA";"MERIDIONAL"
"03";"134";"VALL D'ALCALA (LA)";"MONTAÑA"
"03";"135";"LA VALL D' EBO";"MARQUESADO"
"03";"136";"VALL DE GALLINERA";"MARQUESADO"
"03";"137";"VALL DE LAGUAR(LA)";"MARQUESADO"
"03";"138";"VERGER (EL)";"MARQUESADO"
"03";"139";"VILLAJOYOSA/VILA JOIOSA (LA)";"CENTRAL"
"03";"140";"VILLENA";"VINALOPO"
"03";"141";"MONTESINOS (LOS)";"MERIDIONAL"
"03";"142";"PILAR DE LA HORADADA";"MERIDIONAL"
"03";"143";"SAN ISIDRO";"MERIDIONAL"
"03";"900";"ALICANTE/ALACANT";"CENTRAL"
"04";"001";"Abla";"RIO NACIMIENTO"
"04";"002";"Abrucena";"RIO NACIMIENTO"
"04";"003";"Adra";"CAMPO DALIAS"
"04";"004";"Albanchez";"ALTO ALMAZORA"
"04";"005";"Alboloduy";"RIO NACIMIENTO"
"04";"006";"Albox";"ALTO ALMAZORA"
"04";"007";"Alcolea";"ALTO ANDARAX"
"04";"008";"Alcóntar";"ALTO ALMAZORA"
"04";"009";"Alcudia de Monteagudo";"CAMPO TABERNAS"
"04";"010";"Alhabia";"RIO NACIMIENTO"
"04";"011";"Alhama de Almería";"ALTO ANDARAX"
"04";"012";"Alicún";"ALTO ANDARAX"
"04";"014";"Almócita";"ALTO ANDARAX"
"04";"015";"Alsodux";"RIO NACIMIENTO"
"04";"016";"Antas";"BAJO ALMAZORA"
"04";"017";"Arboleas";"ALTO ALMAZORA"
"04";"018";"Armuña de Almanzora";"ALTO ALMAZORA"
"04";"019";"Bacares";"ALTO ALMAZORA"
"04";"020";"Bayárcal";"ALTO ANDARAX"
"04";"021";"Bayarque";"ALTO ALMAZORA"
"04";"022";"Bédar";"BAJO ALMAZORA"
"04";"023";"Beires";"ALTO ANDARAX"
"04";"024";"Benahadux";"CAMPO NIJAR Y BAJO ANDARAX"
"04";"026";"Benitagla";"CAMPO TABERNAS"
"04";"027";"Benizalón";"CAMPO TABERNAS"
"04";"028";"Bentarique";"ALTO ANDARAX"
"04";"029";"Berja";"CAMPO DALIAS"
"04";"030";"Canjáyar";"ALTO ANDARAX"
"04";"031";"Cantoria";"ALTO ALMAZORA"
"04";"032";"Carboneras";"CAMPO NIJAR Y BAJO ANDARAX"
"04";"033";"Castro de Filabres";"CAMPO TABERNAS"
"04";"034";"Cóbdar";"ALTO ALMAZORA"
"04";"035";"Cuevas del Almanzora";"BAJO ALMAZORA"
"04";"036";"Chercos";"ALTO ALMAZORA"
"04";"037";"Chirivel";"LOS VELEZ"
"04";"038";"Dalías";"CAMPO DALIAS"
"04";"040";"Tres Villas (Las)";"RIO NACIMIENTO"
"04";"041";"Enix";"CAMPO DALIAS"
"04";"043";"Felix";"CAMPO DALIAS"
"04";"044";"Fines";"ALTO ALMAZORA"
"04";"045";"Fiñana";"RIO NACIMIENTO"
"04";"046";"Fondón";"ALTO ANDARAX"
"04";"047";"Gádor";"CAMPO NIJAR Y BAJO ANDARAX"
"04";"048";"Gallardos (Los)";"BAJO ALMAZORA"
"04";"049";"Garrucha";"BAJO ALMAZORA"
"04";"050";"Gérgal";"RIO NACIMIENTO"
"04";"051";"Huécija";"ALTO ANDARAX"
"04";"052";"Huércal de Almería";"CAMPO NIJAR Y BAJO ANDARAX"
"04";"053";"Huércal-Overa";"BAJO ALMAZORA"
"04";"054";"Illar";"ALTO ANDARAX"
"04";"055";"Instinción";"ALTO ANDARAX"
"04";"056";"Laroya";"ALTO ALMAZORA"
"04";"057";"Laujar de Andarax";"ALTO ANDARAX"
"04";"058";"Líjar";"ALTO ALMAZORA"
"04";"059";"Lubrín";"CAMPO TABERNAS"
"04";"060";"Lucainena de las Torres";"CAMPO TABERNAS"
"04";"061";"Lúcar";"ALTO ALMAZORA"
"04";"062";"Macael";"ALTO ALMAZORA"
"04";"063";"María";"LOS VELEZ"
"04";"064";"Mojácar";"BAJO ALMAZORA"
"04";"065";"Nacimiento";"RIO NACIMIENTO"
"04";"066";"Níjar";"CAMPO NIJAR Y BAJO ANDARAX"
"04";"067";"Ohanes";"ALTO ANDARAX"
"04";"068";"Olula de Castro";"CAMPO TABERNAS"
"04";"069";"Olula del Río";"ALTO ALMAZORA"
"04";"070";"Oria";"ALTO ALMAZORA"
"04";"071";"Padules";"ALTO ANDARAX"
"04";"072";"Partaloa";"ALTO ALMAZORA"
"04";"073";"Paterna del Río";"ALTO ANDARAX"
"04";"074";"Pechina";"CAMPO NIJAR Y BAJO ANDARAX"
"04";"075";"Pulpí";"BAJO ALMAZORA"
"04";"076";"Purchena";"ALTO ALMAZORA"
"04";"077";"Rágol";"ALTO ANDARAX"
"04";"078";"Rioja";"CAMPO NIJAR Y BAJO ANDARAX"
"04";"079";"Roquetas de Mar";"CAMPO DALIAS"
"04";"080";"Santa Cruz de Marchena";"RIO NACIMIENTO"
"04";"081";"Santa Fe de Mondújar";"CAMPO NIJAR Y BAJO ANDARAX"
"04";"082";"Senés";"CAMPO TABERNAS"
"04";"083";"Serón";"ALTO ALMAZORA"
"04";"084";"Sierro";"ALTO ALMAZORA"
"04";"085";"Somontín";"ALTO ALMAZORA"
"04";"086";"Sorbas";"CAMPO TABERNAS"
"04";"087";"Suflí";"ALTO ALMAZORA"
"04";"088";"Tabernas";"CAMPO TABERNAS"
"04";"089";"Taberno";"ALTO ALMAZORA"
"04";"090";"Tahal";"CAMPO TABERNAS"
"04";"091";"Terque";"ALTO ANDARAX"
"04";"092";"Tíjola";"ALTO ALMAZORA"
"04";"093";"Turre";"BAJO ALMAZORA"
"04";"094";"Turrillas";"CAMPO TABERNAS"
"04";"095";"Uleila del Campo";"CAMPO TABERNAS"
"04";"096";"Urrácal";"ALTO ALMAZORA"
"04";"097";"Velefique";"CAMPO TABERNAS"
"04";"098";"Vélez-Blanco";"LOS VELEZ"
"04";"099";"Vélez-Rubio";"LOS VELEZ"
"04";"100";"Vera";"BAJO ALMAZORA"
"04";"101";"Viator";"CAMPO NIJAR Y BAJO ANDARAX"
"04";"102";"Vícar";"CAMPO DALIAS"
"04";"103";"Zurgena";"ALTO ALMAZORA"
"04";"104";"Ejido (El)";"CAMPO DALIAS"
"04";"105";"Mojonera (La)";"CAMPO DALIAS"
"04";"106";"Balanegra";"CAMPO DALIAS"
"04";"900";"Almería";"CAMPO NIJAR Y BAJO ANDARAX"
"05";"001";"ADANERO";"AREVALO-MADRIGAL"
"05";"002";"ADRADA (LA)";"VALLE DEL TIETAR"
"05";"005";"ALBORNOS";"AREVALO-MADRIGAL"
"05";"007";"ALDEANUEVA DE SANTA CRUZ";"BARCO AVILA-PIEDRAHITA"
"05";"008";"ALDEASECA";"AREVALO-MADRIGAL"
"05";"010";"ALDEHUELA (LA)";"BARCO AVILA-PIEDRAHITA"
"05";"012";"AMAVIDA";"AVILA"
"05";"013";"ARENAL (EL)";"VALLE DEL TIETAR"
"05";"014";"ARENAS DE SAN PEDRO";"VALLE DEL TIETAR"
"05";"015";"AREVALILLO";"AVILA"
"05";"016";"AREVALO";"AREVALO-MADRIGAL"
"05";"017";"AVEINTE";"AREVALO-MADRIGAL"
"05";"018";"AVELLANEDA";"BARCO AVILA-PIEDRAHITA"
"05";"021";"BARCO DE AVILA (EL)";"BARCO AVILA-PIEDRAHITA"
"05";"022";"BARRACO (EL)";"VALLE BAJO ALBERCHE"
"05";"023";"BARROMAN";"AREVALO-MADRIGAL"
"05";"024";"BECEDAS";"BARCO AVILA-PIEDRAHITA"
"05";"025";"BECEDILLAS";"BARCO AVILA-PIEDRAHITA"
"05";"026";"BERCIAL DE ZAPARDIEL";"AREVALO-MADRIGAL"
"05";"027";"BERLANAS (LAS)";"AREVALO-MADRIGAL"
"05";"029";"BERNUY-ZAPARDIEL";"AREVALO-MADRIGAL"
"05";"030";"BERROCALEJO DE ARAGONA";"AVILA"
"05";"033";"BLASCOMILLAN";"AVILA"
"05";"034";"BLASCONUÑO DE MATACABRAS";"AREVALO-MADRIGAL"
"05";"035";"BLASCOSANCHO";"AREVALO-MADRIGAL"
"05";"036";"BOHODON (EL)";"AREVALO-MADRIGAL"
"05";"037";"BOHOYO";"BARCO AVILA-PIEDRAHITA"
"05";"038";"BONILLA DE LA SIERRA";"BARCO AVILA-PIEDRAHITA"
"05";"039";"BRABOS";"AVILA"
"05";"040";"BULARROS";"AVILA"
"05";"041";"BURGOHONDO";"VALLE BAJO ALBERCHE"
"05";"042";"CABEZAS DE ALAMBRE";"AREVALO-MADRIGAL"
"05";"043";"CABEZAS DEL POZO";"AREVALO-MADRIGAL"
"05";"044";"CABEZAS DEL VILLAR";"AVILA"
"05";"045";"CABIZUELA";"AREVALO-MADRIGAL"
"05";"046";"CANALES";"AREVALO-MADRIGAL"
"05";"047";"CANDELEDA";"VALLE DEL TIETAR"
"05";"048";"CANTIVEROS";"AREVALO-MADRIGAL"
"05";"049";"CARDEÑOSA";"AVILA"
"05";"051";"CARRERA (LA)";"BARCO AVILA-PIEDRAHITA"
"05";"052";"CASAS DEL PUERTO";"BARCO AVILA-PIEDRAHITA"
"05";"053";"CASASOLA";"AVILA"
"05";"054";"CASAVIEJA";"VALLE DEL TIETAR"
"05";"055";"CASILLAS";"VALLE DEL TIETAR"
"05";"056";"CASTELLANOS DE ZAPARDIEL";"AREVALO-MADRIGAL"
"05";"057";"CEBREROS";"VALLE BAJO ALBERCHE"
"05";"058";"CEPEDA LA MORA";"GREDOS"
"05";"059";"CILLAN";"AVILA"
"05";"060";"CISLA";"AREVALO-MADRIGAL"
"05";"061";"COLILLA (LA)";"AVILA"
"05";"062";"COLLADO DE CONTRERAS";"AREVALO-MADRIGAL"
"05";"063";"COLLADO DEL MIRON";"BARCO AVILA-PIEDRAHITA"
"05";"064";"CONSTANZANA";"AREVALO-MADRIGAL"
"05";"065";"CRESPOS";"AREVALO-MADRIGAL"
"05";"066";"CUEVAS DEL VALLE";"VALLE DEL TIETAR"
"05";"067";"CHAMARTIN";"AVILA"
"05";"069";"DONJIMENO";"AREVALO-MADRIGAL"
"05";"070";"DONVIDAS";"AREVALO-MADRIGAL"
"05";"072";"ESPINOSA DE LOS CABALLEROS";"AREVALO-MADRIGAL"
"05";"073";"FLORES DE AVILA";"AREVALO-MADRIGAL"
"05";"074";"FONTIVEROS";"AREVALO-MADRIGAL"
"05";"075";"FRESNEDILLA";"VALLE DEL TIETAR"
"05";"076";"FRESNO (EL)";"AVILA"
"05";"077";"FUENTE EL SAUZ";"AREVALO-MADRIGAL"
"05";"078";"FUENTES DE AÑO";"AREVALO-MADRIGAL"
"05";"079";"GALLEGOS DE ALTAMIROS";"AVILA"
"05";"080";"GALLEGOS DE SOBRINOS";"AVILA"
"05";"081";"GARGANTA DEL VILLAR";"GREDOS"
"05";"082";"GAVILANES";"VALLE DEL TIETAR"
"05";"083";"GEMUÑO";"AVILA"
"05";"084";"GILBUENA";"BARCO AVILA-PIEDRAHITA"
"05";"085";"GIL GARCIA";"BARCO AVILA-PIEDRAHITA"
"05";"086";"GIMIALCON";"AREVALO-MADRIGAL"
"05";"087";"GOTARRENDURA";"AREVALO-MADRIGAL"
"05";"088";"GRANDES Y SAN MARTIN";"AVILA"
"05";"089";"GUISANDO";"VALLE DEL TIETAR"
"05";"090";"GUTIERRE-MUÑOZ";"AREVALO-MADRIGAL"
"05";"092";"HERNANSANCHO";"AREVALO-MADRIGAL"
"05";"093";"HERRADON DE PINARES";"VALLE BAJO ALBERCHE"
"05";"094";"HERREROS DE SUSO";"AVILA"
"05";"095";"HIGUERA DE LAS DUEÑAS";"VALLE DEL TIETAR"
"05";"096";"HIJA DE DIOS (LA)";"AVILA"
"05";"097";"HORCAJADA (LA)";"BARCO AVILA-PIEDRAHITA"
"05";"099";"HORCAJO DE LAS TORRES";"AREVALO-MADRIGAL"
"05";"100";"HORNILLO (EL)";"VALLE DEL TIETAR"
"05";"101";"HOYOCASERO";"GREDOS"
"05";"102";"HOYO DE PINARES (EL)";"VALLE BAJO ALBERCHE"
"05";"103";"HOYORREDONDO";"BARCO AVILA-PIEDRAHITA"
"05";"104";"HOYOS DEL COLLADO";"GREDOS"
"05";"105";"HOYOS DEL ESPINO";"GREDOS"
"05";"106";"HOYOS DE MIGUEL MUÑOZ";"GREDOS"
"05";"107";"HURTUMPASCUAL";"AVILA"
"05";"108";"JUNCIANA";"BARCO AVILA-PIEDRAHITA"
"05";"109";"LANGA";"AREVALO-MADRIGAL"
"05";"110";"LANZAHITA";"VALLE DEL TIETAR"
"05";"112";"LOSAR DEL BARCO (EL)";"BARCO AVILA-PIEDRAHITA"
"05";"113";"LLANOS DE TORMES (LOS)";"BARCO AVILA-PIEDRAHITA"
"05";"114";"MADRIGAL DE LAS ALTAS TORRES";"AREVALO-MADRIGAL"
"05";"115";"MAELLO";"AVILA"
"05";"116";"MALPARTIDA DE CORNEJA";"BARCO AVILA-PIEDRAHITA"
"05";"117";"MAMBLAS";"AREVALO-MADRIGAL"
"05";"118";"MANCERA DE ARRIBA";"AVILA"
"05";"119";"MANJABÁLAGO Y ORTIGOSA DE RIOALMAR";"AVILA"
"05";"120";"MARLIN";"AVILA"
"05";"121";"MARTIHERRERO";"AVILA"
"05";"122";"MARTINEZ";"AVILA"
"05";"123";"MEDIANA DE VOLTOYA";"AVILA"
"05";"124";"MEDINILLA";"BARCO AVILA-PIEDRAHITA"
"05";"125";"MENGAMUÑOZ";"AVILA"
"05";"126";"MESEGAR DE CORNEJA";"BARCO AVILA-PIEDRAHITA"
"05";"127";"MIJARES";"VALLE DEL TIETAR"
"05";"128";"MINGORRIA";"AREVALO-MADRIGAL"
"05";"129";"MIRON (EL)";"BARCO AVILA-PIEDRAHITA"
"05";"130";"MIRONCILLO";"AVILA"
"05";"131";"MIRUEÑA DE LOS INFANZONES";"AVILA"
"05";"132";"MOMBELTRAN";"VALLE DEL TIETAR"
"05";"133";"MONSALUPE";"AREVALO-MADRIGAL"
"05";"134";"MORALEJA DE MATACABRAS";"AREVALO-MADRIGAL"
"05";"135";"MUÑANA";"AVILA"
"05";"136";"MUÑICO";"AVILA"
"05";"138";"MUÑOGALINDO";"AVILA"
"05";"139";"MUÑOGRANDE";"AVILA"
"05";"140";"MUÑOMER DEL PECO";"AREVALO-MADRIGAL"
"05";"141";"MUÑOPEPE";"AVILA"
"05";"142";"MUÑOSANCHO";"AREVALO-MADRIGAL"
"05";"143";"MUÑOTELLO";"AVILA"
"05";"144";"NARRILLOS DEL ALAMO";"AVILA"
"05";"145";"NARRILLOS DEL REBOLLAR";"AVILA"
"05";"147";"NARROS DEL CASTILLO";"AREVALO-MADRIGAL"
"05";"148";"NARROS DEL PUERTO";"AVILA"
"05";"149";"NARROS DE SALDUEÑA";"AREVALO-MADRIGAL"
"05";"151";"NAVACEPEDILLA DE CORNEJA";"BARCO AVILA-PIEDRAHITA"
"05";"152";"NAVA DE AREVALO";"AREVALO-MADRIGAL"
"05";"153";"NAVA DEL BARCO";"BARCO AVILA-PIEDRAHITA"
"05";"154";"NAVADIJOS";"GREDOS"
"05";"155";"NAVAESCURIAL";"BARCO AVILA-PIEDRAHITA"
"05";"156";"NAVAHONDILLA";"VALLE DEL TIETAR"
"05";"157";"NAVALACRUZ";"GREDOS"
"05";"158";"NAVALMORAL";"VALLE BAJO ALBERCHE"
"05";"159";"NAVALONGUILLA";"BARCO AVILA-PIEDRAHITA"
"05";"160";"NAVALOSA";"GREDOS"
"05";"161";"NAVALPERAL DE PINARES";"VALLE BAJO ALBERCHE"
"05";"162";"NAVALPERAL DE TORMES";"GREDOS"
"05";"163";"NAVALUENGA";"VALLE BAJO ALBERCHE"
"05";"164";"NAVAQUESERA";"GREDOS"
"05";"165";"NAVARREDONDA DE GREDOS";"GREDOS"
"05";"166";"NAVARREDONDILLA";"GREDOS"
"05";"167";"NAVARREVISCA";"GREDOS"
"05";"168";"NAVAS DEL MARQUES (LAS)";"VALLE BAJO ALBERCHE"
"05";"169";"NAVATALGORDO";"GREDOS"
"05";"170";"NAVATEJARES";"BARCO AVILA-PIEDRAHITA"
"05";"171";"NEILA DE SAN MIGUEL";"BARCO AVILA-PIEDRAHITA"
"05";"172";"NIHARRA";"AVILA"
"05";"173";"OJOS-ALBOS";"AVILA"
"05";"174";"ORBITA";"AREVALO-MADRIGAL"
"05";"175";"OSO (EL)";"AREVALO-MADRIGAL"
"05";"176";"PADIERNOS";"AVILA"
"05";"177";"PAJARES DE ADAJA";"AREVALO-MADRIGAL"
"05";"178";"PALACIOS DE GODA";"AREVALO-MADRIGAL"
"05";"179";"PAPATRIGO";"AREVALO-MADRIGAL"
"05";"180";"PARRAL (EL)";"AVILA"
"05";"181";"PASCUALCOBO";"AVILA"
"05";"182";"PEDRO BERNARDO";"VALLE DEL TIETAR"
"05";"183";"PEDRO-RODRIGUEZ";"AREVALO-MADRIGAL"
"05";"184";"PEGUERINOS";"VALLE BAJO ALBERCHE"
"05";"185";"PEÑALBA DE AVILA";"AREVALO-MADRIGAL"
"05";"186";"PIEDRAHITA";"BARCO AVILA-PIEDRAHITA"
"05";"187";"PIEDRALAVES";"VALLE DEL TIETAR"
"05";"188";"POVEDA";"AVILA"
"05";"189";"POYALES DEL HOYO";"VALLE DEL TIETAR"
"05";"190";"POZANCO";"AREVALO-MADRIGAL"
"05";"191";"PRADOSEGAR";"AVILA"
"05";"192";"PUERTO CASTILLA";"BARCO AVILA-PIEDRAHITA"
"05";"193";"RASUEROS";"AREVALO-MADRIGAL"
"05";"194";"RIOCABADO";"AREVALO-MADRIGAL"
"05";"195";"RIOFRIO";"AVILA"
"05";"196";"RIVILLA DE BARAJAS";"AREVALO-MADRIGAL"
"05";"197";"SALOBRAL";"AVILA"
"05";"198";"SALVADIOS";"AREVALO-MADRIGAL"
"05";"199";"SAN BARTOLOME DE BEJAR";"BARCO AVILA-PIEDRAHITA"
"05";"200";"SAN BARTOLOME DE CORNEJA";"BARCO AVILA-PIEDRAHITA"
"05";"201";"SAN BARTOLOME DE PINARES";"VALLE BAJO ALBERCHE"
"05";"204";"SANCHIDRIAN";"AREVALO-MADRIGAL"
"05";"205";"SANCHORREJA";"AVILA"
"05";"206";"SAN ESTEBAN DE LOS PATOS";"AVILA"
"05";"207";"SAN ESTEBAN DEL VALLE";"VALLE DEL TIETAR"
"05";"208";"SAN ESTEBAN DE ZAPARDIEL";"AREVALO-MADRIGAL"
"05";"209";"SAN GARCIA DE INGELMOS";"AVILA"
"05";"210";"SAN JUAN DE LA ENCINILLA";"AREVALO-MADRIGAL"
"05";"211";"SAN JUAN DE LA NAVA";"VALLE BAJO ALBERCHE"
"05";"212";"SAN JUAN DEL MOLINILLO";"GREDOS"
"05";"213";"SAN JUAN DEL OLMO";"AVILA"
"05";"214";"SAN LORENZO DE TORMES";"BARCO AVILA-PIEDRAHITA"
"05";"215";"SAN MARTIN DE LA VEGA DEL ALBERCHE";"GREDOS"
"05";"216";"SAN MARTIN DEL PIMPOLLAR";"GREDOS"
"05";"217";"SAN MIGUEL DE CORNEJA";"BARCO AVILA-PIEDRAHITA"
"05";"218";"SAN MIGUEL DE SERREZUELA";"AVILA"
"05";"219";"SAN PASCUAL";"AREVALO-MADRIGAL"
"05";"220";"SAN PEDRO DEL ARROYO";"AREVALO-MADRIGAL"
"05";"221";"SANTA CRUZ DEL VALLE";"VALLE DEL TIETAR"
"05";"222";"SANTA CRUZ DE PINARES";"VALLE BAJO ALBERCHE"
"05";"224";"SANTA MARIA DEL ARROYO";"AVILA"
"05";"225";"SANTA MARIA DEL BERROCAL";"BARCO AVILA-PIEDRAHITA"
"05";"226";"SANTA MARIA DE LOS CABALLEROS";"BARCO AVILA-PIEDRAHITA"
"05";"227";"SANTA MARIA DEL TIETAR";"VALLE DEL TIETAR"
"05";"228";"SANTIAGO DEL COLLADO";"BARCO AVILA-PIEDRAHITA"
"05";"229";"SANTO DOMINGO DE LAS POSADAS";"AREVALO-MADRIGAL"
"05";"230";"SANTO TOME DE ZABARCOS";"AREVALO-MADRIGAL"
"05";"231";"SAN VICENTE DE AREVALO";"AREVALO-MADRIGAL"
"05";"232";"SERRADA (LA)";"AVILA"
"05";"233";"SERRANILLOS";"GREDOS"
"05";"234";"SIGERES";"AVILA"
"05";"235";"SINLABAJOS";"AREVALO-MADRIGAL"
"05";"236";"SOLANA DE AVILA";"BARCO AVILA-PIEDRAHITA"
"05";"237";"SOLANA DE RIOALMAR";"AVILA"
"05";"238";"SOLOSANCHO";"AVILA"
"05";"239";"SOTALBO";"AVILA"
"05";"240";"SOTILLO DE LA ADRADA";"VALLE DEL TIETAR"
"05";"241";"TIEMBLO (EL)";"VALLE BAJO ALBERCHE"
"05";"242";"TIÑOSILLOS";"AREVALO-MADRIGAL"
"05";"243";"TOLBAÑOS";"AVILA"
"05";"244";"TORMELLAS";"BARCO AVILA-PIEDRAHITA"
"05";"245";"TORNADIZOS DE AVILA";"AVILA"
"05";"246";"TORRE (LA)";"AVILA"
"05";"247";"TORTOLES";"BARCO AVILA-PIEDRAHITA"
"05";"249";"UMBRIAS";"BARCO AVILA-PIEDRAHITA"
"05";"251";"VADILLO DE LA SIERRA";"AVILA"
"05";"252";"VALDECASA";"AVILA"
"05";"253";"VEGA DE SANTA MARIA";"AREVALO-MADRIGAL"
"05";"254";"VELAYOS";"AREVALO-MADRIGAL"
"05";"256";"VILLAFLOR";"AVILA"
"05";"257";"VILLAFRANCA DE LA SIERRA";"BARCO AVILA-PIEDRAHITA"
"05";"258";"VILLANUEVA DE GOMEZ";"AREVALO-MADRIGAL"
"05";"259";"VILLANUEVA DEL ACERAL";"AREVALO-MADRIGAL"
"05";"260";"VILLANUEVA DEL CAMPILLO";"AVILA"
"05";"261";"VILLAR DE CORNEJA";"BARCO AVILA-PIEDRAHITA"
"05";"262";"VILLAREJO DEL VALLE";"VALLE DEL TIETAR"
"05";"263";"VILLATORO";"AVILA"
"05";"264";"VIÑEGRA DE MORAÑA";"AREVALO-MADRIGAL"
"05";"265";"VITA";"AVILA"
"05";"266";"ZAPARDIEL DE LA CAÑADA";"AVILA"
"05";"267";"ZAPARDIEL DE LA RIBERA";"GREDOS"
"05";"269";"SAN JUAN DE GREDOS";"GREDOS"
"05";"270";"SANTA MARIA DEL CUBILLO";"AVILA"
"05";"271";"COMUNIDAD ARENAS S. PEDRO-CANDELEDA";"VALLE DEL TIETAR"
"05";"272";"DIEGO DEL CARPIO";"AVILA"
"05";"273";"SANTIAGO DEL TORMES";"BARCO AVILA-PIEDRAHITA"
"05";"274";"VILLANUEVA DE AVILA";"GREDOS"
"05";"900";"AVILA";"AVILA"
"06";"001";"ACEDERA";"DON BENITO"
"06";"002";"ACEUCHAL";"ALMENDRALEJO"
"06";"003";"AHILLONES";"AZUAGA"
"06";"004";"ALANGE";"MERIDA"
"06";"005";"ALBUERA (LA)";"BADAJOZ"
"06";"006";"ALBURQUERQUE";"ALBURQUERQUE"
"06";"007";"ALCONCHEL";"OLIVENZA"
"06";"008";"ALCONERA";"ALMENDRALEJO"
"06";"009";"ALJUCEN";"MERIDA"
"06";"010";"ALMENDRAL";"BADAJOZ"
"06";"011";"ALMENDRALEJO";"ALMENDRALEJO"
"06";"012";"ARROYO DE SAN SERVAN";"MERIDA"
"06";"013";"ATALAYA";"LLERENA"
"06";"014";"AZUAGA";"AZUAGA"
"06";"016";"BARCARROTA";"JEREZ DE LOS CABALLEROS"
"06";"017";"BATERNO";"PUEBLA ALCOCER"
"06";"018";"BENQUERENCIA DE LA SERENA";"CASTUERA"
"06";"019";"BERLANGA";"AZUAGA"
"06";"020";"BIENVENIDA";"LLERENA"
"06";"021";"BODONAL DE LA SIERRA";"JEREZ DE LOS CABALLEROS"
"06";"022";"BURGUILLOS DEL CERRO";"JEREZ DE LOS CABALLEROS"
"06";"023";"CABEZA DEL BUEY";"CASTUERA"
"06";"024";"CABEZA LA VACA";"JEREZ DE LOS CABALLEROS"
"06";"025";"CALAMONTE";"MERIDA"
"06";"026";"CALERA DE LEON";"LLERENA"
"06";"027";"CALZADILLA DE LOS BARROS";"LLERENA"
"06";"028";"CAMPANARIO";"DON BENITO"
"06";"029";"CAMPILLO DE LLERENA";"AZUAGA"
"06";"030";"CAPILLA";"CASTUERA"
"06";"031";"CARMONITA";"MERIDA"
"06";"032";"CARRASCALEJO (EL)";"MERIDA"
"06";"033";"CASAS DE DON PEDRO";"PUEBLA ALCOCER"
"06";"034";"CASAS DE REINA";"LLERENA"
"06";"035";"CASTILBLANCO";"HERRERA DUQUE"
"06";"036";"CASTUERA";"CASTUERA"
"06";"037";"CODOSERA (LA)";"ALBURQUERQUE"
"06";"038";"CORDOBILLA DE LACARA";"MERIDA"
"06";"039";"CORONADA (LA)";"DON BENITO"
"06";"040";"CORTE DE PELEAS";"BADAJOZ"
"06";"041";"CRISTINA";"DON BENITO"
"06";"042";"CHELES";"OLIVENZA"
"06";"043";"DON ALVARO";"MERIDA"
"06";"044";"DON BENITO";"DON BENITO"
"06";"045";"ENTRIN BAJO";"BADAJOZ"
"06";"046";"ESPARRAGALEJO";"MERIDA"
"06";"047";"ESPARRAGOSA DE LA SERENA";"CASTUERA"
"06";"048";"ESPARRAGOSA DE LARES";"PUEBLA ALCOCER"
"06";"049";"FERIA";"ALMENDRALEJO"
"06";"050";"FREGENAL DE LA SIERRA";"JEREZ DE LOS CABALLEROS"
"06";"051";"FUENLABRADA DE LOS MONTES";"HERRERA DUQUE"
"06";"052";"FUENTE DE CANTOS";"LLERENA"
"06";"053";"FUENTE DEL ARCO";"LLERENA"
"06";"054";"FUENTE DEL MAESTRE";"ALMENDRALEJO"
"06";"055";"FUENTES DE LEON";"JEREZ DE LOS CABALLEROS"
"06";"056";"GARBAYUELA";"PUEBLA ALCOCER"
"06";"057";"GARLITOS";"PUEBLA ALCOCER"
"06";"058";"GARROVILLA (LA)";"MERIDA"
"06";"059";"GRANJA DE TORREHERMOSA";"AZUAGA"
"06";"060";"GUAREÑA";"DON BENITO"
"06";"061";"HABA (LA)";"DON BENITO"
"06";"062";"HELECHOSA DE LOS MONTES";"HERRERA DUQUE"
"06";"063";"HERRERA DEL DUQUE";"HERRERA DUQUE"
"06";"064";"HIGUERA DE LA SERENA";"CASTUERA"
"06";"065";"HIGUERA DE LLERENA";"LLERENA"
"06";"066";"HIGUERA DE VARGAS";"OLIVENZA"
"06";"067";"HIGUERA LA REAL";"JEREZ DE LOS CABALLEROS"
"06";"068";"HINOJOSA DEL VALLE";"ALMENDRALEJO"
"06";"069";"HORNACHOS";"ALMENDRALEJO"
"06";"070";"JEREZ DE LOS CABALLEROS";"JEREZ DE LOS CABALLEROS"
"06";"071";"LAPA (LA)";"ALMENDRALEJO"
"06";"072";"LOBON";"MERIDA"
"06";"073";"LLERA";"ALMENDRALEJO"
"06";"074";"LLERENA";"LLERENA"
"06";"075";"MAGACELA";"DON BENITO"
"06";"076";"MAGUILLA";"AZUAGA"
"06";"077";"MALCOCINADO";"AZUAGA"
"06";"078";"MALPARTIDA DE LA SERENA";"CASTUERA"
"06";"079";"MANCHITA";"DON BENITO"
"06";"080";"MEDELLIN";"DON BENITO"
"06";"081";"MEDINA DE LAS TORRES";"LLERENA"
"06";"082";"MENGABRIL";"DON BENITO"
"06";"083";"MERIDA";"MERIDA"
"06";"084";"MIRANDILLA";"MERIDA"
"06";"085";"MONESTERIO";"LLERENA"
"06";"086";"MONTEMOLIN";"LLERENA"
"06";"087";"MONTERRUBIO DE LA SERENA";"CASTUERA"
"06";"088";"MONTIJO";"MERIDA"
"06";"089";"MORERA (LA)";"ALMENDRALEJO"
"06";"090";"NAVA DE SANTIAGO (LA)";"MERIDA"
"06";"091";"NAVALVILLAR DE PELA";"PUEBLA ALCOCER"
"06";"092";"NOGALES";"BADAJOZ"
"06";"093";"OLIVA DE LA FRONTERA";"JEREZ DE LOS CABALLEROS"
"06";"094";"OLIVA DE MERIDA";"MERIDA"
"06";"095";"OLIVENZA";"OLIVENZA"
"06";"096";"ORELLANA DE LA SIERRA";"DON BENITO"
"06";"097";"ORELLANA LA VIEJA";"DON BENITO"
"06";"098";"PALOMAS";"ALMENDRALEJO"
"06";"099";"PARRA (LA)";"ALMENDRALEJO"
"06";"100";"PEÑALSORDO";"CASTUERA"
"06";"101";"PERALEDA DEL ZAUCEJO";"AZUAGA"
"06";"102";"PUEBLA DE ALCOCER";"PUEBLA ALCOCER"
"06";"103";"PUEBLA DE LA CALZADA";"MERIDA"
"06";"104";"PUEBLA DE LA REINA";"ALMENDRALEJO"
"06";"105";"PUEBLA DEL MAESTRE";"LLERENA"
"06";"106";"PUEBLA DEL PRIOR";"ALMENDRALEJO"
"06";"107";"PUEBLA DE OBANDO";"ALBURQUERQUE"
"06";"108";"PUEBLA DE SANCHO PEREZ";"ALMENDRALEJO"
"06";"109";"QUINTANA DE LA SERENA";"CASTUERA"
"06";"110";"REINA";"LLERENA"
"06";"111";"RENA";"DON BENITO"
"06";"112";"RETAMAL DE LLERENA";"AZUAGA"
"06";"113";"RIBERA DEL FRESNO";"ALMENDRALEJO"
"06";"114";"RISCO";"PUEBLA ALCOCER"
"06";"115";"ROCA DE LA SIERRA (LA)";"ALBURQUERQUE"
"06";"116";"SALVALEON";"JEREZ DE LOS CABALLEROS"
"06";"117";"SALVATIERRA DE LOS BARROS";"ALMENDRALEJO"
"06";"118";"SANCTI-SPIRITUS";"PUEBLA ALCOCER"
"06";"119";"SAN PEDRO DE MERIDA";"MERIDA"
"06";"120";"SANTA AMALIA";"DON BENITO"
"06";"121";"SANTA MARTA";"ALMENDRALEJO"
"06";"122";"SANTOS DE MAIMONA (LOS)";"ALMENDRALEJO"
"06";"123";"SAN VICENTE DE ALCANTARA";"ALBURQUERQUE"
"06";"124";"SEGURA DE LEON";"JEREZ DE LOS CABALLEROS"
"06";"125";"SIRUELA";"PUEBLA ALCOCER"
"06";"126";"SOLANA DE LOS BARROS";"ALMENDRALEJO"
"06";"127";"TALARRUBIAS";"PUEBLA ALCOCER"
"06";"128";"TALAVERA LA REAL";"BADAJOZ"
"06";"129";"TALIGA";"OLIVENZA"
"06";"130";"TAMUREJO";"PUEBLA ALCOCER"
"06";"131";"TORRE DE MIGUEL SESMERO";"BADAJOZ"
"06";"132";"TORREMAYOR";"MERIDA"
"06";"133";"TORREMEJIA";"MERIDA"
"06";"134";"TRASIERRA";"LLERENA"
"06";"135";"TRUJILLANOS";"MERIDA"
"06";"136";"USAGRE";"LLERENA"
"06";"137";"VALDECABALLEROS";"HERRERA DUQUE"
"06";"138";"VALDETORRES";"DON BENITO"
"06";"139";"VALENCIA DE LAS TORRES";"AZUAGA"
"06";"140";"VALENCIA DEL MOMBUEY";"JEREZ DE LOS CABALLEROS"
"06";"141";"VALENCIA DEL VENTOSO";"LLERENA"
"06";"142";"VALVERDE DE BURGUILLOS";"JEREZ DE LOS CABALLEROS"
"06";"143";"VALVERDE DE LEGANES";"OLIVENZA"
"06";"144";"VALVERDE DE LLERENA";"AZUAGA"
"06";"145";"VALVERDE DE MERIDA";"MERIDA"
"06";"146";"VALLE DE LA SERENA";"CASTUERA"
"06";"147";"VALLE DE MATAMOROS";"JEREZ DE LOS CABALLEROS"
"06";"148";"VALLE DE SANTA ANA";"JEREZ DE LOS CABALLEROS"
"06";"149";"VILLAFRANCA DE LOS BARROS";"ALMENDRALEJO"
"06";"150";"VILLAGARCIA DE LA TORRE";"LLERENA"
"06";"151";"VILLAGONZALO";"MERIDA"
"06";"152";"VILLALBA DE LOS BARROS";"ALMENDRALEJO"
"06";"153";"VILLANUEVA DE LA SERENA";"DON BENITO"
"06";"154";"VILLANUEVA DEL FRESNO";"OLIVENZA"
"06";"155";"VILLAR DEL REY";"ALBURQUERQUE"
"06";"156";"VILLAR DE RENA";"DON BENITO"
"06";"157";"VILLARTA DE LOS MONTES";"HERRERA DUQUE"
"06";"158";"ZAFRA";"ALMENDRALEJO"
"06";"159";"ZAHINOS";"JEREZ DE LOS CABALLEROS"
"06";"160";"ZALAMEA DE LA SERENA";"CASTUERA"
"06";"161";"ZARZA-CAPILLA";"CASTUERA"
"06";"162";"ZARZA (LA)";"MERIDA"
"06";"165";"GUADIANA DEL CAUDILLO";"BADAJOZ"
"06";"167";"PUEBLONUEVO";"BADAJOZ"
"06";"169";"VALDELACALZADA";"BADAJOZ"
"06";"900";"BADAJOZ";"BADAJOZ"
"06";"901";"BADAJOZ(Código Antiguo)";"BADAJOZ"
"07";"001";"ALARÓ";"MALLORCA"
"07";"002";"ALAIOR";"MENORCA"
"07";"003";"ALCÚDIA";"MALLORCA"
"07";"004";"ALGAIDA";"MALLORCA"
"07";"005";"ANDRATX";"MALLORCA"
"07";"006";"ARTÀ";"MALLORCA"
"07";"007";"BANYALBUFAR";"MALLORCA"
"07";"008";"BINISSALEM";"MALLORCA"
"07";"009";"BÚGER";"MALLORCA"
"07";"010";"BUNYOLA";"MALLORCA"
"07";"011";"CALVIÀ";"MALLORCA"
"07";"012";"CAMPANET";"MALLORCA"
"07";"013";"CAMPOS";"MALLORCA"
"07";"014";"CAPDEPERA";"MALLORCA"
"07";"015";"CIUTADELLA DE MENORCA";"MENORCA"
"07";"016";"CONSELL";"MALLORCA"
"07";"017";"COSTITX";"MALLORCA"
"07";"018";"DEIÀ";"MALLORCA"
"07";"019";"ESCORCA";"MALLORCA"
"07";"020";"ESPORLES";"MALLORCA"
"07";"021";"ESTELLENCS";"MALLORCA"
"07";"022";"FELANITX";"MALLORCA"
"07";"023";"FERRERIES";"MENORCA"
"07";"024";"FORMENTERA";"IBIZA"
"07";"025";"FORNALUTX";"MALLORCA"
"07";"026";"EIVISSA";"IBIZA"
"07";"027";"INCA";"MALLORCA"
"07";"028";"LLORET DE VISTALEGRE";"MALLORCA"
"07";"029";"LLOSETA";"MALLORCA"
"07";"030";"LLUBÍ";"MALLORCA"
"07";"031";"LLUCMAJOR";"MALLORCA"
"07";"032";"MAÓ-MAHÓN";"MENORCA"
"07";"033";"MANACOR";"MALLORCA"
"07";"034";"MANCOR DE LA VALL";"MALLORCA"
"07";"035";"MARIA DE LA SALUT";"MALLORCA"
"07";"036";"MARRATXÍ";"MALLORCA"
"07";"037";"MERCADAL (ES)";"MENORCA"
"07";"038";"MONTUÏRI";"MALLORCA"
"07";"039";"MURO";"MALLORCA"
"07";"040";"PALMA DE MALLORCA";"MALLORCA"
"07";"041";"PETRA";"MALLORCA"
"07";"042";"POLLENÇA";"MALLORCA"
"07";"043";"PORRERES";"MALLORCA"
"07";"044";"POBLA (SA)";"MALLORCA"
"07";"045";"PUIGPUNYENT";"MALLORCA"
"07";"046";"SANT ANTONI DE PORTMANY";"IBIZA"
"07";"047";"SENCELLES";"MALLORCA"
"07";"048";"SANT JOSEP DE SA TALAIA";"IBIZA"
"07";"049";"SANT JOAN";"MALLORCA"
"07";"050";"SANT JOAN DE LABRITJA";"IBIZA"
"07";"051";"SANT LLORENÇ DES CARDASSAR";"MALLORCA"
"07";"052";"SANT LLUÍS";"MENORCA"
"07";"053";"SANTA EUGÈNIA";"MALLORCA"
"07";"054";"SANTA EULÀRIA DES RIU";"IBIZA"
"07";"055";"SANTA MARGALIDA";"MALLORCA"
"07";"056";"SANTA MARÍA DEL CAMÍ";"MALLORCA"
"07";"057";"SANTANYÍ";"MALLORCA"
"07";"058";"SELVA";"MALLORCA"
"07";"059";"SALINES (SES)";"MALLORCA"
"07";"060";"SINEU";"MALLORCA"
"07";"061";"SÓLLER";"MALLORCA"
"07";"062";"SON SERVERA";"MALLORCA"
"07";"063";"VALLDEMOSSA";"MALLORCA"
"07";"064";"CASTELL (ES)";"MENORCA"
"07";"065";"VILAFRANCA DE BONANY";"MALLORCA"
"07";"066";"ARIANY";"MALLORCA"
"07";"067";"MIGJORN GRAN (ES)";"MENORCA"
"08";"001";"ABRERA";"BAJO LLOBREGAT"
"08";"002";"AGUILAR DE SEGARRA";"ANOIA"
"08";"003";"ALELLA";"MARESME"
"08";"004";"ALPENS";"OSONA"
"08";"005";"AMETLLA DEL VALLES (L')";"VALLES ORIENTAL"
"08";"006";"ARENYS DE MAR";"MARESME"
"08";"007";"ARENYS DE MUNT";"MARESME"
"08";"008";"ARGENÇOLA";"ANOIA"
"08";"009";"ARGENTONA";"MARESME"
"08";"010";"ARTES";"BAGES"
"08";"011";"AVIA";"BERGADA"
"08";"012";"AVINYO";"BAGES"
"08";"013";"AVINYONET DEL PENEDES";"PENEDÉS"
"08";"014";"AIGUAFREDA";"OSONA"
"08";"015";"BADALONA";"MARESME"
"08";"016";"BAGA";"BERGADA"
"08";"017";"BALENYA";"OSONA"
"08";"018";"BALSARENY";"BAGES"
"08";"020";"BEGUES";"BAJO LLOBREGAT"
"08";"021";"BELLPRAT";"ANOIA"
"08";"022";"BERGA";"BERGADA"
"08";"023";"BIGUES I RIELLS";"VALLES ORIENTAL"
"08";"024";"BORREDA";"BERGADA"
"08";"025";"BRUC (EL)";"BAGES"
"08";"026";"BRULL (EL)";"OSONA"
"08";"027";"CABANYES (LES)";"PENEDÉS"
"08";"028";"CABRERA D'ANOIA";"ANOIA"
"08";"029";"CABRERA DE MAR";"MARESME"
"08";"030";"CABRILS";"MARESME"
"08";"031";"CALAF";"ANOIA"
"08";"032";"CALDES D'ESTRAC";"MARESME"
"08";"033";"CALDES DE MONTBUI";"VALLES ORIENTAL"
"08";"034";"CALDERS";"MOYANES"
"08";"035";"CALELLA";"MARESME"
"08";"036";"CALONGE DE SEGARRA";"ANOIA"
"08";"037";"CALLUS";"BAGES"
"08";"038";"CAMPINS";"VALLES ORIENTAL"
"08";"039";"CANET DE MAR";"MARESME"
"08";"040";"CANOVELLES";"VALLES ORIENTAL"
"08";"041";"CANOVES I SAMALUS";"VALLES ORIENTAL"
"08";"042";"CANYELLES";"PENEDÉS"
"08";"043";"CAPELLADES";"ANOIA"
"08";"044";"CAPOLAT";"BERGADA"
"08";"045";"CARDEDEU";"VALLES ORIENTAL"
"08";"046";"CARDONA";"BAGES"
"08";"047";"CARME";"ANOIA"
"08";"048";"CASSERRES";"BERGADA"
"08";"049";"CASTELLAR DEL RIU";"BERGADA"
"08";"050";"CASTELLAR DEL VALLES";"VALLES OCCIDENTAL"
"08";"051";"CASTELLAR DE N'HUG";"BERGADA"
"08";"052";"CASTELLBELL I EL VILAR";"BAGES"
"08";"053";"CASTELLBISBAL";"BAJO LLOBREGAT"
"08";"054";"CASTELLCIR";"MOYANES"
"08";"055";"CASTELLDEFELS";"BAJO LLOBREGAT"
"08";"056";"CASTELL DE L'ARENY";"BERGADA"
"08";"057";"CASTELLET I LA GORNAL";"PENEDÉS"
"08";"058";"CASTELLFOLLIT DEL BOIX";"BAGES"
"08";"059";"CASTELLFOLLIT DE RIUBREGOS";"ANOIA"
"08";"060";"CASTELLGALI";"BAGES"
"08";"061";"CASTELLNOU DE BAGES";"BAGES"
"08";"062";"CASTELLOLI";"ANOIA"
"08";"063";"CASTELLTERÇOL";"MOYANES"
"08";"064";"CASTELLVI DE LA MARCA";"PENEDÉS"
"08";"065";"CASTELLVI DE ROSANES";"BAJO LLOBREGAT"
"08";"066";"CENTELLES";"OSONA"
"08";"067";"CERVELLO";"BAJO LLOBREGAT"
"08";"068";"COLLBATO";"ANOIA"
"08";"069";"COLLSUSPINA";"MOYANES"
"08";"070";"COPONS";"ANOIA"
"08";"071";"CORBERA DE LLOBREGAT";"BAJO LLOBREGAT"
"08";"072";"CORNELLA DE LLOBREGAT";"BAJO LLOBREGAT"
"08";"073";"CUBELLES";"PENEDÉS"
"08";"074";"DOSRIUS";"MARESME"
"08";"075";"ESPARREGUERA";"BAJO LLOBREGAT"
"08";"076";"ESPLUGUES DE LLOBREGAT";"BAJO LLOBREGAT"
"08";"077";"ESPUNYOLA (L')";"BERGADA"
"08";"078";"ESTANY (L')";"MOYANES"
"08";"079";"FIGOLS";"BERGADA"
"08";"080";"FOGARS DE MONTCLUS";"VALLES ORIENTAL"
"08";"081";"FOGARS DE LA SELVA";"VALLES ORIENTAL"
"08";"082";"FOLGUEROLES";"OSONA"
"08";"083";"FONOLLOSA";"BAGES"
"08";"084";"FONT-RUBI";"PENEDÉS"
"08";"085";"FRANQUESES DEL VALLES (LES)";"VALLES ORIENTAL"
"08";"086";"GALLIFA";"VALLES OCCIDENTAL"
"08";"087";"GARRIGA (LA)";"VALLES ORIENTAL"
"08";"088";"GAVA";"BAJO LLOBREGAT"
"08";"089";"GAIA";"BAGES"
"08";"090";"GELIDA";"PENEDÉS"
"08";"091";"GIRONELLA";"BERGADA"
"08";"092";"GISCLARENY";"BERGADA"
"08";"093";"GRANADA (LA)";"PENEDÉS"
"08";"094";"GRANERA";"MOYANES"
"08";"095";"GRANOLLERS";"VALLES ORIENTAL"
"08";"096";"GUALBA";"VALLES ORIENTAL"
"08";"097";"SANT SALVADOR DE GUARDIOLA";"BAGES"
"08";"098";"GUARDIOLA DE BERGUEDA";"BERGADA"
"08";"099";"GURB";"OSONA"
"08";"100";"HOSPITALET DE LLOBREGAT (L)";"BAJO LLOBREGAT"
"08";"101";"IGUALADA";"ANOIA"
"08";"102";"JORBA";"ANOIA"
"08";"103";"LLACUNA (LA)";"ANOIA"
"08";"104";"LLAGOSTA (LA)";"VALLES ORIENTAL"
"08";"105";"LLINARS DEL VALLES";"VALLES ORIENTAL"
"08";"106";"LLIÇA D`AMUNT";"VALLES ORIENTAL"
"08";"107";"LLIÇA DE VALL";"VALLES ORIENTAL"
"08";"108";"LLUÇA";"OSONA"
"08";"109";"MALGRAT DE MAR";"MARESME"
"08";"110";"MALLA";"OSONA"
"08";"111";"MANLLEU";"OSONA"
"08";"112";"MANRESA";"BAGES"
"08";"113";"MARTORELL";"BAJO LLOBREGAT"
"08";"114";"MARTORELLES";"VALLES ORIENTAL"
"08";"115";"MASIES DE RODA (LES)";"OSONA"
"08";"116";"MASIES DE VOLTREGA (LES)";"OSONA"
"08";"117";"MASNOU (EL)";"MARESME"
"08";"118";"MASQUEFA";"ANOIA"
"08";"119";"MATADEPERA";"VALLES OCCIDENTAL"
"08";"120";"MATARO";"MARESME"
"08";"121";"MEDIONA";"PENEDÉS"
"08";"122";"MOLINS DE REI";"BAJO LLOBREGAT"
"08";"123";"MOLLET DEL VALLES";"VALLES ORIENTAL"
"08";"124";"MONTCADA I REIXAC";"VALLES OCCIDENTAL"
"08";"125";"MONTGAT";"MARESME"
"08";"126";"MONISTROL DE MONTSERRAT";"BAGES"
"08";"127";"MONISTROL DE CALDERS";"MOYANES"
"08";"128";"MUNTANYOLA";"OSONA"
"08";"129";"MONTCLAR";"BERGADA"
"08";"130";"MONTESQUIU";"OSONA"
"08";"131";"MONTMAJOR";"BERGADA"
"08";"132";"MONTMANEU";"ANOIA"
"08";"133";"FIGARO-MONTMANY";"OSONA"
"08";"134";"MONTMELO";"VALLES ORIENTAL"
"08";"135";"MONTORNES DEL VALLES";"VALLES ORIENTAL"
"08";"136";"MONTSENY";"VALLES ORIENTAL"
"08";"137";"MOIA";"MOYANES"
"08";"138";"MURA";"BAGES"
"08";"139";"NAVARCLES";"BAGES"
"08";"140";"NAVAS";"BAGES"
"08";"141";"NOU DE BERGUEDA (LA)";"BERGADA"
"08";"142";"ODENA";"ANOIA"
"08";"143";"OLVAN";"BERGADA"
"08";"144";"OLERDOLA";"PENEDÉS"
"08";"145";"OLESA DE BONESVALLS";"PENEDÉS"
"08";"146";"OLESA DE MONTSERRAT";"BAJO LLOBREGAT"
"08";"147";"OLIVELLA";"PENEDÉS"
"08";"148";"OLOST";"OSONA"
"08";"149";"ORIS";"OSONA"
"08";"150";"ORISTA";"OSONA"
"08";"151";"ORPI";"ANOIA"
"08";"152";"ORRIUS";"MARESME"
"08";"153";"PACS DEL PENEDES";"PENEDÉS"
"08";"154";"PALAFOLLS";"MARESME"
"08";"155";"PALAU-SOLITA I PLEGAMANS";"VALLES OCCIDENTAL"
"08";"156";"PALLEJA";"BAJO LLOBREGAT"
"08";"157";"PAPIOL (EL)";"BAJO LLOBREGAT"
"08";"158";"PARETS DEL VALLES";"VALLES ORIENTAL"
"08";"159";"PERAFITA";"OSONA"
"08";"160";"PIERA";"ANOIA"
"08";"161";"HOSTALETS DE PIEROLA (ELS)";"ANOIA"
"08";"162";"PINEDA DE MAR";"MARESME"
"08";"163";"PLA DEL PENEDES (EL)";"PENEDÉS"
"08";"164";"POBLA DE CLARAMUNT (LA)";"ANOIA"
"08";"165";"POBLA DE LILLET (LA)";"BERGADA"
"08";"166";"POLINYA";"VALLES OCCIDENTAL"
"08";"167";"PONTONS";"PENEDÉS"
"08";"168";"PRAT DE LLOBREGAT (EL)";"BAJO LLOBREGAT"
"08";"169";"PRATS DE REI (ELS)";"ANOIA"
"08";"170";"PRATS DE LLUÇANES";"OSONA"
"08";"171";"PREMIA DE MAR";"MARESME"
"08";"173";"PUIGDALBER";"PENEDÉS"
"08";"174";"PUIG-REIG";"BERGADA"
"08";"175";"PUJALT";"ANOIA"
"08";"176";"QUAR (LA)";"BERGADA"
"08";"177";"RAJADELL";"BAGES"
"08";"178";"RELLINARS";"BAGES"
"08";"179";"RIPOLLET";"VALLES OCCIDENTAL"
"08";"180";"ROCA DEL VALLES (LA)";"VALLES ORIENTAL"
"08";"181";"EL PONT DE VILOMARA I ROCAFORT";"BAGES"
"08";"182";"RODA DE TER";"OSONA"
"08";"183";"RUBI";"VALLES OCCIDENTAL"
"08";"184";"RUBIO";"ANOIA"
"08";"185";"RUPIT I PRUIT";"OSONA"
"08";"186";"SABADELL";"VALLES OCCIDENTAL"
"08";"187";"SAGAS";"BERGADA"
"08";"188";"SANT PERE SALLAVINERA";"ANOIA"
"08";"189";"SALDES";"BERGADA"
"08";"190";"SALLENT";"BAGES"
"08";"191";"SANTPEDOR";"BAGES"
"08";"192";"SANT ISCLE DE VALLALTA";"MARESME"
"08";"193";"SANT ADRIÀ DE BESÒS";"MARESME"
"08";"194";"SANT AGUSTI DE LLUÇANES";"OSONA"
"08";"195";"SANT ANDREU DE LA BARCA";"BAJO LLOBREGAT"
"08";"196";"SANT ANDREU DE LLAVANERES";"MARESME"
"08";"197";"SANT ANTONI DE VILAMAJOR";"VALLES ORIENTAL"
"08";"198";"SANT BARTOMEU DEL GRAU";"OSONA"
"08";"199";"SANT BOI DE LLOBREGAT";"BAJO LLOBREGAT"
"08";"200";"SANT BOI DE LLUÇANES";"OSONA"
"08";"201";"SANT CELONI";"VALLES ORIENTAL"
"08";"202";"SANT CEBRIA DE VALLALTA";"MARESME"
"08";"203";"SANT CLIMENT DE LLOBREGAT";"BAJO LLOBREGAT"
"08";"204";"SANT CUGAT DEL VALLES";"VALLES OCCIDENTAL"
"08";"205";"SANT CUGAT SESGARRIGUES";"PENEDÉS"
"08";"206";"SANT ESTEVE DE PALAUTORDERA";"VALLES ORIENTAL"
"08";"207";"SANT ESTEVE SESROVIRES";"PENEDÉS"
"08";"208";"SANT FOST DE CAMPSENTELLES";"VALLES ORIENTAL"
"08";"209";"SANT FELIU DE CODINES";"VALLES ORIENTAL"
"08";"210";"SANT FELIU DE LLOBREGAT";"BAJO LLOBREGAT"
"08";"211";"SANT FELIU SASSERRA";"BAGES"
"08";"212";"SANT FRUITOS DE BAGES";"BAGES"
"08";"213";"VILASSAR DE DALT";"MARESME"
"08";"214";"SANT HIPOLIT DE VOLTREGA";"OSONA"
"08";"215";"SANT JAUME DE FRONTANYA";"BERGADA"
"08";"216";"SANT JOAN DESPI";"BAJO LLOBREGAT"
"08";"217";"VILASSAR DE MAR";"MARESME"
"08";"218";"SANT JULIA DE VILATORTA";"OSONA"
"08";"219";"SANT JUST DESVERN";"BAJO LLOBREGAT"
"08";"220";"SANT LLORENÇ D`HORTONS";"PENEDÉS"
"08";"221";"SANT LLORENÇ SAVALL";"VALLES OCCIDENTAL"
"08";"222";"SANT MARTI DE CENTELLES";"OSONA"
"08";"223";"SANT MARTI D'ALBARS";"OSONA"
"08";"224";"CALLDETENES";"OSONA"
"08";"225";"SANT JOAN DE VILATORRADA";"BAGES"
"08";"226";"SANT MARTI DE TOUS";"ANOIA"
"08";"227";"SANT MARTI SARROCA";"PENEDÉS"
"08";"228";"SANT MARTI SESGUEIOLES";"ANOIA"
"08";"229";"SANT MATEU DE BAGES";"BAGES"
"08";"230";"PREMIA DE DALT";"MARESME"
"08";"231";"SANT PERE DE RIBES";"PENEDÉS"
"08";"232";"SANT PERE DE RIUDEBITLLES";"PENEDÉS"
"08";"233";"SANT PERE DE TORELLO";"OSONA"
"08";"234";"SANT PERE DE VILAMAJOR";"VALLES ORIENTAL"
"08";"235";"SANT POL DE MAR";"MARESME"
"08";"236";"SANT QUINTI DE MEDIONA";"PENEDÉS"
"08";"237";"SANT QUIRZE DE BESORA";"OSONA"
"08";"238";"SANT QUIRZE DEL VALLES";"VALLES OCCIDENTAL"
"08";"239";"SANT QUIRZE SAFAJA";"MOYANES"
"08";"240";"SANT SADURNI D'ANOIA";"PENEDÉS"
"08";"241";"SANT SADURNI D'OSORMORT";"OSONA"
"08";"242";"MARGANELL";"BAGES"
"08";"243";"SANTA CECILIA DE VOLTREGA";"OSONA"
"08";"244";"SANTA COLOMA DE CERVELLO";"BAJO LLOBREGAT"
"08";"245";"SANTA COLOMA DE GRAMENET";"MARESME"
"08";"246";"SANTA EUGENIA DE BERGA";"OSONA"
"08";"247";"SANTA EULALIA DE RIUPRIMER";"OSONA"
"08";"248";"SANTA EULALIA DE RONÇANA";"VALLES ORIENTAL"
"08";"249";"SANTA FE DEL PENEDES";"PENEDÉS"
"08";"250";"SANTA MARGARIDA DE MONTBUI";"ANOIA"
"08";"251";"SANTA MARGARIDA I ELS MONJOS";"PENEDÉS"
"08";"252";"BARBERA DEL VALLES";"VALLES OCCIDENTAL"
"08";"253";"SANTA MARIA DE BESORA";"OSONA"
"08";"254";"ESQUIROL, L'";"OSONA"
"08";"255";"SANTA MARIA DE MERLES";"OSONA"
"08";"256";"SANTA MARIA DE MARTORELLES";"VALLES ORIENTAL"
"08";"257";"SANTA MARIA DE MIRALLES";"ANOIA"
"08";"258";"SANTA MARIA D'OLO";"MOYANES"
"08";"259";"SANTA MARIA DE PALAUTORDERA";"VALLES ORIENTAL"
"08";"260";"SANTA PERPETUA DE MOGODA";"VALLES OCCIDENTAL"
"08";"261";"SANTA SUSANNA";"MARESME"
"08";"262";"SANT VICENÇ DE CASTELLET";"BAGES"
"08";"263";"SANT VICENÇ DELS HORTS";"BAJO LLOBREGAT"
"08";"264";"SANT VICENÇ DE MONTALT";"MARESME"
"08";"265";"SANT VICENÇ DE TORELLO";"OSONA"
"08";"266";"CERDANYOLA DEL VALLES";"VALLES OCCIDENTAL"
"08";"267";"SENTMENAT";"VALLES OCCIDENTAL"
"08";"268";"CERCS";"BERGADA"
"08";"269";"SEVA";"OSONA"
"08";"270";"SITGES";"PENEDÉS"
"08";"271";"SOBREMUNT";"OSONA"
"08";"272";"SORA";"OSONA"
"08";"273";"SUBIRATS";"PENEDÉS"
"08";"274";"SURIA";"BAGES"
"08";"275";"TAVERNOLES";"OSONA"
"08";"276";"TAGAMANENT";"OSONA"
"08";"277";"TALAMANCA";"BAGES"
"08";"278";"TARADELL";"OSONA"
"08";"279";"TERRASSA";"VALLES OCCIDENTAL"
"08";"280";"TAVERTET";"OSONA"
"08";"281";"TEIA";"MARESME"
"08";"282";"TIANA";"MARESME"
"08";"283";"TONA";"OSONA"
"08";"284";"TORDERA";"MARESME"
"08";"285";"TORELLO";"OSONA"
"08";"286";"TORRE DE CLARAMUNT (LA)";"ANOIA"
"08";"287";"TORRELAVIT";"PENEDÉS"
"08";"288";"TORRELLES DE FOIX";"PENEDÉS"
"08";"289";"TORRELLES DE LLOBREGAT";"BAJO LLOBREGAT"
"08";"290";"ULLASTRELL";"VALLES OCCIDENTAL"
"08";"291";"VACARISSES";"VALLES OCCIDENTAL"
"08";"292";"VALLBONA D'ANOIA";"ANOIA"
"08";"293";"VALLCEBRE";"BERGADA"
"08";"295";"VALLGORGUINA";"VALLES ORIENTAL"
"08";"296";"VALLIRANA";"BAJO LLOBREGAT"
"08";"297";"VALLROMANES";"VALLES ORIENTAL"
"08";"298";"VECIANA";"ANOIA"
"08";"299";"VIC";"OSONA"
"08";"300";"VILADA";"BERGADA"
"08";"301";"VILADECAVALLS";"VALLES OCCIDENTAL"
"08";"302";"VILADECANS";"BAJO LLOBREGAT"
"08";"303";"VILANOVA DEL CAMI";"ANOIA"
"08";"304";"VILANOVA DE SAU";"OSONA"
"08";"305";"VILOBI DEL PENEDES";"PENEDÉS"
"08";"306";"VILAFRANCA DEL PENEDES";"PENEDÉS"
"08";"307";"VILALBA SASSERRA";"VALLES ORIENTAL"
"08";"308";"VILANOVA I LA GELTRU";"PENEDÉS"
"08";"309";"VIVER I SERRATEIX";"BERGADA"
"08";"310";"VILANOVA DEL VALLES";"VALLES ORIENTAL"
"08";"311";"SANT JULIA DE CERDANYOLA";"BERGADA"
"08";"312";"BADIA DEL VALLÈS";"VALLES OCCIDENTAL"
"08";"313";"PALMA DE CERVELLO (LA)";"BAJO LLOBREGAT"
"08";"900";"BARCELONA";"BAJO LLOBREGAT"
"09";"001";"ABAJAS";"BUREBA-EBRO"
"09";"003";"ADRADA DE HAZA";"LA RIBERA"
"09";"006";"AGUAS CANDIDAS";"BUREBA-EBRO"
"09";"007";"AGUILAR DE BUREBA";"BUREBA-EBRO"
"09";"009";"ALBILLOS";"ARLANZON"
"09";"010";"ALCOCERO DE MOLA";"BUREBA-EBRO"
"09";"011";"ALFOZ DE BRICIA";"MERINDADES"
"09";"012";"ALFOZ DE SANTA GADEA";"MERINDADES"
"09";"013";"ALTABLE";"BUREBA-EBRO"
"09";"014";"ALTOS (LOS)";"PARAMOS"
"09";"016";"AMEYUGO";"BUREBA-EBRO"
"09";"017";"ANGUIX";"LA RIBERA"
"09";"018";"ARANDA DE DUERO";"LA RIBERA"
"09";"019";"ARANDILLA";"LA RIBERA"
"09";"020";"ARAUZO DE MIEL";"DEMANDA"
"09";"021";"ARAUZO DE SALCE";"DEMANDA"
"09";"022";"ARAUZO DE TORRE";"DEMANDA"
"09";"023";"ARCOS";"ARLANZON"
"09";"024";"ARENILLAS DE RIOPISUERGA";"PISUERGA"
"09";"026";"ARIJA";"MERINDADES"
"09";"027";"ARLANZON";"ARLANZON"
"09";"028";"ARRAYA DE OCA";"BUREBA-EBRO"
"09";"030";"ATAPUERCA";"ARLANZON"
"09";"031";"AUSINES (LOS)";"ARLANZON"
"09";"033";"AVELLANOSA DE MUÑO";"ARLANZA"
"09";"034";"BAHABON DE ESGUEVA";"ARLANZA"
"09";"035";"BALBASES (LOS)";"PISUERGA"
"09";"036";"BAÑOS DE VALDEARADOS";"LA RIBERA"
"09";"037";"BAÑUELOS DE BUREBA";"BUREBA-EBRO"
"09";"038";"BARBADILLO DE HERREROS";"DEMANDA"
"09";"039";"BARBADILLO DEL MERCADO";"DEMANDA"
"09";"040";"BARBADILLO DEL PEZ";"DEMANDA"
"09";"042";"BARRIO DE MUÑO";"PISUERGA"
"09";"044";"BARRIOS DE BUREBA (LOS)";"BUREBA-EBRO"
"09";"045";"BARRIOS DE COLINA";"ARLANZON"
"09";"047";"BASCONCILLOS DEL TOZO";"PARAMOS"
"09";"048";"BASCUÑANA";"BUREBA-EBRO"
"09";"049";"BELBIMBRE";"PISUERGA"
"09";"050";"BELORADO";"BUREBA-EBRO"
"09";"052";"BERBERANA";"MERINDADES"
"09";"053";"BERLANGAS DE ROA";"LA RIBERA"
"09";"054";"BERZOSA DE BUREBA";"BUREBA-EBRO"
"09";"056";"BOZOO";"BUREBA-EBRO"
"09";"057";"BRAZACORTA";"LA RIBERA"
"09";"058";"BRIVIESCA";"BUREBA-EBRO"
"09";"059";"BUGEDO";"BUREBA-EBRO"
"09";"060";"BUNIEL";"ARLANZON"
"09";"062";"BUSTO DE BUREBA";"BUREBA-EBRO"
"09";"063";"CABAÑES DE ESGUEVA";"ARLANZA"
"09";"064";"CABEZON DE LA SIERRA";"DEMANDA"
"09";"065";"CABIA";"ARLANZON"
"09";"066";"CALERUEGA";"LA RIBERA"
"09";"068";"CAMPILLO DE ARANDA";"LA RIBERA"
"09";"069";"CAMPOLARA";"DEMANDA"
"09";"070";"CANICOSA DE LA SIERRA";"DEMANDA"
"09";"071";"CANTABRANA";"BUREBA-EBRO"
"09";"073";"CARAZO";"DEMANDA"
"09";"074";"CARCEDO DE BUREBA";"BUREBA-EBRO"
"09";"075";"CARCEDO DE BURGOS";"ARLANZON"
"09";"076";"CARDEÑADIJO";"ARLANZON"
"09";"077";"CARDEÑAJIMENO";"ARLANZON"
"09";"078";"CARDEÑUELA RIOPICO";"ARLANZON"
"09";"079";"CARRIAS";"BUREBA-EBRO"
"09";"080";"CASCAJARES DE BUREBA";"BUREBA-EBRO"
"09";"081";"CASCAJARES DE LA SIERRA";"DEMANDA"
"09";"082";"CASTELLANOS DE CASTRO";"PISUERGA"
"09";"085";"CASTILDELGADO";"BUREBA-EBRO"
"09";"086";"CASTIL DE PEONES";"BUREBA-EBRO"
"09";"087";"CASTRILLO DE LA REINA";"DEMANDA"
"09";"088";"CASTRILLO DE LA VEGA";"LA RIBERA"
"09";"089";"CASTRILLO DEL VAL";"ARLANZON"
"09";"091";"CASTRILLO DE RIOPISUERGA";"PISUERGA"
"09";"093";"CASTRILLO MOTA DE JUDIOS";"PISUERGA"
"09";"094";"CASTROJERIZ";"PISUERGA"
"09";"096";"CAYUELA";"ARLANZON"
"09";"097";"CEBRECOS";"ARLANZA"
"09";"098";"CELADA DEL CAMINO";"ARLANZON"
"09";"101";"CEREZO DE RIO TIRON";"BUREBA-EBRO"
"09";"103";"CERRATON DE JUARROS";"BUREBA-EBRO"
"09";"104";"CIADONCHA";"ARLANZA"
"09";"105";"CILLAPERLATA";"BUREBA-EBRO"
"09";"106";"CILLERUELO DE ABAJO";"ARLANZA"
"09";"107";"CILLERUELO DE ARRIBA";"ARLANZA"
"09";"108";"CIRUELOS DE CERVERA";"ARLANZA"
"09";"111";"COGOLLOS";"ARLANZA"
"09";"112";"CONDADO DE TREVIÑO";"BUREBA-EBRO"
"09";"113";"CONTRERAS";"DEMANDA"
"09";"115";"CORUÑA DEL CONDE";"LA RIBERA"
"09";"116";"COVARRUBIAS";"ARLANZA"
"09";"117";"CUBILLO DEL CAMPO";"ARLANZON"
"09";"118";"CUBO DE BUREBA";"BUREBA-EBRO"
"09";"120";"CUEVA DE ROA (LA)";"LA RIBERA"
"09";"122";"CUEVAS DE SAN CLEMENTE";"ARLANZON"
"09";"123";"ENCIO";"BUREBA-EBRO"
"09";"125";"ESPINOSA DE CERVERA";"DEMANDA"
"09";"126";"ESPINOSA DEL CAMINO";"BUREBA-EBRO"
"09";"127";"ESPINOSA DE LOS MONTEROS";"MERINDADES"
"09";"128";"ESTEPAR";"ARLANZON"
"09";"130";"FONTIOSO";"ARLANZA"
"09";"131";"FRANDOVINEZ";"ARLANZON"
"09";"132";"FRESNEDA DE LA SIERRA TIRON";"DEMANDA"
"09";"133";"FRESNEÑA";"BUREBA-EBRO"
"09";"134";"FRESNILLO DE LAS DUEÑAS";"LA RIBERA"
"09";"135";"FRESNO DE RIO TIRON";"BUREBA-EBRO"
"09";"136";"FRESNO DE RODILLA";"ARLANZON"
"09";"137";"FRIAS";"BUREBA-EBRO"
"09";"138";"FUENTEBUREBA";"BUREBA-EBRO"
"09";"139";"FUENTECEN";"LA RIBERA"
"09";"140";"FUENTELCESPED";"LA RIBERA"
"09";"141";"FUENTELISENDO";"LA RIBERA"
"09";"142";"FUENTEMOLINOS";"LA RIBERA"
"09";"143";"FUENTENEBRO";"LA RIBERA"
"09";"144";"FUENTESPINA";"LA RIBERA"
"09";"146";"GALBARROS";"BUREBA-EBRO"
"09";"147";"GALLEGA (LA)";"DEMANDA"
"09";"151";"GRIJALBA";"PISUERGA"
"09";"152";"GRISALEÑA";"BUREBA-EBRO"
"09";"154";"GUMIEL DE IZÁN";"LA RIBERA"
"09";"155";"GUMIEL DE MERCADO";"LA RIBERA"
"09";"157";"HACINAS";"DEMANDA"
"09";"158";"HAZA";"LA RIBERA"
"09";"162";"HONTANAS";"PISUERGA"
"09";"163";"HONTANGAS";"LA RIBERA"
"09";"165";"HONTORIA DE LA CANTERA";"ARLANZON"
"09";"166";"HONTORIA DEL PINAR";"DEMANDA"
"09";"167";"HONTORIA DE VALDEARADOS";"LA RIBERA"
"09";"169";"HORMAZAS (LAS)";"PISUERGA"
"09";"170";"HORNILLOS DEL CAMINO";"ARLANZON"
"09";"171";"HORRA (LA)";"LA RIBERA"
"09";"172";"HORTIGÜELA";"DEMANDA"
"09";"173";"HOYALES DE ROA";"LA RIBERA"
"09";"175";"HUERMECES";"PARAMOS"
"09";"176";"HUERTA DE ARRIBA";"DEMANDA"
"09";"177";"HUERTA DE REY";"DEMANDA"
"09";"178";"HUMADA";"PARAMOS"
"09";"179";"HURONES";"ARLANZON"
"09";"180";"IBEAS DE JUARROS";"ARLANZON"
"09";"181";"IBRILLOS";"BUREBA-EBRO"
"09";"182";"IGLESIARRUBIA";"ARLANZA"
"09";"183";"IGLESIAS";"PISUERGA"
"09";"184";"ISAR";"ARLANZON"
"09";"185";"ITERO DEL CASTILLO";"PISUERGA"
"09";"186";"JARAMILLO DE LA FUENTE";"DEMANDA"
"09";"187";"JARAMILLO QUEMADO";"DEMANDA"
"09";"191";"VALLE DE LOSA";"MERINDADES"
"09";"192";"JUNTA DE TRASLALOMA";"MERINDADES"
"09";"193";"JUNTA DE VILLALBA DE LOSA";"MERINDADES"
"09";"194";"JURISDICCION DE LARA";"DEMANDA"
"09";"195";"JURISDICCION DE SAN ZADORNIL";"MERINDADES"
"09";"197";"LERMA";"ARLANZA"
"09";"199";"LLANO DE BUREBA";"BUREBA-EBRO"
"09";"200";"MADRIGAL DEL MONTE";"ARLANZA"
"09";"201";"MADRIGALEJO DEL MONTE";"ARLANZA"
"09";"202";"MAHAMUD";"ARLANZA"
"09";"203";"MAMBRILLA DE CASTREJON";"LA RIBERA"
"09";"204";"MAMBRILLAS DE LARA";"DEMANDA"
"09";"205";"MAMOLAR";"DEMANDA"
"09";"206";"MANCILES";"PISUERGA"
"09";"211";"MAZUELA";"ARLANZA"
"09";"213";"MECERREYES";"ARLANZA"
"09";"214";"MEDINA DE POMAR";"MERINDADES"
"09";"216";"MELGAR DE FERNAMENTAL";"PISUERGA"
"09";"218";"MERINDAD DE CUESTA-URRIA";"MERINDADES"
"09";"219";"MERINDAD DE MONTIJA";"MERINDADES"
"09";"220";"MERINDAD DE SOTOSCUEVA";"MERINDADES"
"09";"221";"MERINDAD DE VALDEPORRES";"MERINDADES"
"09";"222";"MERINDAD DE VALDIVIELSO";"MERINDADES"
"09";"223";"MILAGROS";"LA RIBERA"
"09";"224";"MIRANDA DE EBRO";"BUREBA-EBRO"
"09";"225";"MIRAVECHE";"BUREBA-EBRO"
"09";"226";"MODUBAR DE LA EMPAREDADA";"ARLANZON"
"09";"228";"MONASTERIO DE LA SIERRA";"DEMANDA"
"09";"229";"MONASTERIO DE RODILLA";"BUREBA-EBRO"
"09";"230";"MONCALVILLO";"DEMANDA"
"09";"231";"MONTERRUBIO DE LA DEMANDA";"DEMANDA"
"09";"232";"MONTORIO";"PARAMOS"
"09";"233";"MORADILLO DE ROA";"LA RIBERA"
"09";"235";"NAVA DE ROA";"LA RIBERA"
"09";"236";"NAVAS DE BUREBA";"BUREBA-EBRO"
"09";"237";"NEBREDA";"ARLANZA"
"09";"238";"NEILA";"DEMANDA"
"09";"241";"OLMEDILLO DE ROA";"LA RIBERA"
"09";"242";"OLMILLOS DE MUÑO";"ARLANZA"
"09";"245";"OÑA";"BUREBA-EBRO"
"09";"246";"OQUILLAS";"LA RIBERA"
"09";"248";"ORBANEJA RIOPICO";"ARLANZON"
"09";"250";"PADILLA DE ABAJO";"PISUERGA"
"09";"251";"PADILLA DE ARRIBA";"PISUERGA"
"09";"252";"PADRONES DE BUREBA";"BUREBA-EBRO"
"09";"254";"PALACIOS DE LA SIERRA";"DEMANDA"
"09";"255";"PALACIOS DE RIOPISUERGA";"PISUERGA"
"09";"256";"PALAZUELOS DE LA SIERRA";"ARLANZON"
"09";"257";"PALAZUELOS DE MUÑO";"PISUERGA"
"09";"258";"PAMPLIEGA";"PISUERGA"
"09";"259";"PANCORBO";"BUREBA-EBRO"
"09";"261";"PARDILLA";"LA RIBERA"
"09";"263";"PARTIDO DE LA SIERRA EN TOBALINA";"BUREBA-EBRO"
"09";"264";"PEDROSA DE DUERO";"LA RIBERA"
"09";"265";"PEDROSA DEL PARAMO";"PISUERGA"
"09";"266";"PEDROSA DEL PRINCIPE";"PISUERGA"
"09";"267";"PEDROSA DE RIO URBEL";"ARLANZON"
"09";"269";"PEÑARANDA DE DUERO";"LA RIBERA"
"09";"270";"PERAL DE ARLANZA";"ARLANZA"
"09";"273";"PIERNIGAS";"BUREBA-EBRO"
"09";"274";"PINEDA DE LA SIERRA";"DEMANDA"
"09";"275";"PINEDA-TRASMONTE";"ARLANZA"
"09";"276";"PINILLA DE LOS BARRUECOS";"DEMANDA"
"09";"277";"PINILLA DE LOS MOROS";"DEMANDA"
"09";"278";"PINILLA-TRASMONTE";"ARLANZA"
"09";"280";"POZA DE LA SAL";"BUREBA-EBRO"
"09";"281";"PRADANOS DE BUREBA";"BUREBA-EBRO"
"09";"282";"PRADOLUENGO";"DEMANDA"
"09";"283";"PRESENCIO";"ARLANZA"
"09";"284";"LA PUEBLA DE ARGANZON";"BUREBA-EBRO"
"09";"285";"PUENTEDURA";"ARLANZA"
"09";"287";"QUEMADA";"LA RIBERA"
"09";"288";"QUINTANABUREBA";"BUREBA-EBRO"
"09";"289";"QUINTANA DEL PIDIO";"LA RIBERA"
"09";"290";"ALFOZ DE QUINTANADUEÑAS";"ARLANZON"
"09";"291";"QUINTANAELEZ";"BUREBA-EBRO"
"09";"296";"QUINTANAORTUÑO";"ARLANZON"
"09";"297";"QUINTANAPALLA";"ARLANZON"
"09";"298";"QUINTANAR DE LA SIERRA";"DEMANDA"
"09";"301";"QUINTANAVIDES";"BUREBA-EBRO"
"09";"303";"QUINTANILLA DEL AGUA-TORDUELES";"ARLANZA"
"09";"304";"QUINTANILLA DE LA MATA";"ARLANZA"
"09";"305";"QUINTANILLA DEL COCO";"ARLANZA"
"09";"307";"QUINTANILLAS (LAS)";"ARLANZON"
"09";"308";"QUINTANILLA SAN GARCIA";"BUREBA-EBRO"
"09";"311";"QUINTANILLA VIVAR";"ARLANZON"
"09";"312";"RABANERA DEL PINAR";"DEMANDA"
"09";"313";"RABANOS";"DEMANDA"
"09";"314";"RABE DE LAS CALZADAS";"ARLANZON"
"09";"316";"REBOLLEDO DE LA TORRE";"PARAMOS"
"09";"317";"REDECILLA DEL CAMINO";"BUREBA-EBRO"
"09";"318";"REDECILLA DEL CAMPO";"BUREBA-EBRO"
"09";"319";"REGUMIEL DE LA SIERRA";"DEMANDA"
"09";"320";"REINOSO";"BUREBA-EBRO"
"09";"322";"RETUERTA";"ARLANZA"
"09";"323";"REVILLA Y AHEDO (LA)";"DEMANDA"
"09";"325";"REVILLA DEL CAMPO";"ARLANZON"
"09";"326";"REVILLARRUZ";"ARLANZON"
"09";"327";"REVILLA VALLEJERA";"PISUERGA"
"09";"328";"REZMONDO";"PISUERGA"
"09";"329";"RIOCAVADO DE LA SIERRA";"DEMANDA"
"09";"331";"VALLE DE LAS NAVAS";"ARLANZON"
"09";"332";"ROA";"LA RIBERA"
"09";"334";"ROJAS";"BUREBA-EBRO"
"09";"336";"ROYUELA DE RIO FRANCO";"ARLANZA"
"09";"337";"RUBENA";"ARLANZON"
"09";"338";"RUBLACEDO DE ABAJO";"BUREBA-EBRO"
"09";"339";"RUCANDIO";"BUREBA-EBRO"
"09";"340";"SALAS DE BUREBA";"BUREBA-EBRO"
"09";"341";"SALAS DE LOS INFANTES";"DEMANDA"
"09";"343";"SALDAÑA DE BURGOS";"ARLANZON"
"09";"345";"SALINILLAS DE BUREBA";"BUREBA-EBRO"
"09";"346";"SAN ADRIAN DE JUARROS";"ARLANZON"
"09";"348";"SAN JUAN DEL MONTE";"LA RIBERA"
"09";"349";"SAN MAMES DE BURGOS";"ARLANZON"
"09";"350";"SAN MARTIN DE RUBIALES";"LA RIBERA"
"09";"351";"SAN MILLAN DE LARA";"DEMANDA"
"09";"354";"SANTA CECILIA";"ARLANZA"
"09";"356";"SANTA CRUZ DE LA SALCEDA";"LA RIBERA"
"09";"357";"SANTA CRUZ DEL VALLE URBION";"DEMANDA"
"09";"358";"SANTA GADEA DEL CID";"BUREBA-EBRO"
"09";"359";"SANTA INES";"ARLANZA"
"09";"361";"SANTA MARIA DEL CAMPO";"ARLANZA"
"09";"362";"SANTA MARIA DEL INVIERNO";"BUREBA-EBRO"
"09";"363";"SANTA MARIA DEL MERCADILLO";"ARLANZA"
"09";"364";"SANTA MARIA RIVARREDONDA";"BUREBA-EBRO"
"09";"366";"SANTA OLALLA DE BUREBA";"BUREBA-EBRO"
"09";"367";"SANTIBAÑEZ DE ESGUEVA";"ARLANZA"
"09";"368";"SANTIBAÑEZ DEL VAL";"ARLANZA"
"09";"369";"VALLE DE SANTIBAÑEZ";"ARLANZON"
"09";"370";"SANTO DOMINGO DE SILOS";"DEMANDA"
"09";"372";"SAN VICENTE DEL VALLE";"DEMANDA"
"09";"373";"SARGENTES DE LA LORA";"PARAMOS"
"09";"374";"SARRACIN";"ARLANZON"
"09";"375";"SASAMON";"PISUERGA"
"09";"376";"VALLE DE SEDANO";"PARAMOS"
"09";"377";"SEQUERA DE HAZA (LA)";"LA RIBERA"
"09";"378";"SOLARANA";"ARLANZA"
"09";"380";"SORDILLOS";"PISUERGA"
"09";"381";"SOTILLO DE LA RIBERA";"LA RIBERA"
"09";"384";"SOTRAGERO";"ARLANZON"
"09";"385";"SOTRESGUDO";"PISUERGA"
"09";"386";"SUSINOS DEL PARAMO";"ARLANZON"
"09";"387";"TAMARON";"PISUERGA"
"09";"389";"TARDAJOS";"ARLANZON"
"09";"390";"TEJADA";"ARLANZA"
"09";"392";"TERRADILLOS DE ESGUEVA";"LA RIBERA"
"09";"393";"TINIEBLAS DE LA SIERRA";"DEMANDA"
"09";"394";"TOBAR";"PISUERGA"
"09";"396";"TORDOMAR";"ARLANZA"
"09";"398";"TORRECILLA DEL MONTE";"ARLANZA"
"09";"399";"TORREGALINDO";"LA RIBERA"
"09";"400";"TORRELARA";"DEMANDA"
"09";"401";"TORREPADRE";"ARLANZA"
"09";"402";"TORRESANDINO";"ARLANZA"
"09";"403";"TORTOLES DE ESGUEVA";"ARLANZA"
"09";"404";"TOSANTOS";"BUREBA-EBRO"
"09";"406";"TRESPADERNE";"MERINDADES"
"09";"407";"TUBILLA DEL AGUA";"PARAMOS"
"09";"408";"TUBILLA DEL LAGO";"LA RIBERA"
"09";"409";"MERINDAD DE RIO UBIERNA";"ARLANZON"
"09";"410";"URBEL DEL CASTILLO";"PARAMOS"
"09";"412";"VADOCONDES";"LA RIBERA"
"09";"415";"VALDEANDE";"LA RIBERA"
"09";"417";"VALDEZATE";"LA RIBERA"
"09";"418";"VALDORROS";"ARLANZA"
"09";"419";"VALMALA";"DEMANDA"
"09";"420";"VALLARTA DE BUREBA";"BUREBA-EBRO"
"09";"421";"VALLE DE MANZANEDO";"MERINDADES"
"09";"422";"VALLE DE MENA";"MERINDADES"
"09";"423";"VALLE DE OCA";"BUREBA-EBRO"
"09";"424";"VALLE DE TOBALINA";"MERINDADES"
"09";"425";"VALLE DE VALDEBEZANA";"MERINDADES"
"09";"426";"VALLE DE VALDELAGUNA";"DEMANDA"
"09";"427";"VALLE DE VALDELUCIO";"PARAMOS"
"09";"428";"VALLE DE ZAMANZAS";"MERINDADES"
"09";"429";"VALLEJERA";"PISUERGA"
"09";"430";"VALLES DE PALENZUELA";"PISUERGA"
"09";"431";"VALLUERCANES";"BUREBA-EBRO"
"09";"433";"VID Y BARRIOS (LA)";"LA RIBERA"
"09";"434";"VID DE BUREBA (LA)";"BUREBA-EBRO"
"09";"435";"VILEÑA";"BUREBA-EBRO"
"09";"436";"VILORIA DE RIOJA";"BUREBA-EBRO"
"09";"437";"VILVIESTRE DEL PINAR";"DEMANDA"
"09";"439";"VILLADIEGO";"PISUERGA"
"09";"440";"VILLAESCUSA DE ROA";"LA RIBERA"
"09";"441";"VILLAESCUSA LA SOMBRIA";"BUREBA-EBRO"
"09";"442";"VILLAESPASA";"DEMANDA"
"09";"443";"VILLAFRANCA MONTES DE OCA";"DEMANDA"
"09";"445";"VILLAFRUELA";"ARLANZA"
"09";"446";"VILLAGALIJO";"DEMANDA"
"09";"447";"VILLAGONZALO PEDERNALES";"ARLANZON"
"09";"450";"VILLAHOZ";"ARLANZA"
"09";"451";"VILLALBA DE DUERO";"LA RIBERA"
"09";"452";"VILLALBILLA DE BURGOS";"ARLANZON"
"09";"453";"VILLALBILLA DE GUMIEL";"LA RIBERA"
"09";"455";"VILLALDEMIRO";"PISUERGA"
"09";"456";"VILLALMANZO";"ARLANZA"
"09";"458";"VILLAMAYOR DE LOS MONTES";"ARLANZA"
"09";"459";"VILLAMAYOR DE TREVIÑO";"PISUERGA"
"09";"460";"VILLAMBISTIA";"BUREBA-EBRO"
"09";"461";"VILLAMEDIANILLA";"PISUERGA"
"09";"462";"VILLAMIEL DE LA SIERRA";"ARLANZON"
"09";"463";"VILLANGOMEZ";"ARLANZA"
"09";"464";"VILLANUEVA DE ARGAÑO";"ARLANZON"
"09";"465";"VILLANUEVA DE CARAZO";"DEMANDA"
"09";"466";"VILLANUEVA DE GUMIEL";"LA RIBERA"
"09";"470";"VILLANUEVA DE TEBA";"BUREBA-EBRO"
"09";"471";"VILLAQUIRAN DE LA PUEBLA";"PISUERGA"
"09";"472";"VILLAQUIRAN DE LOS INFANTES";"PISUERGA"
"09";"473";"VILLARCAYO DE MERINDAD DE CASTILLA LA VIEJA";"MERINDADES"
"09";"474";"VILLARIEZO";"ARLANZON"
"09";"477";"VILLASANDINO";"PISUERGA"
"09";"480";"VILLASUR DE HERREROS";"DEMANDA"
"09";"481";"VILLATUELDA";"LA RIBERA"
"09";"483";"VILLAVERDE DEL MONTE";"ARLANZA"
"09";"484";"VILLAVERDE-MOGINA";"PISUERGA"
"09";"488";"VILLAYERNO MORQUILLAS";"ARLANZON"
"09";"489";"VILLAZOPEQUE";"PISUERGA"
"09";"490";"VILLEGAS";"PISUERGA"
"09";"493";"VILLORUEBO";"DEMANDA"
"09";"496";"VIZCAINOS";"DEMANDA"
"09";"498";"ZAEL";"ARLANZA"
"09";"500";"ZARZOSA DE RIO PISUERGA";"PISUERGA"
"09";"501";"ZAZUAR";"LA RIBERA"
"09";"503";"ZUÑEDA";"BUREBA-EBRO"
"09";"900";"BURGOS";"ARLANZON"
"10";"001";"ABADIA";"HERVAS"
"10";"002";"ABERTURA";"LOGROSAN"
"10";"003";"ACEBO";"CORIA"
"10";"004";"ACEHUCHE";"BROZAS"
"10";"005";"ACEITUNA";"PLASENCIA"
"10";"006";"AHIGAL";"HERVAS"
"10";"007";"ALBALA";"CACERES"
"10";"008";"ALCANTARA";"BROZAS"
"10";"009";"ALCOLLARIN";"LOGROSAN"
"10";"010";"ALCUESCAR";"CACERES"
"10";"011";"ALDEACENTENERA";"TRUJILLO"
"10";"012";"ALDEA DEL CANO";"CACERES"
"10";"013";"ALDEA DEL OBISPO (LA)";"TRUJILLO"
"10";"014";"ALDEANUEVA DE LA VERA";"JARAIZ DE LA VERA"
"10";"015";"ALDEANUEVA DEL CAMINO";"HERVAS"
"10";"016";"ALDEHUELA DE JERTE";"PLASENCIA"
"10";"017";"ALIA";"LOGROSAN"
"10";"018";"ALISEDA";"CACERES"
"10";"019";"ALMARAZ";"NAVALMORAL DE LA MATA"
"10";"020";"ALMOHARIN";"TRUJILLO"
"10";"022";"ARROYO DE LA LUZ";"CACERES"
"10";"023";"ARROYOMOLINOS DE LA VERA";"PLASENCIA"
"10";"024";"ARROYOMOLINOS";"CACERES"
"10";"025";"BAÑOS DE MONTEMAYOR";"HERVAS"
"10";"026";"BARRADO";"PLASENCIA"
"10";"027";"BELVIS DE MONROY";"NAVALMORAL DE LA MATA"
"10";"028";"BENQUERENCIA";"CACERES"
"10";"029";"BERROCALEJO";"NAVALMORAL DE LA MATA"
"10";"030";"BERZOCANA";"LOGROSAN"
"10";"031";"BOHONAL DE IBOR";"NAVALMORAL DE LA MATA"
"10";"032";"BOTIJA";"CACERES"
"10";"033";"BROZAS";"BROZAS"
"10";"034";"CABAÑAS DEL CASTILLO";"LOGROSAN"
"10";"035";"CABEZABELLOSA";"PLASENCIA"
"10";"036";"CABEZUELA DEL VALLE";"PLASENCIA"
"10";"037";"CABRERO";"PLASENCIA"
"10";"039";"CACHORRILLA";"CORIA"
"10";"040";"CADALSO";"CORIA"
"10";"041";"CALZADILLA";"CORIA"
"10";"042";"CAMINOMORISCO";"HERVAS"
"10";"043";"CAMPILLO DE DELEITOSA";"NAVALMORAL DE LA MATA"
"10";"044";"CAMPO LUGAR";"LOGROSAN"
"10";"045";"CAÑAMERO";"LOGROSAN"
"10";"046";"CAÑAVERAL";"CACERES"
"10";"047";"CARBAJO";"VALENCIA DE ALCANTARA"
"10";"048";"CARCABOSO";"PLASENCIA"
"10";"049";"CARRASCALEJO";"NAVALMORAL DE LA MATA"
"10";"050";"CASAR DE CACERES";"CACERES"
"10";"051";"CASAR DE PALOMERO";"HERVAS"
"10";"052";"CASARES DE LAS HURDES";"HERVAS"
"10";"053";"CASAS DE DON ANTONIO";"CACERES"
"10";"054";"CASAS DE DON GOMEZ";"CORIA"
"10";"055";"CASAS DEL CASTAÑAR";"PLASENCIA"
"10";"056";"CASAS DEL MONTE";"HERVAS"
"10";"057";"CASAS DE MILLAN";"CACERES"
"10";"058";"CASAS DE MIRAVETE";"NAVALMORAL DE LA MATA"
"10";"059";"CASATEJADA";"NAVALMORAL DE LA MATA"
"10";"060";"CASILLAS DE CORIA";"CORIA"
"10";"061";"CASTAÑAR DE IBOR";"NAVALMORAL DE LA MATA"
"10";"062";"CECLAVIN";"BROZAS"
"10";"063";"CEDILLO";"VALENCIA DE ALCANTARA"
"10";"064";"CEREZO";"HERVAS"
"10";"065";"CILLEROS";"CORIA"
"10";"066";"COLLADO DE LA VERA";"JARAIZ DE LA VERA"
"10";"067";"CONQUISTA DE LA SIERRA";"TRUJILLO"
"10";"068";"CORIA";"CORIA"
"10";"069";"CUACOS DE YUSTE";"JARAIZ DE LA VERA"
"10";"070";"CUMBRE (LA)";"TRUJILLO"
"10";"071";"DELEITOSA";"NAVALMORAL DE LA MATA"
"10";"072";"DESCARGAMARIA";"CORIA"
"10";"073";"ELJAS";"CORIA"
"10";"074";"ESCURIAL";"TRUJILLO"
"10";"076";"FRESNEDOSO DE IBOR";"NAVALMORAL DE LA MATA"
"10";"077";"GALISTEO";"PLASENCIA"
"10";"078";"GARCIAZ";"TRUJILLO"
"10";"079";"GARGANTA (LA)";"HERVAS"
"10";"080";"GARGANTA LA OLLA";"JARAIZ DE LA VERA"
"10";"081";"GARGANTILLA";"HERVAS"
"10";"082";"GARGUERA";"PLASENCIA"
"10";"083";"GARROVILLAS DE ALCONETAR";"CACERES"
"10";"084";"GARVIN";"NAVALMORAL DE LA MATA"
"10";"085";"GATA";"CORIA"
"10";"086";"GORDO (EL)";"NAVALMORAL DE LA MATA"
"10";"088";"GRANJA (LA)";"HERVAS"
"10";"090";"GUADALUPE";"LOGROSAN"
"10";"091";"GUIJO DE CORIA";"CORIA"
"10";"092";"GUIJO DE GALISTEO";"CORIA"
"10";"093";"GUIJO DE GRANADILLA";"HERVAS"
"10";"094";"GUIJO DE SANTA BARBARA";"JARAIZ DE LA VERA"
"10";"095";"HERGUIJUELA";"TRUJILLO"
"10";"096";"HERNAN-PEREZ";"CORIA"
"10";"097";"HERRERA DE ALCANTARA";"VALENCIA DE ALCANTARA"
"10";"098";"HERRERUELA";"VALENCIA DE ALCANTARA"
"10";"099";"HERVAS";"HERVAS"
"10";"100";"HIGUERA";"NAVALMORAL DE LA MATA"
"10";"101";"HINOJAL";"CACERES"
"10";"102";"HOLGUERA";"CORIA"
"10";"103";"HOYOS";"CORIA"
"10";"104";"HUELAGA";"CORIA"
"10";"105";"IBAHERNANDO";"TRUJILLO"
"10";"106";"JARAICEJO";"TRUJILLO"
"10";"107";"JARAIZ DE LA VERA";"JARAIZ DE LA VERA"
"10";"108";"JARANDILLA DE LA VERA";"JARAIZ DE LA VERA"
"10";"109";"JARILLA";"HERVAS"
"10";"110";"JERTE";"PLASENCIA"
"10";"111";"LADRILLAR";"HERVAS"
"10";"112";"LOGROSAN";"LOGROSAN"
"10";"113";"LOSAR DE LA VERA";"JARAIZ DE LA VERA"
"10";"114";"MADRIGAL DE LA VERA";"JARAIZ DE LA VERA"
"10";"115";"MADRIGALEJO";"LOGROSAN"
"10";"116";"MADROÑERA";"TRUJILLO"
"10";"117";"MAJADAS";"NAVALMORAL DE LA MATA"
"10";"118";"MALPARTIDA DE CACERES";"CACERES"
"10";"119";"MALPARTIDA DE PLASENCIA";"PLASENCIA"
"10";"120";"MARCHAGAZ";"HERVAS"
"10";"121";"MATA DE ALCANTARA";"BROZAS"
"10";"122";"MEMBRIO";"VALENCIA DE ALCANTARA"
"10";"123";"MESAS DE IBOR";"NAVALMORAL DE LA MATA"
"10";"124";"MIAJADAS";"TRUJILLO"
"10";"125";"MILLANES";"NAVALMORAL DE LA MATA"
"10";"126";"MIRABEL";"PLASENCIA"
"10";"127";"MOHEDAS DE GRANADILLA";"HERVAS"
"10";"128";"MONROY";"CACERES"
"10";"129";"MONTANCHEZ";"CACERES"
"10";"130";"MONTEHERMOSO";"PLASENCIA"
"10";"131";"MORALEJA";"CORIA"
"10";"132";"MORCILLO";"CORIA"
"10";"133";"NAVACONCEJO";"PLASENCIA"
"10";"134";"NAVALMORAL DE LA MATA";"NAVALMORAL DE LA MATA"
"10";"135";"NAVALVILLAR DE IBOR";"NAVALMORAL DE LA MATA"
"10";"136";"NAVAS DEL MADROÑO";"BROZAS"
"10";"137";"NAVEZUELAS";"LOGROSAN"
"10";"138";"NUÑOMORAL";"HERVAS"
"10";"139";"OLIVA DE PLASENCIA";"PLASENCIA"
"10";"140";"PALOMERO";"HERVAS"
"10";"141";"PASARON DE LA VERA";"PLASENCIA"
"10";"142";"PEDROSO DE ACIM";"CORIA"
"10";"143";"PERALEDA DE LA MATA";"NAVALMORAL DE LA MATA"
"10";"144";"PERALEDA DE SAN ROMAN";"NAVALMORAL DE LA MATA"
"10";"145";"PERALES DEL PUERTO";"CORIA"
"10";"146";"PESCUEZA";"CORIA"
"10";"147";"PESGA (LA)";"HERVAS"
"10";"148";"PIEDRAS ALBAS";"BROZAS"
"10";"149";"PINOFRANQUEADO";"HERVAS"
"10";"150";"PIORNAL";"PLASENCIA"
"10";"151";"PLASENCIA";"PLASENCIA"
"10";"152";"PLASENZUELA";"TRUJILLO"
"10";"153";"PORTAJE";"CORIA"
"10";"154";"PORTEZUELO";"CORIA"
"10";"155";"POZUELO DE ZARZON";"CORIA"
"10";"156";"PUERTO DE SANTA CRUZ";"TRUJILLO"
"10";"157";"REBOLLAR";"PLASENCIA"
"10";"158";"RIOLOBOS";"CORIA"
"10";"159";"ROBLEDILLO DE GATA";"CORIA"
"10";"160";"ROBLEDILLO DE LA VERA";"JARAIZ DE LA VERA"
"10";"161";"ROBLEDILLO DE TRUJILLO";"TRUJILLO"
"10";"162";"ROBLEDOLLANO";"NAVALMORAL DE LA MATA"
"10";"163";"ROMANGORDO";"NAVALMORAL DE LA MATA"
"10";"164";"RUANES";"TRUJILLO"
"10";"165";"SALORINO";"VALENCIA DE ALCANTARA"
"10";"166";"SALVATIERRA DE SANTIAGO";"TRUJILLO"
"10";"167";"SAN MARTIN DE TREVEJO";"CORIA"
"10";"168";"SANTA ANA";"TRUJILLO"
"10";"169";"SANTA CRUZ DE LA SIERRA";"TRUJILLO"
"10";"170";"SANTA CRUZ DE PANIAGUA";"PLASENCIA"
"10";"171";"SANTA MARTA DE MAGASCA";"TRUJILLO"
"10";"172";"SANTIAGO DE ALCANTARA";"VALENCIA DE ALCANTARA"
"10";"173";"SANTIAGO DEL CAMPO";"CACERES"
"10";"174";"SANTIBAÑEZ EL ALTO";"CORIA"
"10";"175";"SANTIBAÑEZ EL BAJO";"PLASENCIA"
"10";"176";"SAUCEDILLA";"NAVALMORAL DE LA MATA"
"10";"177";"SEGURA DE TORO";"HERVAS"
"10";"178";"SERRADILLA";"PLASENCIA"
"10";"179";"SERREJON";"NAVALMORAL DE LA MATA"
"10";"180";"SIERRA DE FUENTES";"CACERES"
"10";"181";"TALAVAN";"CACERES"
"10";"183";"TALAVERUELA DE LA VERA";"JARAIZ DE LA VERA"
"10";"184";"TALAYUELA";"NAVALMORAL DE LA MATA"
"10";"185";"TEJEDA DE TIETAR";"PLASENCIA"
"10";"186";"TORIL";"NAVALMORAL DE LA MATA"
"10";"187";"TORNAVACAS";"PLASENCIA"
"10";"188";"TORNO (EL)";"PLASENCIA"
"10";"189";"TORRECILLA DE LOS ANGELES";"CORIA"
"10";"190";"TORRECILLAS DE LA TIESA";"TRUJILLO"
"10";"191";"TORRE DE DON MIGUEL";"CORIA"
"10";"192";"TORRE DE SANTA MARIA";"CACERES"
"10";"193";"TORREJONCILLO";"CORIA"
"10";"194";"TORREJON EL RUBIO";"PLASENCIA"
"10";"195";"TORREMENGA";"PLASENCIA"
"10";"196";"TORREMOCHA";"CACERES"
"10";"197";"TORREORGAZ";"CACERES"
"10";"198";"TORREQUEMADA";"CACERES"
"10";"199";"TRUJILLO";"TRUJILLO"
"10";"200";"VALDASTILLAS";"PLASENCIA"
"10";"201";"VALDECAÑAS DE TAJO";"NAVALMORAL DE LA MATA"
"10";"202";"VALDEFUENTES";"CACERES"
"10";"203";"VALDEHUNCAR";"NAVALMORAL DE LA MATA"
"10";"204";"VALDELACASA DE TAJO";"NAVALMORAL DE LA MATA"
"10";"205";"VALDEMORALES";"CACERES"
"10";"206";"VALDEOBISPO";"PLASENCIA"
"10";"207";"VALENCIA DE ALCANTARA";"VALENCIA DE ALCANTARA"
"10";"208";"VALVERDE DE LA VERA";"JARAIZ DE LA VERA"
"10";"209";"VALVERDE DEL FRESNO";"CORIA"
"10";"210";"VIANDAR DE LA VERA";"JARAIZ DE LA VERA"
"10";"211";"VILLA DEL CAMPO";"CORIA"
"10";"212";"VILLA DEL REY";"BROZAS"
"10";"213";"VILLAMESIAS";"TRUJILLO"
"10";"214";"VILLAMIEL";"CORIA"
"10";"215";"VILLANUEVA DE LA SIERRA";"CORIA"
"10";"216";"VILLANUEVA DE LA VERA";"JARAIZ DE LA VERA"
"10";"217";"VILLAR DEL PEDROSO";"NAVALMORAL DE LA MATA"
"10";"218";"VILLAR DE PLASENCIA";"PLASENCIA"
"10";"219";"VILLASBUENAS DE GATA";"CORIA"
"10";"220";"ZARZA DE GRANADILLA";"HERVAS"
"10";"221";"ZARZA DE MONTANCHEZ";"CACERES"
"10";"222";"ZARZA LA MAYOR";"BROZAS"
"10";"223";"ZORITA";"LOGROSAN"
"10";"224";"ALAGÓN DEL RIO";"PLASENCIA"
"10";"225";"VEGAVIANA";"CORIA"
"10";"226";"TIETAR";"NAVALMORAL DE LA MATA"
"10";"227";"PUEBLONUEVO DE MIRAMONTES";"NAVALMORAL DE LA MATA"
"10";"900";"CACERES";"CACERES"
"10";"901";"ROSALEJO";"NAVALMORAL DE LA MATA"
"11";"001";"Alcalá de los Gazules";"DE LA JANDA"
"11";"002";"Alcalá del Valle";"SIERRA DE CADIZ"
"11";"003";"Algar";"CAMPIÑA DE CADIZ"
"11";"004";"Algeciras";"CAMPO DE GIBRALTAR"
"11";"005";"Algodonales";"SIERRA DE CADIZ"
"11";"006";"Arcos de la Frontera";"CAMPIÑA DE CADIZ"
"11";"007";"Barbate";"DE LA JANDA"
"11";"008";"Barrios (Los)";"CAMPO DE GIBRALTAR"
"11";"009";"Benaocaz";"SIERRA DE CADIZ"
"11";"010";"Bornos";"CAMPIÑA DE CADIZ"
"11";"011";"Bosque (El)";"SIERRA DE CADIZ"
"11";"013";"Castellar de la Frontera";"CAMPO DE GIBRALTAR"
"11";"014";"Conil de la Frontera";"COSTA NOROESTE DE CADIZ"
"11";"015";"Chiclana de la Frontera";"COSTA NOROESTE DE CADIZ"
"11";"016";"Chipiona";"COSTA NOROESTE DE CADIZ"
"11";"017";"Espera";"CAMPIÑA DE CADIZ"
"11";"018";"Gastor (El)";"SIERRA DE CADIZ"
"11";"019";"Grazalema";"SIERRA DE CADIZ"
"11";"020";"Jerez de la Frontera";"CAMPIÑA DE CADIZ"
"11";"021";"Jimena de la Frontera";"CAMPO DE GIBRALTAR"
"11";"022";"Línea de la Concepción (La)";"CAMPO DE GIBRALTAR"
"11";"023";"Medina-Sidonia";"DE LA JANDA"
"11";"024";"Olvera";"SIERRA DE CADIZ"
"11";"025";"Paterna de Rivera";"DE LA JANDA"
"11";"026";"Prado del Rey";"SIERRA DE CADIZ"
"11";"027";"Puerto de Santa María (El)";"CAMPIÑA DE CADIZ"
"11";"028";"Puerto Real";"DE LA JANDA"
"11";"029";"Puerto Serrano";"SIERRA DE CADIZ"
"11";"030";"Rota";"COSTA NOROESTE DE CADIZ"
"11";"031";"San Fernando";"COSTA NOROESTE DE CADIZ"
"11";"032";"Sanlúcar de Barrameda";"COSTA NOROESTE DE CADIZ"
"11";"033";"San Roque";"CAMPO DE GIBRALTAR"
"11";"034";"Setenil de las Bodegas";"SIERRA DE CADIZ"
"11";"035";"Tarifa";"CAMPO DE GIBRALTAR"
"11";"036";"Torre-Alháquime";"SIERRA DE CADIZ"
"11";"037";"Trebujena";"CAMPIÑA DE CADIZ"
"11";"038";"Ubrique";"SIERRA DE CADIZ"
"11";"039";"Vejer de la Frontera";"DE LA JANDA"
"11";"040";"Villaluenga del Rosario";"SIERRA DE CADIZ"
"11";"041";"Villamartín";"CAMPIÑA DE CADIZ"
"11";"042";"Zahara";"SIERRA DE CADIZ"
"11";"043";"Benalup-Casas Viejas";"DE LA JANDA"
"11";"044";"San José del Valle";"CAMPIÑA DE CADIZ"
"11";"045";"San Martin del Tesorillo";"CAMPO DE GIBRALTAR"
"11";"900";"Cádiz";"COSTA NOROESTE DE CADIZ"
"12";"001";"ATZENETA DEL MAESTRAT";"LLANOS CENTRALES"
"12";"002";"AIN";"PALANCIA"
"12";"003";"ALBOCASSER";"BAJO MAESTRAZGO"
"12";"004";"ALCALA DE XIVERT";"LITORAL NORTE"
"12";"005";"ALCORA (L')";"PEÑAGOLOSA"
"12";"006";"ALCUDIA DE VEO";"PALANCIA"
"12";"007";"ALFONDEGUILLA";"LA PLANA"
"12";"008";"ALGIMIA DE ALMONACID";"PALANCIA"
"12";"009";"ALMAZORA/ALMASSORA";"LA PLANA"
"12";"010";"ALMEDIJAR";"PALANCIA"
"12";"011";"ALMENARA";"LA PLANA"
"12";"012";"ALTURA";"PALANCIA"
"12";"013";"ARAÑUEL";"PALANCIA"
"12";"014";"ARES DEL MAESTRAT";"ALTO MAESTRAZGO"
"12";"015";"ARGELITA";"LA PLANA"
"12";"016";"ARTANA";"LA PLANA"
"12";"017";"AYODAR";"PALANCIA"
"12";"018";"AZUEBAR";"PALANCIA"
"12";"020";"BARRACAS";"PALANCIA"
"12";"021";"BETXI";"LA PLANA"
"12";"022";"BEJIS";"PALANCIA"
"12";"024";"BENAFER";"PALANCIA"
"12";"025";"BENAFIGOS";"LLANOS CENTRALES"
"12";"026";"BENASAL";"LLANOS CENTRALES"
"12";"027";"BENICARLO";"LITORAL NORTE"
"12";"028";"BENICASIM/BENICASSIM";"LA PLANA"
"12";"029";"BENLLOCH";"LLANOS CENTRALES"
"12";"031";"BORRIOL";"LA PLANA"
"12";"032";"BORRIANA / BURRIANA";"LA PLANA"
"12";"033";"CABANES";"LA PLANA"
"12";"034";"CALIG";"LITORAL NORTE"
"12";"036";"CANET LO ROIG";"BAJO MAESTRAZGO"
"12";"037";"CASTELL DE CABRES";"ALTO MAESTRAZGO"
"12";"038";"CASTELLFORT";"ALTO MAESTRAZGO"
"12";"039";"CASTELLNOVO";"PALANCIA"
"12";"041";"CASTILLO DE VILLAMALEFA";"PEÑAGOLOSA"
"12";"042";"CATI";"BAJO MAESTRAZGO"
"12";"043";"CAUDIEL";"PALANCIA"
"12";"044";"CERVERA DEL MAESTRE";"BAJO MAESTRAZGO"
"12";"045";"CINCTORRES";"ALTO MAESTRAZGO"
"12";"046";"CIRAT";"PALANCIA"
"12";"048";"CORTES DE ARENOSO";"PEÑAGOLOSA"
"12";"049";"COSTUR";"LLANOS CENTRALES"
"12";"050";"COVES DE VINROMA (LES)";"BAJO MAESTRAZGO"
"12";"051";"CULLA";"LLANOS CENTRALES"
"12";"052";"XERT";"BAJO MAESTRAZGO"
"12";"053";"CHILCHES/XILXES";"LA PLANA"
"12";"055";"CHODOS/XODOS";"PEÑAGOLOSA"
"12";"056";"CHOVAR";"PALANCIA"
"12";"057";"ESLIDA";"PALANCIA"
"12";"058";"ESPADILLA";"LA PLANA"
"12";"059";"FANZARA";"LA PLANA"
"12";"060";"FIGUEROLES";"PEÑAGOLOSA"
"12";"061";"FORCALL";"ALTO MAESTRAZGO"
"12";"063";"FUENTE LA REINA";"PALANCIA"
"12";"064";"FUENTES DE AYODAR";"PALANCIA"
"12";"065";"GAIBIEL";"PALANCIA"
"12";"067";"GELDO";"PALANCIA"
"12";"068";"HERBES";"ALTO MAESTRAZGO"
"12";"069";"HIGUERAS";"PALANCIA"
"12";"070";"JANA (LA)";"BAJO MAESTRAZGO"
"12";"071";"JERICA";"PALANCIA"
"12";"072";"LUCENA DEL CID";"PEÑAGOLOSA"
"12";"073";"LUDIENTE";"PEÑAGOLOSA"
"12";"074";"LLOSA (LA)";"LA PLANA"
"12";"075";"MATA DE MORELLA (LA)";"ALTO MAESTRAZGO"
"12";"076";"MATET";"PALANCIA"
"12";"077";"MONCOFA";"LA PLANA"
"12";"078";"MONTAN";"PALANCIA"
"12";"079";"MONTANEJOS";"PALANCIA"
"12";"080";"MORELLA";"ALTO MAESTRAZGO"
"12";"081";"NAVAJAS";"PALANCIA"
"12";"082";"NULES";"LA PLANA"
"12";"083";"OLOCAU DEL REY";"ALTO MAESTRAZGO"
"12";"084";"ONDA";"LA PLANA"
"12";"085";"OROPESA DEL MAR/ORPESA";"LA PLANA"
"12";"087";"PALANQUES";"ALTO MAESTRAZGO"
"12";"088";"PAVIAS";"PALANCIA"
"12";"089";"PENISCOLA / PEÑISCOLA";"LITORAL NORTE"
"12";"090";"PINA DE MONTALGRAO";"PALANCIA"
"12";"091";"PORTELL DE MORELLA";"ALTO MAESTRAZGO"
"12";"092";"PUEBLA DE ARENOSO";"PALANCIA"
"12";"093";"POBLA DE BENIFASSA (LA)";"ALTO MAESTRAZGO"
"12";"094";"POBLA TORNESA (LA)";"LLANOS CENTRALES"
"12";"095";"RIBESALBES";"LA PLANA"
"12";"096";"ROSSELL";"BAJO MAESTRAZGO"
"12";"097";"SACAÑET";"PALANCIA"
"12";"098";"SALZADELLA (LA)";"BAJO MAESTRAZGO"
"12";"099";"SANT JORDI/SAN JORGE";"LITORAL NORTE"
"12";"100";"SANT MATEU";"BAJO MAESTRAZGO"
"12";"101";"SAN RAFAEL DEL RIO";"BAJO MAESTRAZGO"
"12";"102";"SANTA MAGDALENA DE PULPIS";"LITORAL NORTE"
"12";"103";"SERRATELLA, LA";"LLANOS CENTRALES"
"12";"104";"SEGORBE";"PALANCIA"
"12";"105";"SIERRA ENGARCERAN";"LLANOS CENTRALES"
"12";"106";"SONEJA";"PALANCIA"
"12";"107";"SOT DE FERRER";"PALANCIA"
"12";"108";"SUERAS/SUERA";"PALANCIA"
"12";"109";"TALES";"LA PLANA"
"12";"110";"TERESA";"PALANCIA"
"12";"111";"TIRIG";"BAJO MAESTRAZGO"
"12";"112";"TODOLELLA";"ALTO MAESTRAZGO"
"12";"113";"TOGA";"LA PLANA"
"12";"114";"TORAS";"PALANCIA"
"12";"115";"TORO (EL)";"PALANCIA"
"12";"116";"TORRALBA DEL PINAR";"PALANCIA"
"12";"117";"TORREBLANCA";"LA PLANA"
"12";"118";"TORRECHIVA";"PALANCIA"
"12";"119";"TORRE D'EN BESORA (LA)";"LLANOS CENTRALES"
"12";"120";"TORRE D'EN DOMENEC";"LLANOS CENTRALES"
"12";"121";"TRAIGUERA";"BAJO MAESTRAZGO"
"12";"122";"USERAS/USERES (LES)";"LLANOS CENTRALES"
"12";"123";"VALLAT";"LA PLANA"
"12";"124";"VALL D'ALBA";"LLANOS CENTRALES"
"12";"125";"VALL DE ALMONACID";"PALANCIA"
"12";"126";"VALL D'UIXO (LA)";"LA PLANA"
"12";"127";"VALLIBONA";"ALTO MAESTRAZGO"
"12";"128";"VILAFAMES";"LLANOS CENTRALES"
"12";"129";"VILAFRANCA/VILLAFRANCA DEL CID";"ALTO MAESTRAZGO"
"12";"130";"VILLAHERMOSA DEL RIO";"PEÑAGOLOSA"
"12";"131";"VILLAMALUR";"PALANCIA"
"12";"132";"VILANOVA D'ALCOLEA";"LLANOS CENTRALES"
"12";"133";"VILLANUEVA DE VIVER";"PALANCIA"
"12";"134";"VILAR DE CANES";"LLANOS CENTRALES"
"12";"135";"VILA-REAL";"LA PLANA"
"12";"136";"VILAVELLA(LA)";"LA PLANA"
"12";"137";"VILLORES";"ALTO MAESTRAZGO"
"12";"138";"VINAROS";"LITORAL NORTE"
"12";"139";"VISTABELLA DEL MAESTRAT";"PEÑAGOLOSA"
"12";"140";"VIVER";"PALANCIA"
"12";"141";"ZORITA DEL MAESTRAZGO";"ALTO MAESTRAZGO"
"12";"142";"ZUCAINA";"PEÑAGOLOSA"
"12";"143";"ALQUERIAS DEL NIÑO PERDIDO";"LA PLANA"
"12";"144";"SANT JOAN DE MORO";"LLANOS CENTRALES"
"12";"900";"CASTELLON DE LA PLANA/CASTELLO DE LA PLANA";"LA PLANA"
"13";"001";"ABENOJAR";"PASTOS"
"13";"002";"AGUDO";"MONTES SUR"
"13";"003";"ALAMILLO";"MONTES SUR"
"13";"004";"ALBALADEJO";"CAMPO DE MONTIEL"
"13";"005";"ALCAZAR DE SAN JUAN";"MANCHA"
"13";"006";"ALCOBA";"MONTES NORTE"
"13";"007";"ALCOLEA DE CALATRAVA";"CAMPO DE CALATRAVA"
"13";"008";"ALCUBILLAS";"CAMPO DE MONTIEL"
"13";"009";"ALDEA DEL REY";"CAMPO DE CALATRAVA"
"13";"010";"ALHAMBRA";"CAMPO DE MONTIEL"
"13";"011";"ALMADEN";"MONTES SUR"
"13";"012";"ALMADENEJOS";"MONTES SUR"
"13";"013";"ALMAGRO";"CAMPO DE CALATRAVA"
"13";"014";"ALMEDINA";"CAMPO DE MONTIEL"
"13";"015";"ALMODOVAR DEL CAMPO";"PASTOS"
"13";"016";"ALMURADIEL";"PASTOS"
"13";"017";"ANCHURAS";"MONTES NORTE"
"13";"018";"ARENAS DE SAN JUAN";"MANCHA"
"13";"019";"ARGAMASILLA DE ALBA";"MANCHA"
"13";"020";"ARGAMASILLA DE CALATRAVA";"CAMPO DE CALATRAVA"
"13";"021";"ARROBA DE LOS MONTES";"MONTES NORTE"
"13";"022";"BALLESTEROS DE CALATRAVA";"CAMPO DE CALATRAVA"
"13";"023";"BOLAÑOS DE CALATRAVA";"CAMPO DE CALATRAVA"
"13";"024";"BRAZATORTAS";"PASTOS"
"13";"025";"CABEZARADOS";"CAMPO DE CALATRAVA"
"13";"026";"CABEZARRUBIAS DEL PUERTO";"PASTOS"
"13";"027";"CALZADA DE CALATRAVA";"CAMPO DE CALATRAVA"
"13";"028";"CAMPO DE CRIPTANA";"MANCHA"
"13";"029";"CAÑADA DE CALATRAVA";"CAMPO DE CALATRAVA"
"13";"030";"CARACUEL DE CALATRAVA";"CAMPO DE CALATRAVA"
"13";"031";"CARRION DE CALATRAVA";"CAMPO DE CALATRAVA"
"13";"032";"CARRIZOSA";"CAMPO DE MONTIEL"
"13";"033";"CASTELLAR DE SANTIAGO";"CAMPO DE MONTIEL"
"13";"035";"CORRAL DE CALATRAVA";"CAMPO DE CALATRAVA"
"13";"036";"CORTIJOS (LOS)";"MONTES NORTE"
"13";"037";"COZAR";"CAMPO DE MONTIEL"
"13";"038";"CHILLON";"MONTES SUR"
"13";"039";"DAIMIEL";"MANCHA"
"13";"040";"FERNAN CABALLERO";"CAMPO DE CALATRAVA"
"13";"041";"FONTANAREJO";"MONTES NORTE"
"13";"042";"FUENCALIENTE";"PASTOS"
"13";"043";"FUENLLANA";"CAMPO DE MONTIEL"
"13";"044";"FUENTE EL FRESNO";"MONTES NORTE"
"13";"045";"GRANATULA DE CALATRAVA";"CAMPO DE CALATRAVA"
"13";"046";"GUADALMEZ";"MONTES SUR"
"13";"047";"HERENCIA";"MANCHA"
"13";"048";"HINOJOSAS DE CALATRAVA";"PASTOS"
"13";"049";"HORCAJO DE LOS MONTES";"MONTES NORTE"
"13";"050";"LABORES (LAS)";"MANCHA"
"13";"051";"LUCIANA";"MONTES NORTE"
"13";"052";"MALAGON";"MONTES NORTE"
"13";"053";"MANZANARES";"MANCHA"
"13";"054";"MEMBRILLA";"MANCHA"
"13";"055";"MESTANZA";"PASTOS"
"13";"056";"MIGUELTURRA";"CAMPO DE CALATRAVA"
"13";"057";"MONTIEL";"CAMPO DE MONTIEL"
"13";"058";"MORAL DE CALATRAVA";"CAMPO DE CALATRAVA"
"13";"059";"NAVALPINO";"MONTES NORTE"
"13";"060";"NAVAS DE ESTENA";"MONTES NORTE"
"13";"061";"PEDRO MUÑOZ";"MANCHA"
"13";"062";"PICON";"CAMPO DE CALATRAVA"
"13";"063";"PIEDRABUENA";"MONTES NORTE"
"13";"064";"POBLETE";"CAMPO DE CALATRAVA"
"13";"065";"PORZUNA";"MONTES NORTE"
"13";"066";"POZUELO DE CALATRAVA";"CAMPO DE CALATRAVA"
"13";"067";"POZUELOS DE CALATRAVA (LOS)";"CAMPO DE CALATRAVA"
"13";"068";"PUEBLA DE DON RODRIGO";"MONTES NORTE"
"13";"069";"PUEBLA DEL PRINCIPE";"CAMPO DE MONTIEL"
"13";"070";"PUERTO LAPICE";"MANCHA"
"13";"071";"PUERTOLLANO";"PASTOS"
"13";"072";"RETUERTA DEL BULLAQUE";"MONTES NORTE"
"13";"073";"SACERUELA";"MONTES SUR"
"13";"074";"SAN CARLOS DEL VALLE";"MANCHA"
"13";"075";"SAN LORENZO DE CALATRAVA";"PASTOS"
"13";"076";"SANTA CRUZ DE LOS CAÑAMOS";"CAMPO DE MONTIEL"
"13";"077";"SANTA CRUZ DE MUDELA";"MANCHA"
"13";"078";"SOCUELLAMOS";"MANCHA"
"13";"079";"SOLANA (LA)";"MANCHA"
"13";"080";"SOLANA DEL PINO";"PASTOS"
"13";"081";"TERRINCHES";"CAMPO DE MONTIEL"
"13";"082";"TOMELLOSO";"MANCHA"
"13";"083";"TORRALBA DE CALATRAVA";"CAMPO DE CALATRAVA"
"13";"084";"TORRE DE JUAN ABAD";"CAMPO DE MONTIEL"
"13";"085";"TORRENUEVA";"CAMPO DE MONTIEL"
"13";"086";"VALDEMANCO DEL ESTERAS";"MONTES SUR"
"13";"087";"VALDEPEÑAS";"MANCHA"
"13";"088";"VALENZUELA DE CALATRAVA";"CAMPO DE CALATRAVA"
"13";"089";"VILLAHERMOSA";"CAMPO DE MONTIEL"
"13";"090";"VILLAMANRIQUE";"CAMPO DE MONTIEL"
"13";"091";"VILLAMAYOR DE CALATRAVA";"CAMPO DE CALATRAVA"
"13";"092";"VILLANUEVA DE LA FUENTE";"CAMPO DE MONTIEL"
"13";"093";"VILLANUEVA DE LOS INFANTES";"CAMPO DE MONTIEL"
"13";"094";"VILLANUEVA DE SAN CARLOS";"PASTOS"
"13";"095";"VILLAR DEL POZO";"CAMPO DE CALATRAVA"
"13";"096";"VILLARRUBIA DE LOS OJOS";"MANCHA"
"13";"097";"VILLARTA DE SAN JUAN";"MANCHA"
"13";"098";"VISO DEL MARQUES";"PASTOS"
"13";"099";"ROBLEDO (EL)";"MONTES NORTE"
"13";"100";"RUIDERA";"MANCHA"
"13";"101";"ARENALES DE SAN GREGORIO";"MANCHA"
"13";"102";"LLANOS DEL CAUDILLO";"MANCHA"
"13";"900";"CIUDAD REAL";"CAMPO DE CALATRAVA"
"13";"901";"CIUDAD REAL(Código Antiguo)";"CAMPO DE CALATRAVA"
"14";"001";"Adamuz";"LA SIERRA"
"14";"002";"Aguilar de la Frontera";"CAMPIÑA ALTA"
"14";"003";"Alcaracejos";"PEDROCHES"
"14";"004";"Almedinilla";"PENIBETICA"
"14";"005";"Almodóvar del Río";"CAMPIÑA BAJA"
"14";"006";"Añora";"PEDROCHES"
"14";"007";"Baena";"CAMPIÑA ALTA"
"14";"008";"Belalcázar";"PEDROCHES"
"14";"009";"Belmez";"PEDROCHES"
"14";"010";"Benamejí";"CAMPIÑA ALTA"
"14";"011";"Blázquez (Los)";"PEDROCHES"
"14";"012";"Bujalance";"CAMPIÑA BAJA"
"14";"013";"Cabra";"CAMPIÑA ALTA"
"14";"014";"Cañete de las Torres";"CAMPIÑA BAJA"
"14";"015";"Carcabuey";"PENIBETICA"
"14";"016";"Cardeña";"PEDROCHES"
"14";"017";"Carlota (La)";"LAS COLONIAS"
"14";"018";"Carpio (El)";"CAMPIÑA BAJA"
"14";"019";"Castro del Río";"CAMPIÑA BAJA"
"14";"020";"Conquista";"PEDROCHES"
"14";"022";"Doña Mencía";"CAMPIÑA ALTA"
"14";"023";"Dos Torres";"PEDROCHES"
"14";"024";"Encinas Reales";"CAMPIÑA ALTA"
"14";"025";"Espejo";"CAMPIÑA BAJA"
"14";"026";"Espiel";"LA SIERRA"
"14";"027";"Fernán Núñez";"CAMPIÑA BAJA"
"14";"028";"Fuente la Lancha";"PEDROCHES"
"14";"029";"Fuente Obejuna";"PEDROCHES"
"14";"030";"Fuente Palmera";"LAS COLONIAS"
"14";"031";"Fuente-Tójar";"PENIBETICA"
"14";"032";"Granjuela (La)";"PEDROCHES"
"14";"033";"Guadalcázar";"LAS COLONIAS"
"14";"034";"Guijo (El)";"PEDROCHES"
"14";"035";"Hinojosa del Duque";"PEDROCHES"
"14";"036";"Hornachuelos";"LA SIERRA"
"14";"037";"Iznájar";"PENIBETICA"
"14";"038";"Lucena";"CAMPIÑA ALTA"
"14";"039";"Luque";"PENIBETICA"
"14";"040";"Montalbán de Córdoba";"CAMPIÑA BAJA"
"14";"041";"Montemayor";"CAMPIÑA ALTA"
"14";"042";"Montilla";"CAMPIÑA ALTA"
"14";"043";"Montoro";"LA SIERRA"
"14";"044";"Monturque";"CAMPIÑA ALTA"
"14";"045";"Moriles";"CAMPIÑA ALTA"
"14";"046";"Nueva Carteya";"CAMPIÑA ALTA"
"14";"047";"Obejo";"LA SIERRA"
"14";"048";"Palenciana";"CAMPIÑA ALTA"
"14";"049";"Palma del Río";"CAMPIÑA BAJA"
"14";"050";"Pedro Abad";"CAMPIÑA BAJA"
"14";"051";"Pedroche";"PEDROCHES"
"14";"052";"Peñarroya-Pueblonuevo";"PEDROCHES"
"14";"053";"Posadas";"CAMPIÑA BAJA"
"14";"054";"Pozoblanco";"PEDROCHES"
"14";"055";"Priego de Córdoba";"PENIBETICA"
"14";"056";"Puente Genil";"CAMPIÑA ALTA"
"14";"057";"Rambla (La)";"CAMPIÑA BAJA"
"14";"058";"Rute";"PENIBETICA"
"14";"059";"San Sebastián de los Ballesteros";"LAS COLONIAS"
"14";"060";"Santaella";"CAMPIÑA BAJA"
"14";"061";"Santa Eufemia";"PEDROCHES"
"14";"062";"Torrecampo";"PEDROCHES"
"14";"063";"Valenzuela";"CAMPIÑA ALTA"
"14";"064";"Valsequillo";"PEDROCHES"
"14";"065";"Victoria (La)";"LAS COLONIAS"
"14";"066";"Villa del Río";"CAMPIÑA BAJA"
"14";"067";"Villafranca de Córdoba";"CAMPIÑA BAJA"
"14";"068";"Villaharta";"LA SIERRA"
"14";"069";"Villanueva de Córdoba";"PEDROCHES"
"14";"070";"Villanueva del Duque";"PEDROCHES"
"14";"071";"Villanueva del Rey";"LA SIERRA"
"14";"072";"Villaralto";"PEDROCHES"
"14";"073";"Villaviciosa de Córdoba";"LA SIERRA"
"14";"074";"Viso (El)";"PEDROCHES"
"14";"075";"Zuheros";"PENIBETICA"
"14";"076";"Fuente Carreteros";"LAS COLONIAS"
"14";"077";"La Guijarrosa";"CAMPIÑA BAJA"
"14";"900";"Córdoba";"CAMPIÑA BAJA"
"15";"001";"ABEGONDO";"SEPTENTRIONAL"
"15";"002";"AMES";"OCCIDENTAL"
"15";"003";"ARANGA";"INTERIOR"
"15";"004";"ARES";"SEPTENTRIONAL"
"15";"005";"ARTEIXO";"SEPTENTRIONAL"
"15";"006";"ARZUA";"INTERIOR"
"15";"007";"BAÑA (A)";"OCCIDENTAL"
"15";"008";"BERGONDO";"SEPTENTRIONAL"
"15";"009";"BETANZOS";"SEPTENTRIONAL"
"15";"010";"BOIMORTO";"INTERIOR"
"15";"011";"BOIRO";"OCCIDENTAL"
"15";"012";"BOQUEIXON";"OCCIDENTAL"
"15";"013";"BRION";"OCCIDENTAL"
"15";"014";"CABANA DE BERGANTIÑOS";"SEPTENTRIONAL"
"15";"015";"CABANAS";"SEPTENTRIONAL"
"15";"016";"CAMARIÑAS";"OCCIDENTAL"
"15";"017";"CAMBRE";"SEPTENTRIONAL"
"15";"018";"CAPELA (A)";"INTERIOR"
"15";"019";"CARBALLO";"SEPTENTRIONAL"
"15";"020";"CARNOTA";"OCCIDENTAL"
"15";"021";"CARRAL";"SEPTENTRIONAL"
"15";"022";"CEDEIRA";"SEPTENTRIONAL"
"15";"023";"CEE";"OCCIDENTAL"
"15";"024";"CERCEDA";"INTERIOR"
"15";"025";"CERDIDO";"SEPTENTRIONAL"
"15";"026";"CESURAS";"SEPTENTRIONAL"
"15";"027";"COIROS";"SEPTENTRIONAL"
"15";"028";"CORCUBION";"OCCIDENTAL"
"15";"029";"CORISTANCO";"SEPTENTRIONAL"
"15";"031";"CULLEREDO";"SEPTENTRIONAL"
"15";"032";"CURTIS";"INTERIOR"
"15";"033";"DODRO";"OCCIDENTAL"
"15";"034";"DUMBRIA";"OCCIDENTAL"
"15";"036";"FENE";"SEPTENTRIONAL"
"15";"037";"FERROL";"SEPTENTRIONAL"
"15";"038";"FISTERRA";"OCCIDENTAL"
"15";"039";"FRADES";"INTERIOR"
"15";"040";"IRIXOA";"INTERIOR"
"15";"041";"LAXE";"OCCIDENTAL"
"15";"042";"A LARACHA";"SEPTENTRIONAL"
"15";"043";"LOUSAME";"OCCIDENTAL"
"15";"044";"MALPICA DE BERGANTIÑOS";"SEPTENTRIONAL"
"15";"045";"MAÑON";"SEPTENTRIONAL"
"15";"046";"MAZARICOS";"OCCIDENTAL"
"15";"047";"MELIDE";"INTERIOR"
"15";"048";"MESIA";"INTERIOR"
"15";"049";"MIÑO";"SEPTENTRIONAL"
"15";"050";"MOECHE";"SEPTENTRIONAL"
"15";"051";"MONFERO";"INTERIOR"
"15";"052";"MUGARDOS";"SEPTENTRIONAL"
"15";"053";"MUXIA";"OCCIDENTAL"
"15";"054";"MUROS";"OCCIDENTAL"
"15";"055";"NARON";"SEPTENTRIONAL"
"15";"056";"NEDA";"SEPTENTRIONAL"
"15";"057";"NEGREIRA";"OCCIDENTAL"
"15";"058";"NOIA";"OCCIDENTAL"
"15";"059";"OLEIROS";"SEPTENTRIONAL"
"15";"060";"ORDES";"INTERIOR"
"15";"061";"OROSO";"INTERIOR"
"15";"062";"ORTIGUEIRA";"SEPTENTRIONAL"
"15";"063";"OUTES";"OCCIDENTAL"
"15";"064";"OZA DOS RIOS";"SEPTENTRIONAL"
"15";"065";"PADERNE";"SEPTENTRIONAL"
"15";"066";"PADRON";"OCCIDENTAL"
"15";"067";"PINO (O)";"INTERIOR"
"15";"068";"POBRA DO CARAMIÑAL (A)";"OCCIDENTAL"
"15";"069";"PONTECESO";"SEPTENTRIONAL"
"15";"070";"PONTEDEUME";"SEPTENTRIONAL"
"15";"071";"PONTES DE GARCIA RODRIGUEZ (AS)";"INTERIOR"
"15";"072";"PORTO DO SON";"OCCIDENTAL"
"15";"073";"RIANXO";"OCCIDENTAL"
"15";"074";"RIBEIRA";"OCCIDENTAL"
"15";"075";"ROIS";"OCCIDENTAL"
"15";"076";"SADA";"SEPTENTRIONAL"
"15";"077";"SAN SADURNIÑO";"SEPTENTRIONAL"
"15";"078";"SANTA COMBA";"OCCIDENTAL"
"15";"079";"SANTIAGO DE COMPOSTELA";"OCCIDENTAL"
"15";"080";"SANTISO";"INTERIOR"
"15";"081";"SOBRADO";"INTERIOR"
"15";"082";"SOMOZAS (AS)";"INTERIOR"
"15";"083";"TEO";"OCCIDENTAL"
"15";"084";"TOQUES";"INTERIOR"
"15";"085";"TORDOIA";"INTERIOR"
"15";"086";"TOURO";"INTERIOR"
"15";"087";"TRAZO";"INTERIOR"
"15";"088";"VALDOVIÑO";"SEPTENTRIONAL"
"15";"089";"VAL DO DUBRA";"INTERIOR"
"15";"090";"VEDRA";"OCCIDENTAL"
"15";"091";"VILASANTAR";"INTERIOR"
"15";"092";"VILARMAIOR";"SEPTENTRIONAL"
"15";"093";"VIMIANZO";"OCCIDENTAL"
"15";"094";"ZAS";"OCCIDENTAL"
"15";"095";"CARIÑO";"SEPTENTRIONAL"
"15";"900";"CORUÑA (A)";"SEPTENTRIONAL"
"16";"001";"ABIA DE LA OBISPALIA";"SERRANIA MEDIA"
"16";"002";"ACEBRON (EL)";"MANCHA ALTA"
"16";"003";"ALARCON";"MANCHUELA"
"16";"004";"ALBALADEJO DEL CUENDE";"SERRANIA MEDIA"
"16";"005";"ALBALATE DE LAS NOGUERAS";"ALCARRIA"
"16";"006";"ALBENDEA";"ALCARRIA"
"16";"007";"ALBERCA DE ZANCARA (LA)";"MANCHA BAJA"
"16";"008";"ALCALA DE LA VEGA";"SERRANIA BAJA"
"16";"009";"ALCANTUD";"ALCARRIA"
"16";"010";"ALCAZAR DEL REY";"MANCHA ALTA"
"16";"011";"ALCOHUJATE";"ALCARRIA"
"16";"012";"ALCONCHEL DE LA ESTRELLA";"MANCHA ALTA"
"16";"013";"ALGARRA";"SERRANIA BAJA"
"16";"014";"ALIAGUILLA";"SERRANIA BAJA"
"16";"015";"ALMARCHA (LA)";"MANCHA ALTA"
"16";"016";"ALMENDROS";"MANCHA ALTA"
"16";"017";"ALMODOVAR DEL PINAR";"SERRANIA MEDIA"
"16";"018";"ALMONACID DEL MARQUESADO";"MANCHA ALTA"
"16";"019";"ALTAREJOS";"MANCHA ALTA"
"16";"020";"ARANDILLA DEL ARROYO";"ALCARRIA"
"16";"021";"ARCAS";"SERRANIA MEDIA"
"16";"022";"CHILLARON DE CUENCA";"SERRANIA MEDIA"
"16";"023";"ARCOS DE LA SIERRA";"SERRANIA MEDIA"
"16";"024";"ARGUISUELAS";"SERRANIA BAJA"
"16";"025";"ARRANCACEPAS";"ALCARRIA"
"16";"026";"ATALAYA DEL CAÑAVATE";"MANCHA ALTA"
"16";"027";"BARAJAS DE MELO";"ALCARRIA"
"16";"028";"BARBALIMPIA";"SERRANIA MEDIA"
"16";"029";"BARCHIN DEL HOYO";"SERRANIA MEDIA"
"16";"030";"BASCUÑANA DE SAN PEDRO";"SERRANIA MEDIA"
"16";"031";"BEAMUD";"SERRANIA MEDIA"
"16";"032";"BELINCHON";"MANCHA ALTA"
"16";"033";"BELMONTE";"MANCHA BAJA"
"16";"034";"BELMONTEJO";"MANCHA ALTA"
"16";"035";"BETETA";"SERRANIA ALTA"
"16";"036";"BOLLIGA";"ALCARRIA"
"16";"037";"BONICHES";"SERRANIA BAJA"
"16";"038";"BONILLA";"ALCARRIA"
"16";"039";"BUCIEGAS";"ALCARRIA"
"16";"040";"BUENACHE DE ALARCON";"MANCHUELA"
"16";"041";"BUENACHE DE LA SIERRA";"SERRANIA MEDIA"
"16";"042";"BUENDIA";"ALCARRIA"
"16";"043";"CAMPILLO DE ALTOBUEY";"MANCHUELA"
"16";"044";"CAMPILLOS-PARAVIENTOS";"SERRANIA BAJA"
"16";"045";"CAMPILLOS-SIERRA";"SERRANIA BAJA"
"16";"046";"CANALEJAS DEL ARROYO";"ALCARRIA"
"16";"047";"CAÑADA DEL HOYO";"SERRANIA BAJA"
"16";"048";"CAÑADA JUNCOSA";"MANCHA ALTA"
"16";"049";"CAÑAMARES";"SERRANIA MEDIA"
"16";"050";"CAÑAVATE (EL)";"MANCHA ALTA"
"16";"051";"CAÑAVERAS";"ALCARRIA"
"16";"052";"CAÑAVERUELAS";"ALCARRIA"
"16";"053";"CAÑETE";"SERRANIA BAJA"
"16";"054";"CAÑIZARES";"SERRANIA ALTA"
"16";"055";"CARACENILLA";"ALCARRIA"
"16";"056";"CARBONERAS DE GUADAZAON";"SERRANIA BAJA"
"16";"057";"CARDENETE";"SERRANIA BAJA"
"16";"058";"CARRASCOSA";"SERRANIA ALTA"
"16";"059";"CARRASCOSA DE HARO";"MANCHA BAJA"
"16";"060";"CAMPOS DEL PARAISO";"MANCHA ALTA"
"16";"061";"CASAS DE BENITEZ";"MANCHUELA"
"16";"062";"CASAS DE FERNANDO ALONSO";"MANCHA BAJA"
"16";"063";"CASAS DE GARCIMOLINA";"SERRANIA BAJA"
"16";"064";"CASAS DE GUIJARRO";"MANCHUELA"
"16";"065";"CASAS DE HARO";"MANCHA BAJA"
"16";"066";"CASAS DE LOS PINOS";"MANCHA BAJA"
"16";"067";"CASASIMARRO";"MANCHUELA"
"16";"068";"CASTEJON";"ALCARRIA"
"16";"069";"CASTILLEJO DE INIESTA";"MANCHUELA"
"16";"070";"CASTILLEJO DEL ROMERAL";"ALCARRIA"
"16";"071";"CASTILLEJO-SIERRA";"SERRANIA MEDIA"
"16";"072";"CASTILLO-ALBARAÑEZ";"ALCARRIA"
"16";"073";"CASTILLO DE GARCIMUÑOZ";"MANCHA ALTA"
"16";"074";"CERVERA DEL LLANO";"MANCHA ALTA"
"16";"075";"CIERVA (LA)";"SERRANIA MEDIA"
"16";"076";"COLLADOS";"SERRANIA MEDIA"
"16";"077";"COLLIGA";"SERRANIA MEDIA"
"16";"080";"CUEVA DEL HIERRO";"SERRANIA ALTA"
"16";"081";"CUEVAS DE VELASCO";"ALCARRIA"
"16";"082";"CULEBRAS";"ALCARRIA"
"16";"084";"CHUMILLAS";"SERRANIA MEDIA"
"16";"085";"ENGUIDANOS";"SERRANIA MEDIA"
"16";"086";"FRESNEDA DE ALTAREJOS";"SERRANIA MEDIA"
"16";"087";"FRESNEDA DE LA SIERRA";"SERRANIA MEDIA"
"16";"088";"FRONTERA (LA)";"SERRANIA MEDIA"
"16";"089";"FUENTE DE PEDRO NAHARRO";"MANCHA ALTA"
"16";"090";"FUENTELESPINO DE HARO";"MANCHA BAJA"
"16";"091";"FUENTELESPINO DE MOYA";"SERRANIA BAJA"
"16";"092";"FUENTES";"SERRANIA MEDIA"
"16";"093";"FUENTESBUENAS";"ALCARRIA"
"16";"094";"FUENTESCLARAS DEL CHILLARON";"SERRANIA MEDIA"
"16";"095";"FUERTESCUSA";"SERRANIA ALTA"
"16";"096";"GABALDON";"MANCHUELA"
"16";"097";"GARABALLA";"SERRANIA BAJA"
"16";"098";"EL VALLE DE ALTOMIRA";"ALCARRIA"
"16";"099";"GASCUEÑA";"ALCARRIA"
"16";"100";"GRAJA DE CAMPALBO";"SERRANIA BAJA"
"16";"101";"GRAJA DE INIESTA";"MANCHUELA"
"16";"102";"HENAREJOS";"SERRANIA BAJA"
"16";"103";"HERRUMBLAR (EL)";"MANCHUELA"
"16";"104";"HINOJOSA (LA)";"MANCHA ALTA"
"16";"105";"HINOJOSOS (LOS)";"MANCHA BAJA"
"16";"106";"HITO (EL)";"MANCHA ALTA"
"16";"107";"HONRUBIA";"MANCHA ALTA"
"16";"108";"HONTANAYA";"MANCHA BAJA"
"16";"109";"HONTECILLAS";"MANCHUELA"
"16";"110";"HORCAJADA DE LA TORRE";"MANCHA ALTA"
"16";"111";"HORCAJO DE SANTIAGO";"MANCHA ALTA"
"16";"112";"HUELAMO";"SERRANIA ALTA"
"16";"113";"HUELVES";"MANCHA ALTA"
"16";"114";"HUERGUINA";"SERRANIA BAJA"
"16";"115";"HUERTA DE LA OBISPALIA";"MANCHA ALTA"
"16";"116";"HUERTA DEL MARQUESADO";"SERRANIA ALTA"
"16";"117";"HUETE";"ALCARRIA"
"16";"118";"INIESTA";"MANCHUELA"
"16";"119";"FUENTENAVA DE JABAGA";"SERRANIA MEDIA"
"16";"120";"JABALERA";"ALCARRIA"
"16";"121";"LAGUNA DEL MARQUESADO";"SERRANIA ALTA"
"16";"122";"LAGUNASECA";"SERRANIA ALTA"
"16";"123";"LANDETE";"SERRANIA BAJA"
"16";"124";"LEDAÑA";"MANCHUELA"
"16";"125";"LEGANIEL";"ALCARRIA"
"16";"126";"LORANCA DEL CAMPO";"MANCHA ALTA"
"16";"127";"MAJADAS (LAS)";"SERRANIA ALTA"
"16";"128";"MARIANA";"SERRANIA MEDIA"
"16";"129";"MASEGOSA";"SERRANIA ALTA"
"16";"130";"MAZARULLEQUE";"ALCARRIA"
"16";"131";"MELGOSA";"SERRANIA MEDIA"
"16";"132";"MESAS (LAS)";"MANCHA BAJA"
"16";"133";"MINGLANILLA";"MANCHUELA"
"16";"134";"MIRA";"SERRANIA BAJA"
"16";"135";"MOHORTE";"SERRANIA MEDIA"
"16";"136";"MONCALVILLO";"ALCARRIA"
"16";"137";"MONREAL DEL LLANO";"MANCHA BAJA"
"16";"138";"MONTALBANEJO";"MANCHA ALTA"
"16";"139";"MONTALBO";"MANCHA ALTA"
"16";"140";"MONTEAGUDO DE LAS SALINAS";"SERRANIA MEDIA"
"16";"141";"MOTA DE ALTAREJOS";"MANCHA ALTA"
"16";"142";"MOTA DEL CUERVO";"MANCHA BAJA"
"16";"143";"MOTILLA DEL PALANCAR";"MANCHUELA"
"16";"144";"MOYA";"SERRANIA BAJA"
"16";"145";"NAHARROS";"MANCHA ALTA"
"16";"146";"NARBONETA";"SERRANIA BAJA"
"16";"147";"NAVALON";"SERRANIA MEDIA"
"16";"148";"OLIVARES DE JUCAR";"MANCHA ALTA"
"16";"149";"OLMEDA DE LA CUESTA";"ALCARRIA"
"16";"150";"OLMEDA DEL REY";"SERRANIA MEDIA"
"16";"151";"OLMEDILLA DE ALARCON";"MANCHUELA"
"16";"152";"OLMEDILLA DE ELIZ";"ALCARRIA"
"16";"153";"OLMEDILLA DEL CAMPO";"MANCHA ALTA"
"16";"154";"OSA DE LA VEGA";"MANCHA BAJA"
"16";"155";"PAJARON";"SERRANIA BAJA"
"16";"156";"PAJARONCILLO";"SERRANIA BAJA"
"16";"157";"PALOMARES DEL CAMPO";"MANCHA ALTA"
"16";"158";"PALOMERA";"SERRANIA MEDIA"
"16";"159";"PARACUELLOS";"SERRANIA MEDIA"
"16";"160";"PAREDES";"MANCHA ALTA"
"16";"161";"PARRA DE LAS VEGAS (LA)";"SERRANIA MEDIA"
"16";"162";"PEDERNOSO (EL)";"MANCHA BAJA"
"16";"163";"PEDROÑERAS (LAS)";"MANCHA BAJA"
"16";"164";"PERAL (EL)";"MANCHUELA"
"16";"165";"PERALEJA (LA)";"ALCARRIA"
"16";"166";"PESQUERA (LA)";"SERRANIA MEDIA"
"16";"167";"PICAZO (EL)";"MANCHUELA"
"16";"168";"PINAREJO";"MANCHA ALTA"
"16";"169";"PINEDA DE GIGÜELA";"ALCARRIA"
"16";"170";"PIQUERAS DEL CASTILLO";"SERRANIA MEDIA"
"16";"171";"PORTALRUBIO DE GUADAMEJUD";"ALCARRIA"
"16";"172";"PORTILLA";"SERRANIA MEDIA"
"16";"173";"POVEDA DE LA OVISPALIA";"MANCHA ALTA"
"16";"174";"POYATOS";"SERRANIA ALTA"
"16";"175";"POZOAMARGO";"MANCHA BAJA"
"16";"176";"POZORRUBIO DE SANTIAGO";"MANCHA ALTA"
"16";"177";"POZORRUBIELOS DE LA MANCHA";"MANCHUELA"
"16";"178";"POZUELO (EL)";"SERRANIA ALTA"
"16";"179";"PRIEGO";"ALCARRIA"
"16";"180";"PROVENCIO (EL)";"MANCHA BAJA"
"16";"181";"PUEBLA DE ALMENARA";"MANCHA ALTA"
"16";"182";"PUEBLA DEL SALVADOR";"MANCHUELA"
"16";"183";"QUINTANAR DEL REY";"MANCHUELA"
"16";"184";"RADA DE HARO";"MANCHA BAJA"
"16";"185";"REILLO";"SERRANIA BAJA"
"16";"186";"RIBAGORDA";"SERRANIA MEDIA"
"16";"187";"RIBATAJADA";"SERRANIA MEDIA"
"16";"188";"RIBATAJADILLA";"SERRANIA MEDIA"
"16";"189";"ROZALEN DEL MONTE";"MANCHA ALTA"
"16";"190";"RUBIELOS ALTOS";"MANCHUELA"
"16";"191";"RUBIELOS BAJOS";"MANCHUELA"
"16";"192";"SACEDA DEL RIO";"ALCARRIA"
"16";"193";"SACEDA-TRASIERRA";"ALCARRIA"
"16";"194";"SACEDONCILLO";"ALCARRIA"
"16";"195";"SAELICES";"MANCHA ALTA"
"16";"196";"SALINAS DEL MANZANO";"SERRANIA BAJA"
"16";"197";"SALMERONCILLOS";"ALCARRIA"
"16";"198";"SALVACAÑETE";"SERRANIA BAJA"
"16";"199";"SAN CLEMENTE";"MANCHA BAJA"
"16";"200";"SAN LORENZO DE LA PARRILLA";"MANCHA ALTA"
"16";"201";"SAN MARTIN DE BONICHES";"SERRANIA BAJA"
"16";"202";"SAN PEDRO PALMICHES";"ALCARRIA"
"16";"203";"SANTA CRUZ DE MOYA";"SERRANIA BAJA"
"16";"204";"SANTA MARIA DEL CAMPO RUS";"MANCHA BAJA"
"16";"205";"SANTA MARIA DE LOS LLANOS";"MANCHA BAJA"
"16";"206";"SANTA MARIA DEL VAL";"SERRANIA ALTA"
"16";"207";"SISANTE";"MANCHUELA"
"16";"208";"SOLERA DE GABALDON";"SERRANIA MEDIA"
"16";"209";"SOTOCA";"SERRANIA MEDIA"
"16";"210";"SOTORRIBAS";"SERRANIA MEDIA"
"16";"211";"TALAYUELAS";"SERRANIA BAJA"
"16";"212";"TARANCON";"MANCHA ALTA"
"16";"213";"TEBAR";"MANCHUELA"
"16";"214";"TEJADILLOS";"SERRANIA BAJA"
"16";"215";"TINAJAS";"ALCARRIA"
"16";"217";"TONDOS";"SERRANIA MEDIA"
"16";"218";"TORRALBA";"ALCARRIA"
"16";"219";"TORRECILLA";"SERRANIA MEDIA"
"16";"220";"TORREJONCILLO DEL REY";"MANCHA ALTA"
"16";"221";"TORRUBIA DEL CAMPO";"MANCHA ALTA"
"16";"222";"TORRUBIA DEL CASTILLO";"MANCHA ALTA"
"16";"223";"TORTOLA";"SERRANIA MEDIA"
"16";"224";"TRAGACETE";"SERRANIA ALTA"
"16";"225";"TRESJUNCOS";"MANCHA BAJA"
"16";"226";"TRIBALDOS";"MANCHA ALTA"
"16";"227";"UCLES";"MANCHA ALTA"
"16";"228";"UÑA";"SERRANIA MEDIA"
"16";"229";"VALDECABRAS";"SERRANIA MEDIA"
"16";"230";"LOS VALDECOLMENAS";"ALCARRIA"
"16";"231";"VALDECOLMENAS DE ARRIBA";"ALCARRIA"
"16";"232";"VALDETORTOLA";"SERRANIA MEDIA"
"16";"233";"VALDEMECA";"SERRANIA ALTA"
"16";"234";"VALDEMORILLO DE LA SIERRA";"SERRANIA MEDIA"
"16";"235";"VALDEMORO DEL REY";"ALCARRIA"
"16";"236";"VALDEMORO-SIERRA";"SERRANIA MEDIA"
"16";"237";"VALDEOLIVAS";"ALCARRIA"
"16";"238";"LAS VALERAS";"SERRANIA MEDIA"
"16";"239";"VALERA DE ARRIBA";"SERRANIA MEDIA"
"16";"240";"VALHERMOSO DE LA FUENTE";"MANCHUELA"
"16";"241";"VALPARAISO DE ABAJO";"MANCHA ALTA"
"16";"242";"VALPARAISO DE ARRIBA";"MANCHA ALTA"
"16";"243";"VALSALOBRE";"SERRANIA ALTA"
"16";"245";"VALVERDE DE JUCAR";"MANCHA ALTA"
"16";"246";"VALVERDEJO";"MANCHUELA"
"16";"247";"VARA DE REY";"MANCHA BAJA"
"16";"248";"VEGA DEL CODORNO";"SERRANIA ALTA"
"16";"249";"VELLISCA";"ALCARRIA"
"16";"250";"VENTOSA (LA)";"ALCARRIA"
"16";"251";"VERDELPINO DE HUETE";"ALCARRIA"
"16";"252";"VILLACONEJOS DE TRABAQUE";"ALCARRIA"
"16";"253";"VILLAESCUSA DE HARO";"MANCHA BAJA"
"16";"254";"VILLAGARCIA DEL LLANO";"MANCHUELA"
"16";"255";"VILLALBA DE LA SIERRA";"SERRANIA MEDIA"
"16";"256";"VILLALBA DEL REY";"ALCARRIA"
"16";"257";"VILLALGORDO DEL MARQUESADO";"MANCHA ALTA"
"16";"258";"VILLALPARDO";"MANCHUELA"
"16";"259";"VILLAMAYOR DE SANTIAGO";"MANCHA BAJA"
"16";"260";"VILLANUEVA DE GUADAMEJUD";"ALCARRIA"
"16";"261";"VILLANUEVA DE LA JARA";"MANCHUELA"
"16";"262";"VILLANUEVA DE LOS ESCUDEROS";"SERRANIA MEDIA"
"16";"263";"VILLAR DE CAÑAS";"MANCHA ALTA"
"16";"264";"VILLAR DE DOMINGO GARCIA";"ALCARRIA"
"16";"265";"VILLAR DE LA ENCINA";"MANCHA BAJA"
"16";"266";"VILLAR DEL AGUILA";"MANCHA ALTA"
"16";"267";"VILLAR DEL HORNO";"MANCHA ALTA"
"16";"268";"VILLAR DEL HUMO";"SERRANIA BAJA"
"16";"269";"VILLAR DEL INFANTADO";"ALCARRIA"
"16";"270";"VILLAR Y VELASCO";"ALCARRIA"
"16";"272";"VILLAR DEL SAZ DE NAVALON";"SERRANIA MEDIA"
"16";"273";"VILLAR DE OLALLA";"SERRANIA MEDIA"
"16";"274";"VILLAREJO DE FUENTES";"MANCHA ALTA"
"16";"275";"VILLAREJO DE LA PEÑUELA";"ALCARRIA"
"16";"276";"VILLAS DE LA VENTOSA";"ALCARRIA"
"16";"277";"VILLAREJO-PERIESTEBAN";"MANCHA ALTA"
"16";"278";"VILLAREJO SECO";"SERRANIA MEDIA"
"16";"279";"VILLAREJO SOBREHUERTA";"MANCHA ALTA"
"16";"280";"VILLARES DEL SAZ";"MANCHA ALTA"
"16";"281";"VILLARRUBIO";"MANCHA ALTA"
"16";"282";"VILLARTA";"MANCHUELA"
"16";"283";"VILLAVERDE Y PASACONSOL";"MANCHA ALTA"
"16";"284";"VILLORA";"SERRANIA BAJA"
"16";"285";"VINDEL";"ALCARRIA"
"16";"286";"YEMEDA";"SERRANIA BAJA"
"16";"287";"ZAFRA DE ZANCARA";"MANCHA ALTA"
"16";"288";"ZAFRILLA";"SERRANIA ALTA"
"16";"289";"ZARZA DE TAJO";"MANCHA ALTA"
"16";"290";"ZARZUELA";"SERRANIA MEDIA"
"16";"900";"CUENCA";"SERRANIA MEDIA"
"17";"001";"AGULLANA";"ALTO AMPURDAN"
"17";"002";"AIGUAVIVA";"GIRONES"
"17";"003";"ALBANYA";"ALTO AMPURDAN"
"17";"004";"ALBONS";"BAJO AMPURDAN"
"17";"005";"FAR D'EMPORDA (EL)";"ALTO AMPURDAN"
"17";"006";"ALP";"CERDEÑA"
"17";"007";"AMER";"LA SELVA"
"17";"008";"ANGLES";"LA SELVA"
"17";"009";"ARBUCIES";"LA SELVA"
"17";"010";"ARGELAGUER";"GARROTXA"
"17";"011";"ARMENTERA (L')";"ALTO AMPURDAN"
"17";"012";"AVINYONET DE PUIGVENTOS";"ALTO AMPURDAN"
"17";"014";"BEGUR";"BAJO AMPURDAN"
"17";"015";"VAJOL (LA)";"ALTO AMPURDAN"
"17";"016";"BANYOLES";"GIRONES"
"17";"017";"VALL D'EN BAS (LA)";"GARROTXA"
"17";"018";"BASCARA";"ALTO AMPURDAN"
"17";"021";"BELLCAIRE D'EMPORDA";"BAJO AMPURDAN"
"17";"022";"BESALU";"GARROTXA"
"17";"023";"BESCANO";"GIRONES"
"17";"024";"BEUDA";"GARROTXA"
"17";"025";"BISBAL D'EMPORDÀ, LA";"BAJO AMPURDAN"
"17";"026";"BLANES";"LA SELVA"
"17";"027";"BOLVIR";"CERDEÑA"
"17";"028";"BORDILS";"GIRONES"
"17";"029";"BORRASSA";"ALTO AMPURDAN"
"17";"030";"BREDA";"LA SELVA"
"17";"031";"BRUNYOLA";"LA SELVA"
"17";"032";"BOADELLA I LES ESCAULES";"ALTO AMPURDAN"
"17";"033";"CABANES";"ALTO AMPURDAN"
"17";"034";"CABANELLES";"ALTO AMPURDAN"
"17";"035";"CADAQUES";"ALTO AMPURDAN"
"17";"036";"FONTANALS DE CERDANYA";"CERDEÑA"
"17";"037";"CALDES DE MALAVELLA";"LA SELVA"
"17";"038";"CALONGE";"BAJO AMPURDAN"
"17";"039";"CAMOS";"GIRONES"
"17";"040";"CAMPDEVANOL";"RIPOLLES"
"17";"041";"CAMPELLES";"RIPOLLES"
"17";"042";"CAMPLLONG";"GIRONES"
"17";"043";"CAMPRODON";"RIPOLLES"
"17";"044";"CANET D`ADRI";"GIRONES"
"17";"045";"CANTALLOPS";"ALTO AMPURDAN"
"17";"046";"CAPMANY";"ALTO AMPURDAN"
"17";"047";"QUERALBS";"RIPOLLES"
"17";"049";"CASSA DE LA SELVA";"GIRONES"
"17";"051";"CASTELLFOLLIT DE LA ROCA";"GARROTXA"
"17";"052";"CASTELLO D'EMPURIES";"ALTO AMPURDAN"
"17";"053";"CASTELL-PLATJA D`ARO";"BAJO AMPURDAN"
"17";"054";"CELRA";"GIRONES"
"17";"055";"CERVIA DE TER";"GIRONES"
"17";"056";"CISTELLA";"ALTO AMPURDAN"
"17";"057";"SIURANA";"ALTO AMPURDAN"
"17";"059";"COLERA";"ALTO AMPURDAN"
"17";"060";"COLOMERS";"BAJO AMPURDAN"
"17";"061";"CORNELLA DEL TERRI";"GIRONES"
"17";"062";"CORÇA";"BAJO AMPURDAN"
"17";"063";"CRESPIA";"GIRONES"
"17";"064";"CRUÏLLES, MONELLS I SANT SADURNÍ DE L'HEURA";"BAJO AMPURDAN"
"17";"065";"DARNIUS";"ALTO AMPURDAN"
"17";"066";"DAS";"CERDEÑA"
"17";"068";"ESCALA (L')";"BAJO AMPURDAN"
"17";"069";"ESPINELVES";"LA SELVA"
"17";"070";"ESPOLLA";"ALTO AMPURDAN"
"17";"071";"ESPONELLA";"GIRONES"
"17";"072";"FIGUERES";"ALTO AMPURDAN"
"17";"073";"FLAÇA";"GIRONES"
"17";"074";"FOIXA";"BAJO AMPURDAN"
"17";"075";"FONTANILLES";"BAJO AMPURDAN"
"17";"076";"FONTCOBERTA";"GIRONES"
"17";"077";"FORALLAC";"BAJO AMPURDAN"
"17";"078";"FORNELLS DE LA SELVA";"GIRONES"
"17";"079";"FORTIA";"ALTO AMPURDAN"
"17";"081";"GARRIGAS";"ALTO AMPURDAN"
"17";"082";"GARRIGOLES";"BAJO AMPURDAN"
"17";"083";"GARRIGUELLA";"ALTO AMPURDAN"
"17";"084";"GER";"CERDEÑA"
"17";"085";"GIRONA";"GIRONES"
"17";"086";"GOMBREN";"RIPOLLES"
"17";"087";"GUALTA";"BAJO AMPURDAN"
"17";"088";"GUILS DE CERDANYA";"CERDEÑA"
"17";"089";"HOSTALRIC";"LA SELVA"
"17";"090";"ISOVOL";"CERDEÑA"
"17";"091";"JAFRE";"BAJO AMPURDAN"
"17";"093";"JONQUERA (LA)";"ALTO AMPURDAN"
"17";"094";"JUIA";"GIRONES"
"17";"095";"LLADO";"ALTO AMPURDAN"
"17";"096";"LLAGOSTERA";"GIRONES"
"17";"097";"LLAMBILLES";"GIRONES"
"17";"098";"LLANARS";"RIPOLLES"
"17";"099";"LLANÇA";"ALTO AMPURDAN"
"17";"100";"LLERS";"ALTO AMPURDAN"
"17";"101";"LLIVIA";"CERDEÑA"
"17";"102";"LLORET DE MAR";"LA SELVA"
"17";"103";"LLOSSES (LES)";"RIPOLLES"
"17";"104";"MADREMANYA";"GIRONES"
"17";"105";"MERANGES";"CERDEÑA"
"17";"106";"MASARAC";"ALTO AMPURDAN"
"17";"107";"MASSANES";"LA SELVA"
"17";"108";"MAÇANET DE CABRENYS";"ALTO AMPURDAN"
"17";"109";"MAÇANET DE LA SELVA";"LA SELVA"
"17";"110";"MAIA DE MONTCAL";"GARROTXA"
"17";"112";"MIERES";"GARROTXA"
"17";"113";"MOLLET DE PERALADA";"ALTO AMPURDAN"
"17";"114";"MOLLO";"RIPOLLES"
"17";"116";"MONTAGUT I OIX";"GARROTXA"
"17";"117";"MONT-RAS";"BAJO AMPURDAN"
"17";"118";"NAVATA";"ALTO AMPURDAN"
"17";"119";"OGASSA";"RIPOLLES"
"17";"121";"OLOT";"GARROTXA"
"17";"122";"ORDIS";"ALTO AMPURDAN"
"17";"123";"OSOR";"LA SELVA"
"17";"124";"PALAFRUGELL";"BAJO AMPURDAN"
"17";"125";"PALAMOS";"BAJO AMPURDAN"
"17";"126";"PALAU DE SANTA EULALIA";"ALTO AMPURDAN"
"17";"127";"PALAU-SAVERDERA";"ALTO AMPURDAN"
"17";"129";"PALAU-SATOR";"BAJO AMPURDAN"
"17";"131";"PALOL DE REVARDIT";"GIRONES"
"17";"132";"PALS";"BAJO AMPURDAN"
"17";"133";"PARDINES";"RIPOLLES"
"17";"134";"PARLAVA";"BAJO AMPURDAN"
"17";"136";"PAU";"ALTO AMPURDAN"
"17";"137";"PEDRET I MARZA";"ALTO AMPURDAN"
"17";"138";"PERA (LA)";"BAJO AMPURDAN"
"17";"140";"PERALADA";"ALTO AMPURDAN"
"17";"142";"PLANES D'HOSTOLES (LES)";"GARROTXA"
"17";"143";"PLANOLES";"RIPOLLES"
"17";"144";"PONT DE MOLINS";"ALTO AMPURDAN"
"17";"145";"PONTOS";"ALTO AMPURDAN"
"17";"146";"PORQUERES";"GIRONES"
"17";"147";"PORTBOU";"ALTO AMPURDAN"
"17";"148";"PRESES (LES)";"GARROTXA"
"17";"149";"PORT DE LA SELVA (EL)";"ALTO AMPURDAN"
"17";"150";"PUIGCERDA";"CERDEÑA"
"17";"151";"QUART";"GIRONES"
"17";"152";"RABOS";"ALTO AMPURDAN"
"17";"153";"REGENCOS";"BAJO AMPURDAN"
"17";"154";"RIBES DE FRESER";"RIPOLLES"
"17";"155";"RIELLS I VIABREA";"LA SELVA"
"17";"156";"RIPOLL";"RIPOLLES"
"17";"157";"RIUDARENES";"LA SELVA"
"17";"158";"RIUDAURA";"GARROTXA"
"17";"159";"RIUDELLOTS DE LA SELVA";"LA SELVA"
"17";"160";"RIUMORS";"ALTO AMPURDAN"
"17";"161";"ROSES";"ALTO AMPURDAN"
"17";"162";"RUPIA";"BAJO AMPURDAN"
"17";"163";"SALES DE LLIERCA";"GARROTXA"
"17";"164";"SALT";"GIRONES"
"17";"166";"SANT ANDREU SALOU";"LA SELVA"
"17";"167";"SANT CLIMENT SESCEBES";"ALTO AMPURDAN"
"17";"169";"SANT FELIU DE BUIXALLEU";"LA SELVA"
"17";"170";"SANT FELIU DE GUIXOLS";"BAJO AMPURDAN"
"17";"171";"SANT FELIU DE PALLEROLS";"GARROTXA"
"17";"172";"SANT FERRIOL";"GARROTXA"
"17";"173";"SANT GREGORI";"GIRONES"
"17";"174";"SANT HILARI SACALM";"LA SELVA"
"17";"175";"SANT JAUME DE LLIERCA";"GARROTXA"
"17";"176";"SANT JORDI DESVALLS";"GIRONES"
"17";"177";"SANT JOAN DE LES ABADESSES";"RIPOLLES"
"17";"178";"SANT JOAN DE MOLLET";"GIRONES"
"17";"179";"SANT JULIA DE RAMIS";"GIRONES"
"17";"180";"SANT LLORENÇ DE LA MUGA";"ALTO AMPURDAN"
"17";"181";"SANT MARTI DE LLEMENA";"GIRONES"
"17";"182";"SANT MARTI VELL";"GIRONES"
"17";"183";"SANT MIQUEL DE CAMPMAJOR";"GIRONES"
"17";"184";"SANT MIQUEL DE FLUVIA";"ALTO AMPURDAN"
"17";"185";"SANT MORI";"ALTO AMPURDAN"
"17";"186";"SANT PAU DE SEGURIES";"RIPOLLES"
"17";"187";"SANT PERE PESCADOR";"ALTO AMPURDAN"
"17";"191";"SANTA COLOMA DE FARNERS";"LA SELVA"
"17";"192";"SANTA CRISTINA D'ARO";"BAJO AMPURDAN"
"17";"194";"SANTA LLOGAIA D'ALGUEMA";"ALTO AMPURDAN"
"17";"195";"SANT ANIOL DE FINESTRES";"GARROTXA"
"17";"196";"SANTA PAU";"GARROTXA"
"17";"197";"SANT JOAN LES FONTS";"GARROTXA"
"17";"198";"SARRIA DE TER";"GIRONES"
"17";"199";"SAUS, CAMALLERA I LLAMPAIES";"ALTO AMPURDAN"
"17";"200";"SELVA DE MAR (LA)";"ALTO AMPURDAN"
"17";"201";"CELLERA DE TER (LA)";"LA SELVA"
"17";"202";"SERINYA";"GIRONES"
"17";"203";"SERRA DE DARO";"BAJO AMPURDAN"
"17";"204";"SETCASES";"RIPOLLES"
"17";"205";"SILS";"LA SELVA"
"17";"206";"SUSQUEDA";"LA SELVA"
"17";"207";"TALLADA D'EMPORDÀ, LA";"BAJO AMPURDAN"
"17";"209";"TERRADES";"ALTO AMPURDAN"
"17";"210";"TORRENT";"BAJO AMPURDAN"
"17";"211";"TORROELLA DE FLUVIA";"ALTO AMPURDAN"
"17";"212";"TORROELLA DE MONTGRI";"BAJO AMPURDAN"
"17";"213";"TORTELLA";"GARROTXA"
"17";"214";"TOSES";"RIPOLLES"
"17";"215";"TOSSA DE MAR";"LA SELVA"
"17";"216";"ULTRAMORT";"BAJO AMPURDAN"
"17";"217";"ULLA";"BAJO AMPURDAN"
"17";"218";"ULLASTRET";"BAJO AMPURDAN"
"17";"220";"URUS";"CERDEÑA"
"17";"221";"VALL DE BIANYA (LA)";"GARROTXA"
"17";"222";"VALLFOGONA DE RIPOLLES";"RIPOLLES"
"17";"223";"VALL-LLOBREGA";"BAJO AMPURDAN"
"17";"224";"VENTALLO";"ALTO AMPURDAN"
"17";"225";"VERGES";"BAJO AMPURDAN"
"17";"226";"VIDRA";"RIPOLLES"
"17";"227";"VIDRERES";"LA SELVA"
"17";"228";"VILABERTRAN";"ALTO AMPURDAN"
"17";"229";"VILABLAREIX";"GIRONES"
"17";"230";"VILADASENS";"GIRONES"
"17";"231";"VILADAMAT";"ALTO AMPURDAN"
"17";"232";"VILADEMULS";"GIRONES"
"17";"234";"VILADRAU";"LA SELVA"
"17";"235";"VILAFANT";"ALTO AMPURDAN"
"17";"236";"VILAÜR";"ALTO AMPURDAN"
"17";"237";"VILAJUÏGA";"ALTO AMPURDAN"
"17";"238";"VILALLONGA DE TER";"RIPOLLES"
"17";"240";"VILAMACOLUM";"ALTO AMPURDAN"
"17";"241";"VILAMALLA";"ALTO AMPURDAN"
"17";"242";"VILAMANISCLE";"ALTO AMPURDAN"
"17";"243";"VILANANT";"ALTO AMPURDAN"
"17";"245";"VILA-SACRA";"ALTO AMPURDAN"
"17";"247";"VILOPRIU";"BAJO AMPURDAN"
"17";"248";"VILOBI D'ONYAR";"LA SELVA"
"17";"249";"BIURE";"ALTO AMPURDAN"
"17";"251";"SANT JULIA DEL LLOR I BONMATI";"LA SELVA"
"17";"900";"GIRONA(Código Antiguo)";"GIRONES"
"18";"002";"Agrón";"ALHAMA"
"18";"003";"Alamedilla";"IZNALLOZ"
"18";"004";"Albolote";"DE LA VEGA"
"18";"005";"Albondón";"LA COSTA"
"18";"006";"Albuñán";"GUADIX"
"18";"007";"Albuñol";"LA COSTA"
"18";"008";"Albuñuelas";"VALLE DE LECRIN"
"18";"011";"Aldeire";"GUADIX"
"18";"012";"Alfacar";"DE LA VEGA"
"18";"013";"Algarinejo";"MONTEFRIO"
"18";"014";"Alhama de Granada";"ALHAMA"
"18";"015";"Alhendín";"DE LA VEGA"
"18";"016";"Alicún de Ortega";"GUADIX"
"18";"017";"Almegíjar";"LAS ALPUJARRAS"
"18";"018";"Almuñécar";"LA COSTA"
"18";"019";"Alquife";"GUADIX"
"18";"020";"Vegas del Genil";"DE LA VEGA"
"18";"021";"Arenas del Rey";"ALHAMA"
"18";"022";"Armilla";"DE LA VEGA"
"18";"023";"Atarfe";"DE LA VEGA"
"18";"024";"Baza";"BAZA"
"18";"025";"Beas de Granada";"DE LA VEGA"
"18";"026";"Beas de Guadix";"GUADIX"
"18";"028";"Benalúa";"GUADIX"
"18";"029";"Benalúa de las Villas";"IZNALLOZ"
"18";"030";"Benamaurel";"BAZA"
"18";"031";"Bérchules";"LAS ALPUJARRAS"
"18";"033";"Bubión";"LAS ALPUJARRAS"
"18";"034";"Busquístar";"LAS ALPUJARRAS"
"18";"035";"Cacín";"ALHAMA"
"18";"036";"Cádiar";"LAS ALPUJARRAS"
"18";"037";"Cájar";"DE LA VEGA"
"18";"038";"Calicasas";"DE LA VEGA"
"18";"039";"Campotéjar";"IZNALLOZ"
"18";"040";"Caniles";"BAZA"
"18";"041";"Cáñar";"LAS ALPUJARRAS"
"18";"043";"Capileira";"LAS ALPUJARRAS"
"18";"044";"Carataunas";"LAS ALPUJARRAS"
"18";"045";"Cástaras";"LAS ALPUJARRAS"
"18";"046";"Castilléjar";"HUESCAR"
"18";"047";"Castril";"HUESCAR"
"18";"048";"Cenes de la Vega";"DE LA VEGA"
"18";"049";"Cijuela";"DE LA VEGA"
"18";"050";"Cogollos de Guadix";"GUADIX"
"18";"051";"Cogollos Vega";"DE LA VEGA"
"18";"052";"Colomera";"IZNALLOZ"
"18";"053";"Villamena";"VALLE DE LECRIN"
"18";"054";"Cortes de Baza";"BAZA"
"18";"055";"Cortes y Graena";"GUADIX"
"18";"057";"Cúllar";"BAZA"
"18";"058";"Cúllar Vega";"DE LA VEGA"
"18";"059";"Valle del Zalabí";"GUADIX"
"18";"060";"Chauchina";"DE LA VEGA"
"18";"062";"Chimeneas";"ALHAMA"
"18";"063";"Lecrín";"VALLE DE LECRIN"
"18";"064";"Churriana de la Vega";"DE LA VEGA"
"18";"065";"Darro";"GUADIX"
"18";"066";"Dehesas de Guadix";"GUADIX"
"18";"068";"Deifontes";"IZNALLOZ"
"18";"069";"Diezma";"GUADIX"
"18";"070";"Dílar";"DE LA VEGA"
"18";"071";"Dólar";"GUADIX"
"18";"072";"Dúdar";"DE LA VEGA"
"18";"073";"Dúrcal";"VALLE DE LECRIN"
"18";"074";"Escúzar";"ALHAMA"
"18";"076";"Ferreira";"GUADIX"
"18";"078";"Fonelas";"GUADIX"
"18";"079";"FORNES";"ALHAMA"
"18";"080";"Freila";"BAZA"
"18";"081";"Fuente Vaqueros";"DE LA VEGA"
"18";"083";"Gabias (Las)";"DE LA VEGA"
"18";"084";"Galera";"HUESCAR"
"18";"085";"Gobernador";"IZNALLOZ"
"18";"086";"Gójar";"DE LA VEGA"
"18";"087";"Gor";"GUADIX"
"18";"088";"Gorafe";"GUADIX"
"18";"090";"Guadahortuna";"IZNALLOZ"
"18";"091";"Guadix";"GUADIX"
"18";"092";"Guajares (Los)";"LA COSTA"
"18";"095";"Gualchos";"LA COSTA"
"18";"096";"Güéjar Sierra";"DE LA VEGA"
"18";"097";"Güevéjar";"DE LA VEGA"
"18";"098";"Huélago";"GUADIX"
"18";"099";"Huéneja";"GUADIX"
"18";"100";"Huéscar";"HUESCAR"
"18";"101";"Huétor Santillán";"DE LA VEGA"
"18";"102";"Huétor Tájar";"DE LA VEGA"
"18";"103";"Huétor Vega";"DE LA VEGA"
"18";"104";"Illora";"MONTEFRIO"
"18";"105";"Pinar (El)";"VALLE DE LECRIN"
"18";"106";"Itrabo";"LA COSTA"
"18";"107";"Iznalloz";"IZNALLOZ"
"18";"108";"Játar";"ALHAMA"
"18";"109";"Jayena";"ALHAMA"
"18";"110";"Jerez del Marquesado";"GUADIX"
"18";"111";"Jete";"LA COSTA"
"18";"113";"Jun";"DE LA VEGA"
"18";"114";"Juviles";"LAS ALPUJARRAS"
"18";"116";"Calahorra (La)";"GUADIX"
"18";"117";"Láchar";"DE LA VEGA"
"18";"118";"Lanjarón";"LAS ALPUJARRAS"
"18";"119";"Lanteira";"GUADIX"
"18";"120";"Nevada";"LAS ALPUJARRAS"
"18";"121";"Lentegí";"LA COSTA"
"18";"122";"Lobras";"LAS ALPUJARRAS"
"18";"123";"Loja";"DE LA VEGA"
"18";"124";"Lugros";"GUADIX"
"18";"125";"Lújar";"LA COSTA"
"18";"127";"Malahá (La)";"ALHAMA"
"18";"128";"Maracena";"DE LA VEGA"
"18";"129";"Marchal";"GUADIX"
"18";"130";"Alpujarra de la Sierra";"LAS ALPUJARRAS"
"18";"132";"Valle (El)";"VALLE DE LECRIN"
"18";"133";"Moclín";"MONTEFRIO"
"18";"134";"Molvízar";"LA COSTA"
"18";"135";"Monachil";"DE LA VEGA"
"18";"137";"Montefrío";"MONTEFRIO"
"18";"138";"Montejícar";"IZNALLOZ"
"18";"139";"Montillana";"IZNALLOZ"
"18";"140";"Moraleda de Zafayona";"DE LA VEGA"
"18";"141";"Morelábor";"IZNALLOZ"
"18";"142";"Motril";"LA COSTA"
"18";"144";"Murtas";"LAS ALPUJARRAS"
"18";"146";"Nigüelas";"VALLE DE LECRIN"
"18";"147";"Nívar";"DE LA VEGA"
"18";"148";"Ogíjares";"DE LA VEGA"
"18";"149";"Orce";"HUESCAR"
"18";"150";"Orgiva";"LAS ALPUJARRAS"
"18";"151";"Otívar";"LA COSTA"
"18";"152";"Villa de Otura";"DE LA VEGA"
"18";"153";"Padul";"VALLE DE LECRIN"
"18";"154";"Pampaneira";"LAS ALPUJARRAS"
"18";"155";"Pedro Martínez";"IZNALLOZ"
"18";"156";"Peligros";"DE LA VEGA"
"18";"157";"Peza (La)";"GUADIX"
"18";"160";"Pinos Genil";"DE LA VEGA"
"18";"161";"Pinos Puente";"DE LA VEGA"
"18";"162";"Píñar";"IZNALLOZ"
"18";"163";"Taha (La)";"LAS ALPUJARRAS"
"18";"164";"Polícar";"GUADIX"
"18";"165";"Polopos";"LA COSTA"
"18";"166";"Pórtugos";"LAS ALPUJARRAS"
"18";"167";"Puebla de Don Fadrique";"HUESCAR"
"18";"168";"Pulianas";"DE LA VEGA"
"18";"170";"Purullena";"GUADIX"
"18";"171";"Quéntar";"DE LA VEGA"
"18";"173";"Rubite";"LA COSTA"
"18";"174";"Salar";"DE LA VEGA"
"18";"176";"Salobreña";"LA COSTA"
"18";"177";"Santa Cruz del Comercio";"ALHAMA"
"18";"178";"Santa Fe";"DE LA VEGA"
"18";"179";"Soportújar";"LAS ALPUJARRAS"
"18";"180";"Sorvilán";"LA COSTA"
"18";"181";"Torre-Cardela";"IZNALLOZ"
"18";"182";"Torvizcón";"LAS ALPUJARRAS"
"18";"183";"Trevélez";"LAS ALPUJARRAS"
"18";"185";"Turón";"LAS ALPUJARRAS"
"18";"186";"Ugíjar";"LAS ALPUJARRAS"
"18";"187";"Válor";"LAS ALPUJARRAS"
"18";"188";"Vélez de Benaudalla";"LA COSTA"
"18";"189";"Ventas de Huelma";"ALHAMA"
"18";"191";"Villanueva de las Torres";"GUADIX"
"18";"192";"Villanueva Mesía";"DE LA VEGA"
"18";"193";"Víznar";"DE LA VEGA"
"18";"196";"Zafarraya";"ALHAMA"
"18";"197";"Zubia (La)";"DE LA VEGA"
"18";"198";"Zújar";"BAZA"
"18";"199";"Cuevas del Campo";"BAZA"
"18";"200";"Zagra";"DE LA VEGA"
"18";"201";"VALDERRUBIO";
"18";"202";"Dehesas Viejas";"IZNALLOZ"
"18";"204";"Domingo Pérez de Granada";"IZNALLOZ"
"18";"205";"TORRENUEVA COSTA";"LA COSTA"
"18";"900";"Granada";"DE LA VEGA"
"19";"001";"ABANADES";"ALCARRIA ALTA"
"19";"002";"ABLANQUE";"ALCARRIA ALTA"
"19";"003";"ADOBES";"MOLINA DE ARAGON"
"19";"005";"ALAMINOS";"ALCARRIA ALTA"
"19";"006";"ALARILLA";"ALCARRIA ALTA"
"19";"007";"ALBALATE DE ZORITA";"CAMPIÑA"
"19";"008";"ALBARES";"CAMPIÑA"
"19";"009";"ALBENDIEGO";"SIERRA"
"19";"011";"ALCOCER";"ALCARRIA BAJA"
"19";"012";"ALCOLEA DE LAS PEÑAS";"SIERRA"
"19";"013";"ALCOLEA DEL PINAR";"ALCARRIA ALTA"
"19";"014";"ALCORLO";"SIERRA"
"19";"015";"ALCOROCHES";"MOLINA DE ARAGON"
"19";"018";"ALDEANUEVA DE GUADALAJARA";"CAMPIÑA"
"19";"019";"ALEAS";"SIERRA"
"19";"020";"ALGAR DE MESA";"MOLINA DE ARAGON"
"19";"021";"ALGORA";"ALCARRIA ALTA"
"19";"022";"ALHONDIGA";"ALCARRIA BAJA"
"19";"023";"ALIQUE";"ALCARRIA BAJA"
"19";"024";"ALMADRONES";"ALCARRIA ALTA"
"19";"026";"ALMOGUERA";"CAMPIÑA"
"19";"027";"ALMONACID DE ZORITA";"CAMPIÑA"
"19";"028";"ALOCEN";"ALCARRIA BAJA"
"19";"029";"ALOVERA";"CAMPIÑA"
"19";"030";"ALPEDRETE DE LA SIERRA";"SIERRA"
"19";"032";"ALUSTANTE";"MOLINA DE ARAGON"
"19";"036";"ANGON";"SIERRA"
"19";"037";"ANGUITA";"ALCARRIA ALTA"
"19";"038";"ANQUELA DEL DUCADO";"MOLINA DE ARAGON"
"19";"039";"ANQUELA DEL PEDREGAL";"MOLINA DE ARAGON"
"19";"041";"ARANZUEQUE";"CAMPIÑA"
"19";"042";"ARBANCON";"SIERRA"
"19";"043";"ARBETETA";"ALCARRIA BAJA"
"19";"044";"ARCHILLA";"ALCARRIA ALTA"
"19";"045";"ARGECILLA";"ALCARRIA ALTA"
"19";"046";"ARMALLONES";"ALCARRIA BAJA"
"19";"047";"ARMUÑA DE TAJUÑA";"CAMPIÑA"
"19";"048";"ARROYO DE LAS FRAGUAS";"SIERRA"
"19";"050";"ATANZON";"CAMPIÑA"
"19";"051";"ATIENZA";"SIERRA"
"19";"052";"AUÑON";"ALCARRIA BAJA"
"19";"053";"AZAÑON";"ALCARRIA BAJA"
"19";"054";"AZUQUECA DE HENARES";"CAMPIÑA"
"19";"055";"BAIDES";"SIERRA"
"19";"057";"BALCONETE";"ALCARRIA ALTA"
"19";"058";"BAÑOS DE TAJO";"MOLINA DE ARAGON"
"19";"059";"BAÑUELOS";"SIERRA"
"19";"060";"BARRIOPEDRO";"ALCARRIA ALTA"
"19";"061";"BELEÑA DEL SORBE";"SIERRA"
"19";"062";"BERNINCHES";"ALCARRIA BAJA"
"19";"064";"BODERA (LA)";"SIERRA"
"19";"065";"BRIHUEGA";"ALCARRIA ALTA"
"19";"066";"BUDIA";"ALCARRIA BAJA"
"19";"067";"BUJALARO";"ALCARRIA ALTA"
"19";"069";"BUSTARES";"SIERRA"
"19";"070";"CABANILLAS DEL CAMPO";"CAMPIÑA"
"19";"072";"CAMPILLO DE DUEÑAS";"MOLINA DE ARAGON"
"19";"073";"CAMPILLO DE RANAS";"SIERRA"
"19";"074";"CAMPISABALOS";"SIERRA"
"19";"077";"CANREDONDO";"ALCARRIA ALTA"
"19";"078";"CANTALOJAS";"SIERRA"
"19";"079";"CAÑIZAR";"ALCARRIA ALTA"
"19";"081";"CARDOSO DE LA SIERRA (EL)";"SIERRA"
"19";"083";"CARRASCOSA DE TAJO";"ALCARRIA ALTA"
"19";"084";"CASA DE UCEDA";"CAMPIÑA"
"19";"085";"EL CASAR";"CAMPIÑA"
"19";"086";"CASASANA";"ALCARRIA BAJA"
"19";"087";"CASAS DE SAN GALINDO";"ALCARRIA ALTA"
"19";"088";"CASPUEÑAS";"CAMPIÑA"
"19";"089";"CASTEJON DE HENARES";"ALCARRIA ALTA"
"19";"090";"CASTELLAR DE LA MUELA";"MOLINA DE ARAGON"
"19";"091";"CASTILBLANCO";"ALCARRIA ALTA"
"19";"092";"CASTILFORTE";"ALCARRIA BAJA"
"19";"093";"CASTILMIMBRE";"ALCARRIA ALTA"
"19";"094";"CASTILNUEVO";"MOLINA DE ARAGON"
"19";"095";"CENDEJAS DE ENMEDIO";"SIERRA"
"19";"096";"CENDEJAS DE LA TORRE";"SIERRA"
"19";"097";"CENTENERA";"CAMPIÑA"
"19";"099";"CERECEDA";"ALCARRIA BAJA"
"19";"100";"CEREZO DE MOHERNANDO";"CAMPIÑA"
"19";"101";"CIFUENTES";"ALCARRIA ALTA"
"19";"103";"CINCOVILLAS";"SIERRA"
"19";"104";"CIRUELAS";"ALCARRIA ALTA"
"19";"105";"CIRUELOS DEL PINAR";"MOLINA DE ARAGON"
"19";"107";"COBETA";"MOLINA DE ARAGON"
"19";"109";"COGOLLOR";"ALCARRIA ALTA"
"19";"110";"COGOLLUDO";"SIERRA"
"19";"113";"CONDEMIOS DE ABAJO";"SIERRA"
"19";"114";"CONDEMIOS DE ARRIBA";"SIERRA"
"19";"115";"CONGOSTRINA";"SIERRA"
"19";"116";"COPERNAL";"ALCARRIA ALTA"
"19";"117";"CORCOLES";"ALCARRIA BAJA"
"19";"118";"CORDUENTE";"MOLINA DE ARAGON"
"19";"122";"CUBILLO DE UCEDA (EL)";"CAMPIÑA"
"19";"124";"CHECA";"MOLINA DE ARAGON"
"19";"125";"CHEQUILLA";"MOLINA DE ARAGON"
"19";"126";"CHILOECHES";"CAMPIÑA"
"19";"127";"CHILLARON DEL REY";"ALCARRIA BAJA"
"19";"128";"DRIEBES";"CAMPIÑA"
"19";"129";"DURON";"ALCARRIA BAJA"
"19";"130";"EMBID";"MOLINA DE ARAGON"
"19";"131";"ESCAMILLA";"ALCARRIA BAJA"
"19";"132";"ESCARICHE";"CAMPIÑA"
"19";"133";"ESCOPETE";"CAMPIÑA"
"19";"134";"ESPINOSA DE HENARES";"ALCARRIA ALTA"
"19";"135";"ESPLEGARES";"ALCARRIA ALTA"
"19";"136";"ESTABLES";"MOLINA DE ARAGON"
"19";"137";"ESTRIEGANA";"SIERRA"
"19";"138";"FONTANAR";"CAMPIÑA"
"19";"139";"FUEMBELLIDA";"MOLINA DE ARAGON"
"19";"140";"FUENCEMILLAN";"SIERRA"
"19";"142";"FUENTELAHIGUERA DE ALBATAGES";"CAMPIÑA"
"19";"143";"FUENTELENCINA";"CAMPIÑA"
"19";"144";"FUENTELSAZ";"MOLINA DE ARAGON"
"19";"145";"FUENTELVIEJO";"CAMPIÑA"
"19";"146";"FUENTENOVILLA";"CAMPIÑA"
"19";"147";"FUENTES DE LA ALCARRIA";"ALCARRIA ALTA"
"19";"148";"GAJANEJOS";"ALCARRIA ALTA"
"19";"149";"GALAPAGOS";"CAMPIÑA"
"19";"150";"GALVE DE SORBE";"SIERRA"
"19";"152";"GARGOLES DE ABAJO";"ALCARRIA ALTA"
"19";"153";"GARGOLES DE ARRIBA";"ALCARRIA ALTA"
"19";"154";"GASCUEÑA DE BORNOVA";"SIERRA"
"19";"156";"GUALDA";"ALCARRIA ALTA"
"19";"158";"HENCHE";"ALCARRIA ALTA"
"19";"159";"HERAS DE AYUSO";"ALCARRIA ALTA"
"19";"160";"HERRERIA";"MOLINA DE ARAGON"
"19";"161";"HIENDELAENCINA";"SIERRA"
"19";"162";"HIJES";"SIERRA"
"19";"164";"HITA";"ALCARRIA ALTA"
"19";"165";"HOMBRADOS";"MOLINA DE ARAGON"
"19";"166";"HONTANARES";"ALCARRIA ALTA"
"19";"167";"HONTANILLAS";"ALCARRIA BAJA"
"19";"168";"HONTOBA";"CAMPIÑA"
"19";"169";"HORCHE";"CAMPIÑA"
"19";"171";"HORTEZUELA DE OCEN";"ALCARRIA ALTA"
"19";"172";"HUERCE (LA)";"SIERRA"
"19";"173";"HUERMECES DEL CERRO";"SIERRA"
"19";"174";"HUERTAHERNANDO";"ALCARRIA ALTA"
"19";"176";"HUETOS";"ALCARRIA ALTA"
"19";"177";"HUEVA";"CAMPIÑA"
"19";"178";"HUMANES DE MOHERNANDO";"CAMPIÑA"
"19";"179";"ILLANA";"CAMPIÑA"
"19";"181";"INIESTOLA";"ALCARRIA ALTA"
"19";"182";"INVIERNAS (LAS)";"ALCARRIA ALTA"
"19";"183";"IRIEPAL";"CAMPIÑA"
"19";"184";"IRUESTE";"ALCARRIA ALTA"
"19";"185";"JADRAQUE";"ALCARRIA ALTA"
"19";"186";"JIRUEQUE";"SIERRA"
"19";"190";"LEDANCA";"ALCARRIA ALTA"
"19";"191";"LORANCA DE TAJUÑA";"CAMPIÑA"
"19";"192";"LUPIANA";"CAMPIÑA"
"19";"193";"LUZAGA";"ALCARRIA ALTA"
"19";"194";"LUZON";"MOLINA DE ARAGON"
"19";"196";"MAJAELRAYO";"SIERRA"
"19";"197";"MALAGA DEL FRESNO";"CAMPIÑA"
"19";"198";"MALAGUILLA";"CAMPIÑA"
"19";"199";"MANDAYONA";"ALCARRIA ALTA"
"19";"200";"MANTIEL";"ALCARRIA BAJA"
"19";"201";"MARANCHON";"MOLINA DE ARAGON"
"19";"202";"MARCHAMALO";"CAMPIÑA"
"19";"203";"MASEGOSO DE TAJUÑA";"ALCARRIA ALTA"
"19";"204";"MATARRUBIA";"SIERRA"
"19";"205";"MATILLAS";"ALCARRIA ALTA"
"19";"206";"MAZARETE";"MOLINA DE ARAGON"
"19";"207";"MAZUECOS";"CAMPIÑA"
"19";"208";"MEDRANDA";"SIERRA"
"19";"209";"MEGINA";"MOLINA DE ARAGON"
"19";"210";"MEMBRILLERA";"SIERRA"
"19";"211";"MESONES";"CAMPIÑA"
"19";"212";"MIEDES DE ATIENZA";"SIERRA"
"19";"213";"MIERLA (LA)";"SIERRA"
"19";"214";"MILMARCOS";"MOLINA DE ARAGON"
"19";"215";"MILLANA";"ALCARRIA BAJA"
"19";"216";"MIÑOSA (LA)";"SIERRA"
"19";"217";"MIRABUENO";"ALCARRIA ALTA"
"19";"218";"MIRALRIO";"ALCARRIA ALTA"
"19";"219";"MOCHALES";"MOLINA DE ARAGON"
"19";"220";"MOHERNANDO";"CAMPIÑA"
"19";"221";"MOLINA DE ARAGON";"MOLINA DE ARAGON"
"19";"222";"MONASTERIO";"SIERRA"
"19";"223";"MONDEJAR";"CAMPIÑA"
"19";"224";"MONTARRON";"SIERRA"
"19";"226";"MORATILLA DE LOS MELEROS";"CAMPIÑA"
"19";"227";"MORENILLA";"MOLINA DE ARAGON"
"19";"228";"MORILLEJO";"ALCARRIA BAJA"
"19";"230";"MUDUEX";"ALCARRIA ALTA"
"19";"233";"NAVAS DE JADRAQUE (LAS)";"SIERRA"
"19";"234";"NEGREDO";"SIERRA"
"19";"235";"OCENTEJO";"ALCARRIA ALTA"
"19";"236";"OLIVAR (EL)";"ALCARRIA BAJA"
"19";"237";"OLMEDA DE COBETA";"ALCARRIA ALTA"
"19";"238";"OLMEDA DE JADRAQUE (LA)";"SIERRA"
"19";"239";"OLMEDA DEL EXTREMO";"ALCARRIA ALTA"
"19";"241";"ORDIAL (EL)";"SIERRA"
"19";"242";"OREA";"MOLINA DE ARAGON"
"19";"243";"OTER";"ALCARRIA ALTA"
"19";"244";"PADILLA DE HITA";"ALCARRIA ALTA"
"19";"246";"PAJARES";"ALCARRIA ALTA"
"19";"249";"PALMACES DE JADRAQUE";"SIERRA"
"19";"250";"PARDOS";"MOLINA DE ARAGON"
"19";"251";"PAREDES DE SIGÜENZA";"SIERRA"
"19";"252";"PAREJA";"ALCARRIA BAJA"
"19";"253";"PASTRANA";"CAMPIÑA"
"19";"254";"PEDREGAL (EL)";"MOLINA DE ARAGON"
"19";"257";"PEÑALEN";"ALCARRIA BAJA"
"19";"258";"PEÑALVER";"CAMPIÑA"
"19";"259";"PERALEJOS DE LAS TRUCHAS";"MOLINA DE ARAGON"
"19";"260";"PERALVECHE";"ALCARRIA BAJA"
"19";"261";"PINILLA DE JADRAQUE";"SIERRA"
"19";"262";"PINILLA DE MOLINA";"MOLINA DE ARAGON"
"19";"263";"PIOZ";"CAMPIÑA"
"19";"264";"PIQUERAS";"MOLINA DE ARAGON"
"19";"265";"POBO DE DUEÑAS (EL)";"MOLINA DE ARAGON"
"19";"266";"POVEDA DE LA SIERRA";"ALCARRIA BAJA"
"19";"267";"POYOS";"ALCARRIA BAJA"
"19";"269";"POZO DE ALMOGUERA";"CAMPIÑA"
"19";"270";"POZO DE GUADALAJARA";"CAMPIÑA"
"19";"271";"PRADENA DE ATIENZA";"SIERRA"
"19";"272";"PRADOS REDONDOS";"MOLINA DE ARAGON"
"19";"273";"PUEBLA DE BELEÑA";"SIERRA"
"19";"274";"PUEBLA DE VALLES";"SIERRA"
"19";"275";"PUERTA";"ALCARRIA BAJA"
"19";"276";"QUER";"CAMPIÑA"
"19";"277";"REBOLLOSA DE HITA";"ALCARRIA ALTA"
"19";"278";"REBOLLOSA DE JADRAQUE";"SIERRA"
"19";"279";"RECUENCO (EL)";"ALCARRIA BAJA"
"19";"281";"RENERA";"CAMPIÑA"
"19";"282";"RETIENDAS";"SIERRA"
"19";"283";"RIBA DE SAELICES";"ALCARRIA ALTA"
"19";"286";"RILLO DE GALLO";"MOLINA DE ARAGON"
"19";"287";"RIOFRIO DEL LLANO";"SIERRA"
"19";"289";"ROBLEDILLO DE MOHERNANDO";"CAMPIÑA"
"19";"290";"ROBLEDO DE CORPES";"SIERRA"
"19";"291";"ROMANCO";"ALCARRIA ALTA"
"19";"292";"ROMANILLOS DE ATIENZA";"SIERRA"
"19";"293";"ROMANONES";"CAMPIÑA"
"19";"294";"RUEDA DE LA SIERRA";"MOLINA DE ARAGON"
"19";"295";"RUGUILLA";"ALCARRIA ALTA"
"19";"296";"SACECORBO";"ALCARRIA ALTA"
"19";"297";"SACEDON";"ALCARRIA BAJA"
"19";"298";"SAELICES DE LA SAL";"ALCARRIA ALTA"
"19";"299";"SALMERON";"ALCARRIA BAJA"
"19";"300";"SAN ANDRES DEL CONGOSTO";"SIERRA"
"19";"301";"SAN ANDRES DEL REY";"ALCARRIA ALTA"
"19";"303";"SANTIUSTE";"SIERRA"
"19";"304";"SAUCA";"SIERRA"
"19";"305";"SAYATON";"CAMPIÑA"
"19";"306";"SELAS";"MOLINA DE ARAGON"
"19";"307";"SEMILLAS";"SIERRA"
"19";"308";"SETILES";"MOLINA DE ARAGON"
"19";"309";"SIENES";"SIERRA"
"19";"310";"SIGÜENZA";"SIERRA"
"19";"311";"SOLANILLOS DEL EXTREMO";"ALCARRIA ALTA"
"19";"312";"SOMOLINOS";"SIERRA"
"19";"313";"SOTILLO (EL)";"ALCARRIA ALTA"
"19";"314";"SOTOCA DE TAJO";"ALCARRIA ALTA"
"19";"315";"SOTODOSOS";"ALCARRIA ALTA"
"19";"316";"TAMAJON";"SIERRA"
"19";"317";"TARACENA";"CAMPIÑA"
"19";"318";"TARAGUDO";"ALCARRIA ALTA"
"19";"319";"TARAVILLA";"MOLINA DE ARAGON"
"19";"320";"TARTANEDO";"MOLINA DE ARAGON"
"19";"321";"TENDILLA";"CAMPIÑA"
"19";"323";"TERZAGA";"MOLINA DE ARAGON"
"19";"324";"TIERZO";"MOLINA DE ARAGON"
"19";"325";"TOBA (LA)";"SIERRA"
"19";"326";"TOMELLOSA";"ALCARRIA ALTA"
"19";"327";"TORDELRABANO";"SIERRA"
"19";"328";"TORDELLEGO";"MOLINA DE ARAGON"
"19";"329";"TORDESILOS";"MOLINA DE ARAGON"
"19";"331";"TORIJA";"ALCARRIA ALTA"
"19";"332";"TORREBELEÑA";"SIERRA"
"19";"335";"TORRECUADRADA DE MOLINA";"MOLINA DE ARAGON"
"19";"336";"TORRECUADRADILLA";"ALCARRIA ALTA"
"19";"337";"TORRE DEL BURGO";"ALCARRIA ALTA"
"19";"338";"TORREJON DEL REY";"CAMPIÑA"
"19";"339";"TORREMOCHA DE JADRAQUE";"SIERRA"
"19";"340";"TORREMOCHA DEL CAMPO";"ALCARRIA ALTA"
"19";"341";"TORREMOCHA DEL PINAR";"MOLINA DE ARAGON"
"19";"342";"TORREMOCHUELA";"MOLINA DE ARAGON"
"19";"345";"TORRUBIA";"MOLINA DE ARAGON"
"19";"346";"TORTOLA DE HENARES";"CAMPIÑA"
"19";"348";"TORTUERA";"MOLINA DE ARAGON"
"19";"349";"TORTUERO";"SIERRA"
"19";"350";"TRAID";"MOLINA DE ARAGON"
"19";"351";"TRIJUEQUE";"ALCARRIA ALTA"
"19";"352";"TRILLO";"ALCARRIA BAJA"
"19";"354";"UCEDA";"CAMPIÑA"
"19";"355";"UJADOS";"SIERRA"
"19";"356";"USANOS";"CAMPIÑA"
"19";"357";"UTANDE";"ALCARRIA ALTA"
"19";"358";"VALDARACHAS";"CAMPIÑA"
"19";"359";"VALDEARENAS";"ALCARRIA ALTA"
"19";"360";"VALDEAVELLANO";"CAMPIÑA"
"19";"361";"VALDEAVERUELO";"CAMPIÑA"
"19";"362";"VALDECONCHA";"CAMPIÑA"
"19";"363";"VALDEGRUDAS";"CAMPIÑA"
"19";"365";"VALDELCUBO";"SIERRA"
"19";"366";"VADENOCHES";"CAMPIÑA"
"19";"367";"VALDENUÑO FERNANDEZ";"CAMPIÑA"
"19";"368";"VALDEPEÑAS DE LA SIERRA";"SIERRA"
"19";"369";"VALDERREBOLLO";"ALCARRIA ALTA"
"19";"370";"VAL DE SAN GARCIA";"ALCARRIA ALTA"
"19";"371";"VALDESAZ";"ALCARRIA ALTA"
"19";"372";"VALDESOTOS";"SIERRA"
"19";"374";"VALFERMOSO DE TAJUÑA";"CAMPIÑA"
"19";"375";"VALHERMOSO";"MOLINA DE ARAGON"
"19";"376";"VALTABLADO DEL RIO";"ALCARRIA BAJA"
"19";"377";"VALVERDE DE LOS ARROYOS";"SIERRA"
"19";"378";"VEGUILLAS";"SIERRA"
"19";"380";"VIANA DE JADRAQUE";"SIERRA"
"19";"381";"VIANA MONDEJAR";"ALCARRIA BAJA"
"19";"384";"VILLANUEVA DE ALCORON";"ALCARRIA BAJA"
"19";"385";"VILLANUEVA DE ARGECILLA";"ALCARRIA ALTA"
"19";"386";"VILLANUEVA DE LA TORRE";"CAMPIÑA"
"19";"389";"VILLARES DE JADRAQUE";"SIERRA"
"19";"390";"VILLASECA DE HENARES";"ALCARRIA ALTA"
"19";"391";"VILLASECA DE UCEDA";"CAMPIÑA"
"19";"393";"VILLAVICIOSA DE TAJUÑA";"ALCARRIA ALTA"
"19";"394";"VILLEL DE MESA";"MOLINA DE ARAGON"
"19";"395";"VIÑUELAS";"CAMPIÑA"
"19";"396";"YEBES";"CAMPIÑA"
"19";"397";"YEBRA";"CAMPIÑA"
"19";"398";"YELA";"ALCARRIA ALTA"
"19";"399";"YELAMOS DE ABAJO";"ALCARRIA ALTA"
"19";"400";"YELAMOS DE ARRIBA";"ALCARRIA ALTA"
"19";"401";"YUNQUERA DE HENARES";"CAMPIÑA"
"19";"402";"YUNTA (LA)";"MOLINA DE ARAGON"
"19";"403";"ZAOREJAS";"ALCARRIA BAJA"
"19";"404";"ZARZUELA DE JADRAQUE";"SIERRA"
"19";"405";"ZORITA DE LOS CANES";"CAMPIÑA"
"19";"900";"GUADALAJARA";"CAMPIÑA"
"20";"001";"ABALTZISKETA";"GUIPUZCOA"
"20";"002";"ADUNA";"GUIPUZCOA"
"20";"003";"AIZARNAZABAL";"GUIPUZCOA"
"20";"004";"ALBIZTUR";"GUIPUZCOA"
"20";"005";"ALEGIA";"GUIPUZCOA"
"20";"006";"ALKIZA";"GUIPUZCOA"
"20";"007";"ALTZO";"GUIPUZCOA"
"20";"008";"AMEZKETA";"GUIPUZCOA"
"20";"009";"ANDOAIN";"GUIPUZCOA"
"20";"010";"ANOETA";"GUIPUZCOA"
"20";"011";"ANTZUOLA";"GUIPUZCOA"
"20";"012";"ARAMA";"GUIPUZCOA"
"20";"013";"ARETXABALETA";"GUIPUZCOA"
"20";"014";"ASTEASU";"GUIPUZCOA"
"20";"015";"ATAUN";"GUIPUZCOA"
"20";"016";"AIA";"GUIPUZCOA"
"20";"017";"AZKOITIA";"GUIPUZCOA"
"20";"018";"AZPEITIA";"GUIPUZCOA"
"20";"019";"BEASAIN";"GUIPUZCOA"
"20";"020";"BEIZAMA";"GUIPUZCOA"
"20";"021";"BELAUNTZA";"GUIPUZCOA"
"20";"022";"BERASTEGI";"GUIPUZCOA"
"20";"023";"BERROBI";"GUIPUZCOA"
"20";"024";"Bidania-Goiatz";"GUIPUZCOA"
"20";"025";"ZEGAMA";"GUIPUZCOA"
"20";"026";"ZERAIN";"GUIPUZCOA"
"20";"027";"ZESTOA";"GUIPUZCOA"
"20";"028";"ZIZURKIL";"GUIPUZCOA"
"20";"029";"DEBA";"GUIPUZCOA"
"20";"030";"EIBAR";"GUIPUZCOA"
"20";"031";"ELDUAIN";"GUIPUZCOA"
"20";"032";"ELGOIBAR";"GUIPUZCOA"
"20";"033";"ELGETA";"GUIPUZCOA"
"20";"034";"ESKORIATZA";"GUIPUZCOA"
"20";"035";"EZKIO-ITSASO";"GUIPUZCOA"
"20";"036";"HONDARRIBIA";"GUIPUZCOA"
"20";"037";"GAINTZA";"GUIPUZCOA"
"20";"038";"GABIRIA";"GUIPUZCOA"
"20";"039";"GETARIA";"GUIPUZCOA"
"20";"040";"HERNANI";"GUIPUZCOA"
"20";"041";"HERNIALDE";"GUIPUZCOA"
"20";"042";"IBARRA";"GUIPUZCOA"
"20";"043";"IDIAZABAL";"GUIPUZCOA"
"20";"044";"IKAZTEGIETA";"GUIPUZCOA"
"20";"045";"IRUN";"GUIPUZCOA"
"20";"046";"IRURA";"GUIPUZCOA"
"20";"047";"ITSASONDO";"GUIPUZCOA"
"20";"048";"LARRAUL";"GUIPUZCOA"
"20";"049";"LAZKAO";"GUIPUZCOA"
"20";"050";"LEABURU";"GUIPUZCOA"
"20";"051";"LEGAZPI";"GUIPUZCOA"
"20";"052";"LEGORRETA";"GUIPUZCOA"
"20";"053";"LEZO";"GUIPUZCOA"
"20";"054";"LIZARTZA";"GUIPUZCOA"
"20";"055";"ARRASATE/MONDRAGÓN";"GUIPUZCOA"
"20";"056";"MUTRIKU";"GUIPUZCOA"
"20";"057";"MUTILOA";"GUIPUZCOA"
"20";"058";"OLABERRIA";"GUIPUZCOA"
"20";"059";"OÑATI";"GUIPUZCOA"
"20";"060";"OREXA";"GUIPUZCOA"
"20";"061";"ORIO";"GUIPUZCOA"
"20";"062";"ORMAIZTEGI";"GUIPUZCOA"
"20";"063";"OIARTZUN";"GUIPUZCOA"
"20";"064";"PASAIA";"GUIPUZCOA"
"20";"065";"SORALUZE/PLACENCIA DE LAS ARMAS";"GUIPUZCOA"
"20";"066";"ERREZIL";"GUIPUZCOA"
"20";"067";"ERRENTERIA";"GUIPUZCOA"
"20";"068";"LEINTZ-GATZAGA";"GUIPUZCOA"
"20";"069";"DONOSTIA-SAN SEBASTIÁN";"GUIPUZCOA"
"20";"070";"SEGURA";"GUIPUZCOA"
"20";"071";"TOLOSA";"GUIPUZCOA"
"20";"072";"URNIETA";"GUIPUZCOA"
"20";"073";"USURBIL";"GUIPUZCOA"
"20";"074";"BERGARA";"GUIPUZCOA"
"20";"075";"VILLABONA";"GUIPUZCOA"
"20";"076";"ORDIZIA";"GUIPUZCOA"
"20";"077";"URRETXU";"GUIPUZCOA"
"20";"078";"ZALDIBIA";"GUIPUZCOA"
"20";"079";"ZARAUTZ";"GUIPUZCOA"
"20";"080";"ZUMARRAGA";"GUIPUZCOA"
"20";"081";"ZUMAIA";"GUIPUZCOA"
"20";"082";"MENDARO";"GUIPUZCOA"
"20";"083";"LASARTE-ORIA";"GUIPUZCOA"
"20";"084";"ASTIGARRAGA";"GUIPUZCOA"
"20";"085";"BALIARRAIN";"GUIPUZCOA"
"20";"086";"ORENDAIN";"GUIPUZCOA"
"20";"087";"ALTZAGA";"GUIPUZCOA"
"20";"088";"GAZTELU";"GUIPUZCOA"
"20";"098";"ALZANIA";
"20";"099";"SIERRA DE ARALAR";
"21";"001";"Alájar";"SIERRA"
"21";"002";"Aljaraque";"COSTA"
"21";"003";"Almendro (El)";"ANDEVALO OCCIDENTAL"
"21";"004";"Almonaster la Real";"SIERRA"
"21";"005";"Almonte";"CONDADO LITORAL"
"21";"006";"Alosno";"ANDEVALO OCCIDENTAL"
"21";"007";"Aracena";"SIERRA"
"21";"008";"Aroche";"SIERRA"
"21";"009";"Arroyomolinos de León";"SIERRA"
"21";"010";"Ayamonte";"ANDEVALO OCCIDENTAL"
"21";"011";"Beas";"CONDADO CAMPIÑA"
"21";"012";"Berrocal";"ANDEVALO ORIENTAL"
"21";"013";"Bollullos Par del Condado";"CONDADO CAMPIÑA"
"21";"014";"Bonares";"CONDADO CAMPIÑA"
"21";"015";"Cabezas Rubias";"ANDEVALO OCCIDENTAL"
"21";"016";"Cala";"SIERRA"
"21";"017";"Calañas";"ANDEVALO ORIENTAL"
"21";"018";"Campillo (El)";"ANDEVALO ORIENTAL"
"21";"019";"Campofrío";"ANDEVALO ORIENTAL"
"21";"020";"Cañaveral de León";"SIERRA"
"21";"021";"Cartaya";"COSTA"
"21";"022";"Castaño del Robledo";"SIERRA"
"21";"023";"Cerro de Andévalo (El)";"ANDEVALO OCCIDENTAL"
"21";"024";"Corteconcepción";"SIERRA"
"21";"025";"Cortegana";"SIERRA"
"21";"026";"Cortelazor";"SIERRA"
"21";"027";"Cumbres de Enmedio";"SIERRA"
"21";"028";"Cumbres de San Bartolomé";"SIERRA"
"21";"029";"Cumbres Mayores";"SIERRA"
"21";"030";"Chucena";"CONDADO CAMPIÑA"
"21";"031";"Encinasola";"SIERRA"
"21";"032";"Escacena del Campo";"CONDADO CAMPIÑA"
"21";"033";"Fuenteheridos";"SIERRA"
"21";"034";"Galaroza";"SIERRA"
"21";"035";"Gibraleón";"COSTA"
"21";"036";"Granada de Río Tinto (La)";"ANDEVALO ORIENTAL"
"21";"037";"Granado (El)";"ANDEVALO OCCIDENTAL"
"21";"038";"Higuera de la Sierra";"SIERRA"
"21";"039";"Hinojales";"SIERRA"
"21";"040";"Hinojos";"CONDADO LITORAL"
"21";"042";"Isla Cristina";"COSTA"
"21";"043";"Jabugo";"SIERRA"
"21";"044";"Lepe";"COSTA"
"21";"045";"Linares de la Sierra";"SIERRA"
"21";"046";"Lucena del Puerto";"CONDADO LITORAL"
"21";"047";"Manzanilla";"CONDADO CAMPIÑA"
"21";"048";"Marines (Los)";"SIERRA"
"21";"049";"Minas de Riotinto";"ANDEVALO ORIENTAL"
"21";"050";"Moguer";"CONDADO LITORAL"
"21";"051";"Nava (La)";"SIERRA"
"21";"052";"Nerva";"ANDEVALO ORIENTAL"
"21";"053";"Niebla";"CONDADO CAMPIÑA"
"21";"054";"Palma del Condado (La)";"CONDADO CAMPIÑA"
"21";"055";"Palos de la Frontera";"CONDADO LITORAL"
"21";"056";"Paterna del Campo";"CONDADO CAMPIÑA"
"21";"057";"Paymogo";"ANDEVALO OCCIDENTAL"
"21";"058";"Puebla de Guzmán";"ANDEVALO OCCIDENTAL"
"21";"059";"Puerto Moral";"SIERRA"
"21";"060";"Rociana del Condado";"CONDADO CAMPIÑA"
"21";"061";"Rosal de la Frontera";"SIERRA"
"21";"062";"San Bartolomé de la Torre";"ANDEVALO OCCIDENTAL"
"21";"063";"San Juan del Puerto";"CONDADO CAMPIÑA"
"21";"064";"Sanlúcar de Guadiana";"ANDEVALO OCCIDENTAL"
"21";"065";"San Silvestre de Guzmán";"ANDEVALO OCCIDENTAL"
"21";"066";"Santa Ana la Real";"SIERRA"
"21";"067";"Santa Bárbara de Casa";"ANDEVALO OCCIDENTAL"
"21";"068";"Santa Olalla del Cala";"SIERRA"
"21";"069";"Trigueros";"CONDADO CAMPIÑA"
"21";"070";"Valdelarco";"SIERRA"
"21";"071";"Valverde del Camino";"ANDEVALO ORIENTAL"
"21";"072";"Villablanca";"ANDEVALO OCCIDENTAL"
"21";"073";"Villalba del Alcor";"CONDADO CAMPIÑA"
"21";"074";"Villanueva de las Cruces";"ANDEVALO OCCIDENTAL"
"21";"075";"Villanueva de los Castillejos";"ANDEVALO OCCIDENTAL"
"21";"076";"Villarrasa";"CONDADO CAMPIÑA"
"21";"077";"Zalamea la Real";"ANDEVALO ORIENTAL"
"21";"078";"Zufre";"SIERRA"
"21";"079";"Punta Umbría";"COSTA"
"21";"080";"La Zarza-Perrunal";"ANDEVALO ORIENTAL"
"21";"900";"Huelva";"COSTA"
"22";"001";"ABIEGO";"SOMONTANO"
"22";"002";"ABIZANDA";"SOBRARBE"
"22";"004";"ACUMUER";"JACETANIA"
"22";"005";"ADAHUESCA";"SOMONTANO"
"22";"006";"AGUAS";"HOYA DE HUESCA"
"22";"007";"AGÜERO";"HOYA DE HUESCA"
"22";"008";"AGUINALIU";"RIBARGORZA"
"22";"009";"AINSA-SOBRARBE";"SOBRARBE"
"22";"010";"AISA";"JACETANIA"
"22";"011";"ALBALATE DE CINCA";"BAJO CINCA"
"22";"012";"ALBALATILLO";"MONEGROS"
"22";"013";"ALBELDA";"LA LITERA"
"22";"014";"ALBELLA I JANOVAS";"SOBRARBE"
"22";"015";"ALBERO ALTO";"HOYA DE HUESCA"
"22";"016";"ALBERO BAJO";"HOYA DE HUESCA"
"22";"017";"ALBERUELA DE LA LIENA";"SOMONTANO"
"22";"018";"ALBERUELA DE TUBO";"MONEGROS"
"22";"019";"ALCALA DE GURREA";"HOYA DE HUESCA"
"22";"020";"ALCALA DEL OBISPO";"HOYA DE HUESCA"
"22";"021";"ALCAMPELL";"LA LITERA"
"22";"022";"ALCOLEA DE CINCA";"BAJO CINCA"
"22";"023";"ALCUBIERRE";"MONEGROS"
"22";"024";"ALERRE";"HOYA DE HUESCA"
"22";"025";"ALFANTEGA";"LA LITERA"
"22";"027";"ALMUDEVAR";"HOYA DE HUESCA"
"22";"028";"ALMUNIA DE SAN JUAN";"LA LITERA"
"22";"029";"ALMUNIENTE";"HOYA DE HUESCA"
"22";"030";"ALQUEZAR";"SOMONTANO"
"22";"031";"ALTORRICON";"LA LITERA"
"22";"032";"ANGÜES";"HOYA DE HUESCA"
"22";"033";"ANIES";"HOYA DE HUESCA"
"22";"034";"ANSO";"JACETANIA"
"22";"035";"ANTILLON";"HOYA DE HUESCA"
"22";"036";"ANZANIGO";"JACETANIA"
"22";"037";"APIES";"HOYA DE HUESCA"
"22";"038";"CALDEARENAS";"JACETANIA"
"22";"039";"ARAGÜES DEL PUERTO";"JACETANIA"
"22";"040";"ARASCUES";"HOYA DE HUESCA"
"22";"041";"ARBANIES";"HOYA DE HUESCA"
"22";"043";"ARCUSA";"SOBRARBE"
"22";"044";"AREN";"RIBARGORZA"
"22";"045";"ARGAVIESO";"HOYA DE HUESCA"
"22";"046";"ARGUIS";"HOYA DE HUESCA"
"22";"047";"ASO";"JACETANIA"
"22";"048";"ATARES";"JACETANIA"
"22";"049";"AYERBE";"HOYA DE HUESCA"
"22";"050";"AZANUY-ALINS";"LA LITERA"
"22";"051";"AZARA";"SOMONTANO"
"22";"052";"AZLOR";"SOMONTANO"
"22";"053";"BAELLS";"LA LITERA"
"22";"054";"BAILO";"JACETANIA"
"22";"055";"BALDELLOU";"LA LITERA"
"22";"056";"BALLOBAR";"BAJO CINCA"
"22";"058";"BANARIES";"HOYA DE HUESCA"
"22";"059";"BANASTAS";"HOYA DE HUESCA"
"22";"060";"BANDALIES";"HOYA DE HUESCA"
"22";"061";"BARBASTRO";"SOMONTANO"
"22";"062";"BARBENUTA";"JACETANIA"
"22";"063";"BARBUES";"HOYA DE HUESCA"
"22";"064";"BARBUÑALES";"SOMONTANO"
"22";"065";"BARCABO";"SOMONTANO"
"22";"066";"BARLUENGA";"HOYA DE HUESCA"
"22";"067";"BELVER DE CINCA";"BAJO CINCA"
"22";"068";"BENABARRE";"RIBARGORZA"
"22";"069";"BENASQUE";"RIBARGORZA"
"22";"070";"BENTUE RASAL";"HOYA DE HUESCA"
"22";"071";"BERANUY";"RIBARGORZA"
"22";"072";"BERBEGAL";"SOMONTANO"
"22";"073";"CANAL DE BERDUN";"JACETANIA"
"22";"075";"BERNUES";"JACETANIA"
"22";"077";"BESPEN";"HOYA DE HUESCA"
"22";"079";"BIELSA";"SOBRARBE"
"22";"080";"BIERGE";"SOMONTANO"
"22";"081";"BIESCAS";"JACETANIA"
"22";"082";"BINACED";"LA LITERA"
"22";"083";"BINEFAR";"LA LITERA"
"22";"085";"BISAURRI";"RIBARGORZA"
"22";"086";"BISCARRUES";"HOYA DE HUESCA"
"22";"087";"BLECUA Y TORRES";"HOYA DE HUESCA"
"22";"088";"LA SOTONERA";"HOYA DE HUESCA"
"22";"089";"BOLTAÑA";"SOBRARBE"
"22";"090";"BONANSA";"RIBARGORZA"
"22";"091";"BONO";"RIBARGORZA"
"22";"092";"BORAU";"JACETANIA"
"22";"093";"BOTAYA";"JACETANIA"
"22";"094";"BROTO";"SOBRARBE"
"22";"095";"BUERA";"SOMONTANO"
"22";"096";"BURGASE";"SOBRARBE"
"22";"097";"CAJIGAR";"RIBARGORZA"
"22";"098";"CALADRONES";"RIBARGORZA"
"22";"100";"CALVERA";"RIBARGORZA"
"22";"102";"CAMPO";"RIBARGORZA"
"22";"103";"CAMPORRELLS";"LA LITERA"
"22";"104";"CANDASNOS";"BAJO CINCA"
"22";"105";"CANFRANC";"JACETANIA"
"22";"106";"CAPDESASO";"MONEGROS"
"22";"107";"CAPELLA";"RIBARGORZA"
"22";"109";"CASBAS DE HUESCA";"HOYA DE HUESCA"
"22";"111";"CASTANESA";"RIBARGORZA"
"22";"112";"CASTEJON DEL PUENTE";"SOMONTANO"
"22";"113";"CASTEJON DE MONEGROS";"MONEGROS"
"22";"114";"CASTEJON DE SOBRARBE";"SOBRARBE"
"22";"115";"CASTEJON DE SOS";"RIBARGORZA"
"22";"116";"CASTELFLORITE";"MONEGROS"
"22";"117";"CASTIELLO DE JACA";"JACETANIA"
"22";"118";"CASTIGALEU";"RIBARGORZA"
"22";"119";"CASTILSABAS";"HOYA DE HUESCA"
"22";"120";"CASTILLAZUELO";"SOMONTANO"
"22";"121";"CASTILLONROY";"LA LITERA"
"22";"122";"CLAMOSA";"SOBRARBE"
"22";"123";"COLUNGO";"SOMONTANO"
"22";"126";"COSCOJUELA DE FANTOYA";"SOMONTANO"
"22";"128";"COSCULLANO";"HOYA DE HUESCA"
"22";"129";"COSTEAN";"SOMONTANO"
"22";"131";"CUARTE";"HOYA DE HUESCA"
"22";"132";"CHALAMERA";"BAJO CINCA"
"22";"133";"CHIA";"RIBARGORZA"
"22";"134";"CHIMILLAS";"HOYA DE HUESCA"
"22";"135";"EMBUN";"JACETANIA"
"22";"136";"ENA";"HOYA DE HUESCA"
"22";"137";"ESCARRILLA";"JACETANIA"
"22";"138";"ESCUER";"JACETANIA"
"22";"139";"ESPES";"RIBARGORZA"
"22";"140";"ESPLUS";"LA LITERA"
"22";"141";"ESPOSA";"JACETANIA"
"22";"142";"ESPUENDOLAS";"JACETANIA"
"22";"143";"ESQUEDAS";"HOYA DE HUESCA"
"22";"144";"ESTADA";"SOMONTANO"
"22";"145";"ESTADILLA";"SOMONTANO"
"22";"147";"ESTOPIÑAN DEL CASTILLO";"RIBARGORZA"
"22";"148";"FAGO";"JACETANIA"
"22";"149";"FANLO";"SOBRARBE"
"22";"150";"FADANAS";"HOYA DE HUESCA"
"22";"152";"FISCAL";"SOBRARBE"
"22";"153";"FONZ";"SOMONTANO"
"22";"154";"FORADADA DEL TOSCAR";"RIBARGORZA"
"22";"155";"FRAGA";"BAJO CINCA"
"22";"157";"GAVIN";"JACETANIA"
"22";"160";"GISTAIN";"SOBRARBE"
"22";"161";"GRADO (EL)";"SOMONTANO"
"22";"162";"GRAÑEN";"HOYA DE HUESCA"
"22";"163";"GRAUS";"RIBARGORZA"
"22";"164";"GUASA";"JACETANIA"
"22";"166";"GUEL";"RIBARGORZA"
"22";"167";"GURREA DE GALLEGO";"HOYA DE HUESCA"
"22";"168";"VALLE DE HECHO";"JACETANIA"
"22";"169";"HOZ Y COSTEAN";"SOMONTANO"
"22";"170";"HOZ DE JACA";"JACETANIA"
"22";"171";"SANTA MARIA DE DULCIS";"SOMONTANO"
"22";"172";"HUERTO";"HOYA DE HUESCA"
"22";"174";"IBIECA";"HOYA DE HUESCA"
"22";"175";"IGRIES";"HOYA DE HUESCA"
"22";"176";"ILCHE";"SOMONTANO"
"22";"178";"JACA";"JACETANIA"
"22";"179";"JASA";"JACETANIA"
"22";"180";"JAVIERREGAY";"JACETANIA"
"22";"181";"JAVIERRELATRE";"JACETANIA"
"22";"182";"JUNZANO";"HOYA DE HUESCA"
"22";"183";"JUSEU";"RIBARGORZA"
"22";"184";"LABATA";"HOYA DE HUESCA"
"22";"185";"LABUERDA";"SOBRARBE"
"22";"187";"LAGUARTA";"JACETANIA"
"22";"189";"LALUENGA";"SOMONTANO"
"22";"190";"LALUEZA";"MONEGROS"
"22";"191";"LANAJA";"MONEGROS"
"22";"192";"LANUZA";"JACETANIA"
"22";"193";"LAPERDIGUERA";"SOMONTANO"
"22";"196";"LASCELLAS-PONZANO";"SOMONTANO"
"22";"197";"LASCUARRE";"RIBARGORZA"
"22";"198";"LASPAULES";"RIBARGORZA"
"22";"199";"LASPUÑA";"SOBRARBE"
"22";"201";"LATRE";"JACETANIA"
"22";"202";"LIERTA";"HOYA DE HUESCA"
"22";"203";"LIESA";"HOYA DE HUESCA"
"22";"204";"LINAS BROTO";"SOBRARBE"
"22";"205";"LOARRE";"HOYA DE HUESCA"
"22";"206";"LOPORZANO";"HOYA DE HUESCA"
"22";"207";"LOSCORRALES";"HOYA DE HUESCA"
"22";"208";"LUPIÑEN-ORTILLA";"HOYA DE HUESCA"
"22";"209";"LUZAS";"RIBARGORZA"
"22";"212";"MEDIANO";"SOBRARBE"
"22";"213";"MERLI";"RIBARGORZA"
"22";"215";"MONESMA Y CAJIGAR";"RIBARGORZA"
"22";"216";"MONFLORITE-LASCASAS";"HOYA DE HUESCA"
"22";"217";"MONTANUY";"RIBARGORZA"
"22";"218";"MONZON";"LA LITERA"
"22";"219";"MORRILLO MONCLUS";"SOBRARBE"
"22";"220";"MORRANO";"SOMONTANO"
"22";"222";"NAVAL";"SOMONTANO"
"22";"223";"NAVASA";"JACETANIA"
"22";"224";"NERIL";"RIBARGORZA"
"22";"225";"NOCITO";"HOYA DE HUESCA"
"22";"226";"NOVALES";"HOYA DE HUESCA"
"22";"227";"NUENO";"HOYA DE HUESCA"
"22";"228";"OLIVAN";"JACETANIA"
"22";"229";"OLSON";"SOBRARBE"
"22";"230";"OLVENA";"SOMONTANO"
"22";"231";"ONTIÑENA";"BAJO CINCA"
"22";"233";"ORTILLA";"HOYA DE HUESCA"
"22";"234";"OSIA";"JACETANIA"
"22";"235";"OSSO DE CINCA";"BAJO CINCA"
"22";"236";"PALO";"SOBRARBE"
"22";"238";"PANILLO";"RIBARGORZA"
"22";"239";"PANTICOSA";"JACETANIA"
"22";"240";"PANZANO";"HOYA DE HUESCA"
"22";"241";"PEÑALBA";"BAJO CINCA"
"22";"242";"PERALTA DE ALCOFEA";"MONEGROS"
"22";"243";"PERALTA DE CALASANZ";"LA LITERA"
"22";"244";"PERALTILLA";"SOMONTANO"
"22";"245";"PERARRUA";"RIBARGORZA"
"22";"246";"PERTUSA";"HOYA DE HUESCA"
"22";"247";"PIEDRAFITA DE JACA";"JACETANIA"
"22";"248";"PILZAN";"RIBARGORZA"
"22";"249";"PIRACES";"HOYA DE HUESCA"
"22";"250";"PLAN";"SOBRARBE"
"22";"251";"PLASENCIA DEL MONTE";"HOYA DE HUESCA"
"22";"252";"POLEÑINO";"MONEGROS"
"22";"253";"SAN MIGUEL DEL CINCA";"LA LITERA"
"22";"254";"PONZANO";"SOMONTANO"
"22";"255";"POZAN DE VERO";"SOMONTANO"
"22";"256";"PUEBLA DE CASTRO (LA)";"RIBARGORZA"
"22";"258";"PUEBLA RODA";"RIBARGORZA"
"22";"259";"PUENTE DE MONTAÑANA";"RIBARGORZA"
"22";"260";"PUERTOLAS";"SOBRARBE"
"22";"261";"PUEYO DE ARAGUAS (EL)";"SOBRARBE"
"22";"262";"PUEYO DE FANANAS";"HOYA DE HUESCA"
"22";"263";"PUEYO DE JACA";"JACETANIA"
"22";"264";"PUEYO DE SANTA CRUZ";"LA LITERA"
"22";"265";"PURROY DE LA SOLANA";"RIBARGORZA"
"22";"266";"QUICENA";"HOYA DE HUESCA"
"22";"267";"QUINZANO";"HOYA DE HUESCA"
"22";"269";"RASAL";"HOYA DE HUESCA"
"22";"270";"PEÑAS DE RIGLOS";"HOYA DE HUESCA"
"22";"271";"ROBRES";"HOYA DE HUESCA"
"22";"272";"ISABENA";"RIBARGORZA"
"22";"273";"RODELLAR";"SOMONTANO"
"22";"274";"SABAYES";"HOYA DE HUESCA"
"22";"275";"SABIÑANIGO";"JACETANIA"
"22";"276";"SAHUN";"RIBARGORZA"
"22";"277";"SALAS ALTAS";"SOMONTANO"
"22";"278";"SALAS BAJAS";"SOMONTANO"
"22";"279";"SALILLAS";"HOYA DE HUESCA"
"22";"280";"SALINAS DE HOZ";"SOMONTANO"
"22";"281";"SALINAS DE JACA";"HOYA DE HUESCA"
"22";"282";"SALLENT DE GALLEGO";"JACETANIA"
"22";"283";"SAN ESTEBAN DE LITERA";"LA LITERA"
"22";"284";"SANGARREN";"HOYA DE HUESCA"
"22";"285";"SAN JUAN DE PLAN";"SOBRARBE"
"22";"286";"SANTA CILIA";"JACETANIA"
"22";"287";"SANTA CRUZ DE LA SEROS";"JACETANIA"
"22";"288";"PUENTE LA REINA DE JACA";"JACETANIA"
"22";"289";"SANTA EULALIA LA MAYOR";"HOYA DE HUESCA"
"22";"291";"SANTALIESTRA Y SAN QUILEZ";"RIBARGORZA"
"22";"292";"SANTA MARIA DE BUIL";"SOBRARBE"
"22";"293";"SANTORENS";"RIBARGORZA"
"22";"294";"SARIÑENA";"MONEGROS"
"22";"295";"SARSA DE SURTA";"SOBRARBE"
"22";"296";"SARSAMARCUELLO";"HOYA DE HUESCA"
"22";"297";"SASA DEL ABADIADO";"HOYA DE HUESCA"
"22";"298";"SECASTILLA";"RIBARGORZA"
"22";"299";"SEIRA";"RIBARGORZA"
"22";"301";"SENA";"MONEGROS"
"22";"303";"SENES DE ALCUBIERRE";"HOYA DE HUESCA"
"22";"304";"SERRADUY";"RIBARGORZA"
"22";"305";"SESA";"HOYA DE HUESCA"
"22";"306";"SESUE";"RIBARGORZA"
"22";"307";"SIESO DE HUESCA";"HOYA DE HUESCA"
"22";"308";"SIESTE";"SOBRARBE"
"22";"309";"SIETAMO";"HOYA DE HUESCA"
"22";"310";"SINUES";"JACETANIA"
"22";"312";"SIPAN";"HOYA DE HUESCA"
"22";"313";"SOPEIRA";"RIBARGORZA"
"22";"314";"TABERNAS DE ISUELA";"HOYA DE HUESCA"
"22";"315";"TAMARITE DE LITERA";"LA LITERA"
"22";"316";"TARDIENTA";"HOYA DE HUESCA"
"22";"317";"TELLA-SIN";"SOBRARBE"
"22";"318";"TIERZ";"HOYA DE HUESCA"
"22";"320";"TOLVA";"RIBARGORZA"
"22";"321";"TORLA";"SOBRARBE"
"22";"323";"TORRALBA DE ARAGON";"HOYA DE HUESCA"
"22";"324";"TORRE LA RIBERA";"RIBARGORZA"
"22";"325";"TORRENTE DE CINCA";"BAJO CINCA"
"22";"326";"TORRES DE ALCANADRE";"HOYA DE HUESCA"
"22";"327";"TORRES DE BARBUES";"HOYA DE HUESCA"
"22";"328";"TORRES DEL OBISPO";"RIBARGORZA"
"22";"331";"TRAMACASTILLA DE TENA";"JACETANIA"
"22";"332";"TRAMACED";"HOYA DE HUESCA"
"22";"333";"TRISTE";"HOYA DE HUESCA"
"22";"334";"URDUES";"JACETANIA"
"22";"336";"VALFARTA";"MONEGROS"
"22";"337";"VALLE DE BARDAJI";"RIBARGORZA"
"22";"338";"VALLE DE LIERP";"RIBARGORZA"
"22";"339";"VELILLA DE CINCA";"BAJO CINCA"
"22";"340";"VELILLAS";"HOYA DE HUESCA"
"22";"341";"VIACAMP Y LITERA";"RIBARGORZA"
"22";"342";"VICIEN";"HOYA DE HUESCA"
"22";"343";"VILLANOVA";"RIBARGORZA"
"22";"344";"VILLANUA";"JACETANIA"
"22";"345";"VILLANUEVA DE SIGENA";"MONEGROS"
"22";"347";"YEBRA DE BASA";"JACETANIA"
"22";"348";"YESERO";"JACETANIA"
"22";"349";"ZAIDIN";"BAJO CINCA"
"22";"350";"FUEVA(LA)";"SOBRARBE"
"22";"351";"VENCILLON";"LA LITERA"
"22";"352";"BELLESTAR DE FLUMEN";"HOYA DE HUESCA"
"22";"901";"HUESCA";"HOYA DE HUESCA"
"23";"001";"Albanchez de Mágina";"MAGINA"
"23";"002";"Alcalá la Real";"SIERRA SUR"
"23";"003";"Alcaudete";"CAMPIÑA DEL SUR"
"23";"004";"Aldeaquemada";"SIERRA MORENA"
"23";"005";"Andújar";"SIERRA MORENA"
"23";"006";"Arjona";"CAMPIÑA DEL NORTE"
"23";"007";"Arjonilla";"CAMPIÑA DEL NORTE"
"23";"008";"Arquillos";"EL CONDADO"
"23";"009";"Baeza";"LA LOMA"
"23";"010";"Bailén";"CAMPIÑA DEL NORTE"
"23";"011";"Baños de la Encina";"SIERRA MORENA"
"23";"012";"Beas de Segura";"SIERRA DE SEGURA"
"23";"013";"Bedmar y Garcíez";"MAGINA"
"23";"014";"Begíjar";"LA LOMA"
"23";"015";"Bélmez de la Moraleda";"MAGINA"
"23";"016";"Benatae";"SIERRA DE SEGURA"
"23";"017";"Cabra del Santo Cristo";"MAGINA"
"23";"018";"Cambil";"MAGINA"
"23";"019";"Campillo de Arenas";"SIERRA SUR"
"23";"020";"Canena";"LA LOMA"
"23";"021";"Carboneros";"SIERRA MORENA"
"23";"023";"Cárcheles";"SIERRA SUR"
"23";"024";"Carolina (La)";"SIERRA MORENA"
"23";"025";"Castellar";"EL CONDADO"
"23";"026";"Castillo de Locubín";"SIERRA SUR"
"23";"027";"Cazalilla";"CAMPIÑA DEL NORTE"
"23";"028";"Cazorla";"SIERRA DE CAZORLA"
"23";"029";"Chiclana de Segura";"EL CONDADO"
"23";"030";"Chilluévar";"SIERRA DE CAZORLA"
"23";"031";"Escañuela";"CAMPIÑA DEL NORTE"
"23";"032";"Espelúy";"CAMPIÑA DEL NORTE"
"23";"033";"Frailes";"SIERRA SUR"
"23";"034";"Fuensanta de Martos";"SIERRA SUR"
"23";"035";"Fuerte del Rey";"CAMPIÑA DEL NORTE"
"23";"037";"Génave";"SIERRA DE SEGURA"
"23";"038";"Guardia de Jaén (La)";"SIERRA SUR"
"23";"039";"Guarromán";"SIERRA MORENA"
"23";"040";"Lahiguera";"CAMPIÑA DEL NORTE"
"23";"041";"Higuera de Calatrava";"CAMPIÑA DEL NORTE"
"23";"042";"Hinojares";"SIERRA DE CAZORLA"
"23";"043";"Hornos";"SIERRA DE SEGURA"
"23";"044";"Huelma";"MAGINA"
"23";"045";"Huesa";"SIERRA DE CAZORLA"
"23";"046";"Ibros";"LA LOMA"
"23";"047";"Iruela (La)";"SIERRA DE CAZORLA"
"23";"048";"Iznatoraf";"LA LOMA"
"23";"049";"Jabalquinto";"CAMPIÑA DEL NORTE"
"23";"051";"Jamilena";"CAMPIÑA DEL SUR"
"23";"052";"Jimena";"MAGINA"
"23";"053";"Jódar";"MAGINA"
"23";"054";"Larva";"MAGINA"
"23";"055";"Linares";"CAMPIÑA DEL NORTE"
"23";"056";"Lopera";"CAMPIÑA DEL NORTE"
"23";"057";"Lupión";"LA LOMA"
"23";"058";"Mancha Real";"CAMPIÑA DEL SUR"
"23";"059";"Marmolejo";"SIERRA MORENA"
"23";"060";"Martos";"CAMPIÑA DEL SUR"
"23";"061";"Mengíbar";"CAMPIÑA DEL NORTE"
"23";"062";"Montizón";"EL CONDADO"
"23";"063";"Navas de San Juan";"EL CONDADO"
"23";"064";"Noalejo";"SIERRA SUR"
"23";"065";"Orcera";"SIERRA DE SEGURA"
"23";"066";"Peal de Becerro";"SIERRA DE CAZORLA"
"23";"067";"Pegalajar";"SIERRA SUR"
"23";"069";"Porcuna";"CAMPIÑA DEL NORTE"
"23";"070";"Pozo Alcón";"SIERRA DE CAZORLA"
"23";"071";"Puente de Génave";"SIERRA DE SEGURA"
"23";"072";"Puerta de Segura (La)";"SIERRA DE SEGURA"
"23";"073";"Quesada";"SIERRA DE CAZORLA"
"23";"074";"Rus";"LA LOMA"
"23";"075";"Sabiote";"LA LOMA"
"23";"076";"Santa Elena";"SIERRA MORENA"
"23";"077";"Santiago de Calatrava";"CAMPIÑA DEL NORTE"
"23";"078";"Santiago-Pontones";"SIERRA DE SEGURA"
"23";"079";"Santisteban del Puerto";"EL CONDADO"
"23";"080";"Santo Tomé";"SIERRA DE CAZORLA"
"23";"081";"Segura de la Sierra";"SIERRA DE SEGURA"
"23";"082";"Siles";"SIERRA DE SEGURA"
"23";"084";"Sorihuela del Guadalimar";"EL CONDADO"
"23";"085";"Torreblascopedro";"CAMPIÑA DEL NORTE"
"23";"086";"Torredelcampo";"CAMPIÑA DEL SUR"
"23";"087";"Torredonjimeno";"CAMPIÑA DEL SUR"
"23";"088";"Torreperogil";"LA LOMA"
"23";"090";"Torres";"MAGINA"
"23";"091";"Torres de Albanchez";"SIERRA DE SEGURA"
"23";"092";"Ubeda";"LA LOMA"
"23";"093";"Valdepeñas de Jaén";"SIERRA SUR"
"23";"094";"Vilches";"EL CONDADO"
"23";"095";"Villacarrillo";"LA LOMA"
"23";"096";"Villanueva de la Reina";"SIERRA MORENA"
"23";"097";"Villanueva del Arzobispo";"LA LOMA"
"23";"098";"Villardompardo";"CAMPIÑA DEL SUR"
"23";"099";"Villares (Los)";"SIERRA SUR"
"23";"100";"Villatorres";"CAMPIÑA DEL NORTE"
"23";"101";"Villarrodrigo";"SIERRA DE SEGURA"
"23";"102";"Arroyo del Ojanco";"SIERRA DE SEGURA"
"23";"900";"Jaén";"CAMPIÑA DEL SUR"
"24";"001";"ACEBEDO";"LA MONTAÑA DE RIAÑO"
"24";"002";"ALGADEFE";"ESLA-CAMPOS"
"24";"003";"ALIJA DEL INFANTADO";"LA BAÑEZA"
"24";"004";"ALMANZA";"TIERRAS DE LEON"
"24";"005";"ANTIGUA (LA)";"EL PARAMO"
"24";"006";"ARDON";"EL PARAMO"
"24";"007";"ARGANZA";"BIERZO"
"24";"009";"ASTORGA";"ASTORGA"
"24";"010";"BALBOA";"BIERZO"
"24";"011";"BAÑEZA (LA)";"LA BAÑEZA"
"24";"012";"BARJAS";"BIERZO"
"24";"013";"BARRIOS DE LUNA (LOS)";"LA MONTAÑA DE LUNA"
"24";"015";"BEMBIBRE";"BIERZO"
"24";"016";"BENAVIDES";"ASTORGA"
"24";"017";"BENUZA";"LA CABRERA"
"24";"018";"BERCIANOS DEL PARAMO";"EL PARAMO"
"24";"019";"BERCIANOS DEL REAL CAMINO";"SAHAGUN"
"24";"020";"BERLANGA DEL BIERZO";"BIERZO"
"24";"021";"BOCA DE HUERGANO";"LA MONTAÑA DE RIAÑO"
"24";"022";"BOÑAR";"LA MONTAÑA DE RIAÑO"
"24";"023";"BORRENES";"BIERZO"
"24";"024";"BRAZUELO";"ASTORGA"
"24";"025";"BURGO RANERO (EL)";"SAHAGUN"
"24";"026";"BURON";"LA MONTAÑA DE RIAÑO"
"24";"027";"BUSTILLO DEL PARAMO";"EL PARAMO"
"24";"028";"CABAÑAS RARAS";"BIERZO"
"24";"029";"CABREROS DEL RIO";"ESLA-CAMPOS"
"24";"030";"CABRILLANES";"LA MONTAÑA DE LUNA"
"24";"031";"CACABELOS";"BIERZO"
"24";"032";"CALZADA DEL COTO";"SAHAGUN"
"24";"033";"CAMPAZAS";"ESLA-CAMPOS"
"24";"035";"CAMPO DE VILLAVIDEL";"ESLA-CAMPOS"
"24";"036";"CAMPONARAYA";"BIERZO"
"24";"038";"CANDIN";"BIERZO"
"24";"039";"CARMENES";"LA MONTAÑA DE RIAÑO"
"24";"040";"CARRACEDELO";"BIERZO"
"24";"041";"CARRIZO";"ASTORGA"
"24";"042";"CARROCERA";"LA MONTAÑA DE LUNA"
"24";"043";"CARUCEDO";"BIERZO"
"24";"044";"CASTILFALE";"ESLA-CAMPOS"
"24";"045";"CASTRILLO DE CABRERA";"LA CABRERA"
"24";"046";"CASTRILLO DE LA VALDUERNA";"LA BAÑEZA"
"24";"048";"CASTROCALBON";"LA BAÑEZA"
"24";"049";"CASTROCONTRIGO";"LA CABRERA"
"24";"051";"CASTROPODAME";"BIERZO"
"24";"052";"CASTROTIERRA DE VALMADRIGAL";"SAHAGUN"
"24";"053";"CEA";"SAHAGUN"
"24";"054";"CEBANICO";"TIERRAS DE LEON"
"24";"055";"CEBRONES DEL RIO";"LA BAÑEZA"
"24";"056";"CIMANES DE LA VEGA";"ESLA-CAMPOS"
"24";"057";"CIMANES DEL TEJAR";"TIERRAS DE LEON"
"24";"058";"CISTIERNA";"LA MONTAÑA DE RIAÑO"
"24";"059";"CONGOSTO";"BIERZO"
"24";"060";"CORBILLOS DE LOS OTEROS";"ESLA-CAMPOS"
"24";"061";"CORULLON";"BIERZO"
"24";"062";"CREMENES";"LA MONTAÑA DE RIAÑO"
"24";"063";"CUADROS";"TIERRAS DE LEON"
"24";"064";"CUBILLAS DE LOS OTEROS";"ESLA-CAMPOS"
"24";"065";"CUBILLAS DE RUEDA";"TIERRAS DE LEON"
"24";"066";"CUBILLOS DEL SIL";"BIERZO"
"24";"067";"CHOZAS DE ABAJO";"EL PARAMO"
"24";"068";"DESTRIANA";"LA BAÑEZA"
"24";"069";"ENCINEDO";"LA CABRERA"
"24";"070";"ERCINA (LA)";"LA MONTAÑA DE RIAÑO"
"24";"071";"ESCOBAR DE CAMPOS";"SAHAGUN"
"24";"072";"FABERO";"BIERZO"
"24";"073";"FOLGOSO DE LA RIBERA";"BIERZO"
"24";"075";"FRESNO DE LA VEGA";"ESLA-CAMPOS"
"24";"076";"FUENTES DE CARBAJAL";"ESLA-CAMPOS"
"24";"078";"GARRAFE DE TORIO";"TIERRAS DE LEON"
"24";"079";"GORDALIZA DEL PINO";"SAHAGUN"
"24";"080";"GORDONCILLO";"ESLA-CAMPOS"
"24";"081";"GRADEFES";"TIERRAS DE LEON"
"24";"082";"GRAJAL DE CAMPOS";"SAHAGUN"
"24";"083";"GUSENDOS DE LOS OTEROS";"ESLA-CAMPOS"
"24";"084";"HOSPITAL DE ORBIGO";"ASTORGA"
"24";"085";"IGÜEÑA";"BIERZO"
"24";"086";"IZAGRE";"ESLA-CAMPOS"
"24";"088";"JOARILLA DE LAS MATAS";"SAHAGUN"
"24";"089";"LAGUNA DALGA";"EL PARAMO"
"24";"090";"LAGUNA DE NEGRILLOS";"EL PARAMO"
"24";"092";"LUCILLO";"LA CABRERA"
"24";"093";"LUYEGO";"LA CABRERA"
"24";"094";"LLAMAS DE LA RIBERA";"ASTORGA"
"24";"095";"MAGAZ DE CEPEDA";"ASTORGA"
"24";"096";"MANSILLA DE LAS MULAS";"ESLA-CAMPOS"
"24";"097";"MANSILLA MAYOR";"ESLA-CAMPOS"
"24";"098";"MARAÑA";"LA MONTAÑA DE RIAÑO"
"24";"099";"MATADEON DE LOS OTEROS";"ESLA-CAMPOS"
"24";"100";"MATALLANA DE TORIO";"LA MONTAÑA DE RIAÑO"
"24";"101";"MATANZA";"ESLA-CAMPOS"
"24";"102";"MOLINASECA";"BIERZO"
"24";"103";"MURIAS DE PAREDES";"LA MONTAÑA DE LUNA"
"24";"104";"NOCEDA";"BIERZO"
"24";"105";"OENCIA";"BIERZO"
"24";"106";"OMAÑAS (LAS)";"ASTORGA"
"24";"107";"ONZONILLA";"ESLA-CAMPOS"
"24";"108";"OSEJA DE SAJAMBRE";"LA MONTAÑA DE RIAÑO"
"24";"109";"PAJARES DE LOS OTEROS";"ESLA-CAMPOS"
"24";"110";"PALACIOS DE LA VALDUERNA";"LA BAÑEZA"
"24";"111";"PALACIOS DEL SIL";"LA MONTAÑA DE LUNA"
"24";"113";"PARAMO DEL SIL";"BIERZO"
"24";"115";"PERANZANES";"BIERZO"
"24";"116";"POBLADURA DE PELAYO GARCIA";"EL PARAMO"
"24";"117";"POLA DE GORDON (LA)";"LA MONTAÑA DE LUNA"
"24";"118";"PONFERRADA";"BIERZO"
"24";"119";"POSADA DE VALDEON";"LA MONTAÑA DE RIAÑO"
"24";"120";"POZUELO DEL PARAMO";"EL PARAMO"
"24";"121";"PRADO DE LA GUZPEÑA";"TIERRAS DE LEON"
"24";"122";"PRIARANZA DEL BIERZO";"BIERZO"
"24";"123";"PRIORO";"LA MONTAÑA DE RIAÑO"
"24";"124";"PUEBLA DE LILLO";"LA MONTAÑA DE RIAÑO"
"24";"125";"PUENTE DE DOMINGO FLOREZ";"BIERZO"
"24";"126";"QUINTANA DEL CASTILLO";"ASTORGA"
"24";"127";"QUINTANA DEL MARCO";"LA BAÑEZA"
"24";"128";"QUINTANA Y CONGOSTO";"LA BAÑEZA"
"24";"129";"RABANAL DEL CAMINO";"ASTORGA"
"24";"130";"REGUERAS DE ARRIBA";"LA BAÑEZA"
"24";"132";"REYERO";"LA MONTAÑA DE RIAÑO"
"24";"133";"RIAÑO";"LA MONTAÑA DE RIAÑO"
"24";"134";"RIEGO DE LA VEGA";"LA BAÑEZA"
"24";"135";"RIELLO";"LA MONTAÑA DE LUNA"
"24";"136";"RIOSECO DE TAPIA";"TIERRAS DE LEON"
"24";"137";"ROBLA (LA)";"LA MONTAÑA DE LUNA"
"24";"138";"VILLAMANIN";"LA MONTAÑA DE LUNA"
"24";"139";"ROPERUELOS DEL PARAMO";"EL PARAMO"
"24";"140";"SABERO";"LA MONTAÑA DE RIAÑO"
"24";"142";"SAHAGUN";"SAHAGUN"
"24";"144";"SAN ADRIAN DEL VALLE";"EL PARAMO"
"24";"145";"SAN ANDRES DEL RABANEDO";"TIERRAS DE LEON"
"24";"146";"SANCEDO";"BIERZO"
"24";"147";"SAN CRISTOBAL DE LA POLANTERA";"LA BAÑEZA"
"24";"148";"SAN EMILIANO";"LA MONTAÑA DE LUNA"
"24";"149";"SAN ESTEBAN DE NOGALES";"LA BAÑEZA"
"24";"151";"SAN JUSTO DE LA VEGA";"ASTORGA"
"24";"152";"SAN MILLAN DE LOS CABALLEROS";"ESLA-CAMPOS"
"24";"153";"SAN PEDRO BERCIANOS";"EL PARAMO"
"24";"154";"SANTA COLOMBA DE CURUEÑO";"TIERRAS DE LEON"
"24";"155";"SANTA COLOMBA DE SOMOZA";"ASTORGA"
"24";"156";"SANTA CRISTINA DE VALMADRIGAL";"ESLA-CAMPOS"
"24";"157";"SANTA ELENA DE JAMUZ";"LA BAÑEZA"
"24";"158";"SANTA MARIA DE LA ISLA";"LA BAÑEZA"
"24";"159";"SANTA MARIA DEL MONTE DE CEA";"SAHAGUN"
"24";"160";"SANTA MARIA DEL PARAMO";"EL PARAMO"
"24";"161";"SANTA MARIA DE ORDAS";"TIERRAS DE LEON"
"24";"162";"SANTA MARINA DEL REY";"EL PARAMO"
"24";"163";"SANTAS MARTAS";"ESLA-CAMPOS"
"24";"164";"SANTIAGO MILLAS";"ASTORGA"
"24";"165";"SANTOVENIA DE LA VALDONCINA";"TIERRAS DE LEON"
"24";"166";"SARIEGOS";"TIERRAS DE LEON"
"24";"167";"SENA DE LUNA";"LA MONTAÑA DE LUNA"
"24";"168";"SOBRADO";"BIERZO"
"24";"169";"SOTO DE LA VEGA";"LA BAÑEZA"
"24";"170";"SOTO Y AMIO";"LA MONTAÑA DE LUNA"
"24";"171";"TORAL DE LOS GUZMANES";"ESLA-CAMPOS"
"24";"172";"TORENO";"BIERZO"
"24";"173";"TORRE DEL BIERZO";"BIERZO"
"24";"174";"TRABADELO";"BIERZO"
"24";"175";"TRUCHAS";"LA CABRERA"
"24";"176";"TURCIA";"ASTORGA"
"24";"177";"URDIALES DEL PARAMO";"EL PARAMO"
"24";"178";"VALDEFRESNO";"TIERRAS DE LEON"
"24";"179";"VALDEFUENTES DEL PARAMO";"EL PARAMO"
"24";"180";"VALDELUGUEROS";"LA MONTAÑA DE RIAÑO"
"24";"181";"VALDEMORA";"ESLA-CAMPOS"
"24";"182";"VALDEPIELAGO";"LA MONTAÑA DE RIAÑO"
"24";"183";"VALDEPOLO";"TIERRAS DE LEON"
"24";"184";"VALDERAS";"ESLA-CAMPOS"
"24";"185";"VALDERREY";"ASTORGA"
"24";"186";"VALDERRUEDA";"LA MONTAÑA DE RIAÑO"
"24";"187";"VALDESAMARIO";"ASTORGA"
"24";"188";"VAL DE SAN LORENZO";"ASTORGA"
"24";"190";"VALDEVIMBRE";"EL PARAMO"
"24";"191";"VALENCIA DE DON JUAN";"ESLA-CAMPOS"
"24";"192";"VALVERDE DE LA VIRGEN";"TIERRAS DE LEON"
"24";"193";"VALVERDE-ENRIQUE";"ESLA-CAMPOS"
"24";"194";"VALLECILLO";"SAHAGUN"
"24";"196";"VECILLA (LA)";"LA MONTAÑA DE RIAÑO"
"24";"197";"VEGACERVERA";"LA MONTAÑA DE RIAÑO"
"24";"199";"VEGA DE ESPINAREDA";"BIERZO"
"24";"200";"VEGA DE INFANZONES";"ESLA-CAMPOS"
"24";"201";"VEGA DE VALCARCE";"BIERZO"
"24";"203";"VEGAQUEMADA";"LA MONTAÑA DE RIAÑO"
"24";"205";"VEGAS DEL CONDADO";"TIERRAS DE LEON"
"24";"206";"VILLABLINO";"LA MONTAÑA DE LUNA"
"24";"207";"VILLABRAZ";"ESLA-CAMPOS"
"24";"209";"VILLADANGOS DEL PARAMO";"EL PARAMO"
"24";"210";"TORAL DE LOS VADOS";"BIERZO"
"24";"211";"VILLADEMOR DE LA VEGA";"ESLA-CAMPOS"
"24";"213";"VILLAFRANCA DEL BIERZO";"BIERZO"
"24";"214";"VILLAGATON";"ASTORGA"
"24";"215";"VILLAMANDOS";"ESLA-CAMPOS"
"24";"216";"VILLAMAÑAN";"ESLA-CAMPOS"
"24";"217";"VILLAMARTIN DE DON SANCHO";"TIERRAS DE LEON"
"24";"218";"VILLAMEJIL";"ASTORGA"
"24";"219";"VILLAMOL";"SAHAGUN"
"24";"220";"VILLAMONTAN DE LA VALDUERNA";"LA BAÑEZA"
"24";"221";"VILLAMORATIEL DE LAS MATAS";"ESLA-CAMPOS"
"24";"222";"VILLANUEVA DE LAS MANZANAS";"ESLA-CAMPOS"
"24";"223";"VILLAOBISPO DE OTERO";"ASTORGA"
"24";"224";"VILLAORNATE Y CASTRO";"ESLA-CAMPOS"
"24";"225";"VILLAQUEJIDA";"ESLA-CAMPOS"
"24";"226";"VILLAQUILAMBRE";"TIERRAS DE LEON"
"24";"227";"VILLAREJO DE ORBIGO";"ASTORGA"
"24";"228";"VILLARES DE ORBIGO";"ASTORGA"
"24";"229";"VILLASABARIEGO";"ESLA-CAMPOS"
"24";"230";"VILLASELAN";"SAHAGUN"
"24";"231";"VILLATURIEL";"ESLA-CAMPOS"
"24";"233";"VILLAZALA";"EL PARAMO"
"24";"234";"VILLAZANZO DE VALDERADUEY";"SAHAGUN"
"24";"235";"ZOTES DEL PARAMO";"EL PARAMO"
"24";"900";"LEON";"TIERRAS DE LEON"
"25";"001";"ABELLA DE LA CONCA";"CONCA"
"25";"002";"AGER";"NOGUERA"
"25";"003";"AGRAMUNT";"URGEL"
"25";"004";"ALAMUS (ELS)";"URGEL"
"25";"005";"ALAS I CERC";"ALTO URGEL"
"25";"006";"ALBAGES (L')";"GARRIGAS"
"25";"007";"ALBATARREC";"SEGRIA"
"25";"008";"ALBESA";"NOGUERA"
"25";"009";"ALBI (L')";"GARRIGAS"
"25";"010";"ALCANO";"GARRIGAS"
"25";"011";"ALCARRAS";"SEGRIA"
"25";"012";"ALCOLETGE";"SEGRIA"
"25";"013";"ALFARRAS";"SEGRIA"
"25";"014";"ALFES";"GARRIGAS"
"25";"015";"ALGERRI";"NOGUERA"
"25";"016";"ALGUAIRE";"SEGRIA"
"25";"017";"ALINS";"PALLARS-RIBAGORZA"
"25";"019";"ALMACELLES";"SEGRIA"
"25";"020";"ALMATRET";"GARRIGAS"
"25";"021";"ALMENAR";"SEGRIA"
"25";"022";"ALOS DE BALAGUER";"NOGUERA"
"25";"023";"ALPICAT";"SEGRIA"
"25";"025";"ANGLESOLA";"URGEL"
"25";"026";"VALLS DE VALIRA (LES)";"ALTO URGEL"
"25";"028";"MONTFERRER I CASTELLBO";"ALTO URGEL"
"25";"031";"PLANS DE SIO (ELS)";"SEGARRA"
"25";"032";"ARBECA";"GARRIGAS"
"25";"036";"ARRES";"VALLE DE ARAN"
"25";"039";"ARSEGUEL";"ALTO URGEL"
"25";"040";"ARTESA DE LLEIDA";"SEGRIA"
"25";"041";"ARTESA DE SEGRE";"NOGUERA"
"25";"043";"SENTIU DE SIO (LA)";"NOGUERA"
"25";"044";"ASPA";"GARRIGAS"
"25";"045";"AVELLANES I SANTA LINYA (LES)";"NOGUERA"
"25";"046";"AITONA";"SEGRIA"
"25";"049";"BALAGUER";"NOGUERA"
"25";"050";"BARBENS";"URGEL"
"25";"051";"BARONIA DE RIALB (LA)";"NOGUERA"
"25";"052";"VALL DE BOI (LA)";"PALLARS-RIBAGORZA"
"25";"053";"BASSELLA";"SOLSONES"
"25";"054";"BAUSEN";"VALLE DE ARAN"
"25";"055";"BELIANES";"SEGARRA"
"25";"056";"BELLCAIRE D'URGELL";"URGEL"
"25";"057";"BELL-LLOC D'URGELL";"URGEL"
"25";"058";"BELLMUNT D'URGELL";"URGEL"
"25";"059";"BELLPUIG";"URGEL"
"25";"060";"BELLVER DE CERDANYA";"ALTO URGEL"
"25";"061";"BELLVIS";"URGEL"
"25";"063";"BENAVENT DE SEGRIA";"SEGRIA"
"25";"067";"BIOSCA";"SEGARRA"
"25";"068";"BOVERA";"GARRIGAS"
"25";"069";"BORDES (ES)";"VALLE DE ARAN"
"25";"070";"BORGES BLANQUES (LES)";"GARRIGAS"
"25";"071";"BOSSOST";"VALLE DE ARAN"
"25";"072";"CABANABONA";"NOGUERA"
"25";"073";"CABO";"ALTO URGEL"
"25";"074";"CAMARASA";"NOGUERA"
"25";"075";"CANEJAN";"VALLE DE ARAN"
"25";"076";"CASTELLAR DE LA RIBERA";"SOLSONES"
"25";"079";"CASTELLDANS";"GARRIGAS"
"25";"080";"CASTELLNOU DE SEANA";"URGEL"
"25";"081";"CASTELLO DE FARFANYA";"NOGUERA"
"25";"082";"CASTELLSERA";"URGEL"
"25";"083";"CAVA";"ALTO URGEL"
"25";"084";"CERVERA";"SEGARRA"
"25";"085";"CERVIA DE LES GARRIGUES";"GARRIGAS"
"25";"086";"CIUTADILLA";"SEGARRA"
"25";"089";"CLARIANA DE CARDENER";"SOLSONES"
"25";"090";"CONCA DE DALT";"CONCA"
"25";"091";"COGUL (EL)";"GARRIGAS"
"25";"092";"COLL DE NARGO";"ALTO URGEL"
"25";"094";"CORBINS";"SEGRIA"
"25";"095";"CUBELLS";"NOGUERA"
"25";"102";"ESPLUGA CALBA (L')";"GARRIGAS"
"25";"104";"ESPOT";"PALLARS-RIBAGORZA"
"25";"107";"ESTARAS";"SEGARRA"
"25";"108";"ESTERRI D'ANEU";"PALLARS-RIBAGORZA"
"25";"109";"ESTERRI DE CARDOS";"PALLARS-RIBAGORZA"
"25";"110";"ESTAMARIU";"ALTO URGEL"
"25";"111";"FARRERA";"PALLARS-RIBAGORZA"
"25";"112";"FIGOLS I ALINYA";"ALTO URGEL"
"25";"117";"FLORESTA (LA)";"GARRIGAS"
"25";"118";"FONDARELLA";"URGEL"
"25";"120";"FORADADA";"NOGUERA"
"25";"122";"FULIOLA (LA)";"URGEL"
"25";"123";"FULLEDA";"GARRIGAS"
"25";"126";"BAIX PALLARS";"PALLARS-RIBAGORZA"
"25";"128";"GOLMES";"URGEL"
"25";"129";"GOSOL";"ALTO URGEL"
"25";"130";"GRANADELLA (LA)";"GARRIGAS"
"25";"131";"GRANJA D'ESCARP (LA)";"SEGRIA"
"25";"132";"GRANYANELLA";"SEGARRA"
"25";"133";"GRANYENA DE SEGARRA";"SEGARRA"
"25";"134";"GRANYENA DE LES GARRIGUES";"GARRIGAS"
"25";"136";"CASTELL DE MUR";"CONCA"
"25";"138";"GUIMERA";"SEGARRA"
"25";"139";"GUISSONA";"SEGARRA"
"25";"140";"GUIXERS";"SOLSONES"
"25";"142";"IVARS DE NOGUERA";"NOGUERA"
"25";"143";"IVARS D'URGELL";"URGEL"
"25";"144";"IVORRA";"SEGARRA"
"25";"146";"ISONA I CONCA DELLA";"CONCA"
"25";"147";"JOSA I TUIXEN";"ALTO URGEL"
"25";"148";"GUINGUETA D'ANEU (LA)";"PALLARS-RIBAGORZA"
"25";"149";"JUNCOSA";"GARRIGAS"
"25";"150";"JUNEDA";"URGEL"
"25";"152";"LES";"VALLE DE ARAN"
"25";"153";"LINYOLA";"URGEL"
"25";"154";"LLADORRE";"PALLARS-RIBAGORZA"
"25";"155";"LLADURS";"SOLSONES"
"25";"157";"LLARDECANS";"GARRIGAS"
"25";"158";"LLAVORSI";"PALLARS-RIBAGORZA"
"25";"159";"LLES DE CERDANYA";"ALTO URGEL"
"25";"162";"LLIMIANA";"CONCA"
"25";"163";"LLOBERA";"SOLSONES"
"25";"164";"MALDA";"SEGARRA"
"25";"166";"MASSALCOREIG";"SEGRIA"
"25";"167";"MASSOTERES";"SEGARRA"
"25";"168";"MAIALS";"GARRIGAS"
"25";"169";"MENARGUENS";"NOGUERA"
"25";"170";"MIRALCAMP";"URGEL"
"25";"171";"MOLSOSA (LA)";"SEGARRA"
"25";"172";"MOLLERUSSA";"URGEL"
"25";"174";"MONTGAI";"NOGUERA"
"25";"177";"MONTELLA I MARTINET";"ALTO URGEL"
"25";"178";"MONTOLIU DE SEGARRA";"SEGARRA"
"25";"179";"MONTOLIU DE LLEIDA";"SEGRIA"
"25";"180";"MONTORNES DE SEGARRA";"SEGARRA"
"25";"183";"NALEC";"SEGARRA"
"25";"184";"NAVES";"SOLSONES"
"25";"185";"VALLS D'AGUILAR (LES)";"ALTO URGEL"
"25";"186";"ODEN";"SOLSONES"
"25";"187";"OLIANA";"SOLSONES"
"25";"188";"OLIOLA";"NOGUERA"
"25";"189";"OLIUS";"SOLSONES"
"25";"190";"OLUGES (LES)";"SEGARRA"
"25";"191";"OMELLONS (ELS)";"GARRIGAS"
"25";"192";"OMELLS DE NA GAIA (ELS)";"SEGARRA"
"25";"194";"ORGANYA";"ALTO URGEL"
"25";"196";"OS DE BALAGUER";"NOGUERA"
"25";"197";"OSSO DE SIO";"SEGARRA"
"25";"198";"PALAU D'ANGLESOLA (EL)";"URGEL"
"25";"203";"COMA I LA PEDRA (LA)";"SOLSONES"
"25";"204";"PENELLES";"URGEL"
"25";"206";"PERAMOLA";"SOLSONES"
"25";"207";"PINELL DE SOLSONES";"SOLSONES"
"25";"208";"PINOS";"SOLSONES"
"25";"209";"RIBERA D'URGELLET";"ALTO URGEL"
"25";"210";"POAL (EL)";"URGEL"
"25";"211";"POBLA DE CERVOLES (LA)";"GARRIGAS"
"25";"212";"BELLAGUARDA";"GARRIGAS"
"25";"213";"POBLA DE SEGUR (LA)";"CONCA"
"25";"215";"PONTS";"NOGUERA"
"25";"216";"PONT DE SUERT (EL)";"PALLARS-RIBAGORZA"
"25";"217";"PORTELLA (LA)";"SEGRIA"
"25";"218";"PRATS I SANSOR";"ALTO URGEL"
"25";"219";"PREIXANA";"URGEL"
"25";"220";"PREIXENS";"URGEL"
"25";"222";"PRULLANS";"ALTO URGEL"
"25";"223";"PUIGGROS";"GARRIGAS"
"25";"224";"PUIGVERD D'AGRAMUNT";"URGEL"
"25";"225";"PUIGVERD DE LLEIDA";"SEGRIA"
"25";"226";"RIALP";"PALLARS-RIBAGORZA"
"25";"227";"VALL DE CARDOS";"PALLARS-RIBAGORZA"
"25";"228";"RINER";"SOLSONES"
"25";"229";"RIU DE CERDANYA";"ALTO URGEL"
"25";"232";"ROSSELLO";"SEGRIA"
"25";"233";"NAUT ARAN";"VALLE DE ARAN"
"25";"234";"SALAS DE PALLARS";"CONCA"
"25";"235";"SANAÜJA";"SEGARRA"
"25";"236";"SANT GUIM DE FREIXENET";"SEGARRA"
"25";"237";"SANT LLORENÇ DE MORUNYS";"SOLSONES"
"25";"238";"SANT RAMON";"SEGARRA"
"25";"240";"RIBERA D'ONDARA";"SEGARRA"
"25";"241";"GAVET DE LA CONCA";"CONCA"
"25";"242";"SANT ESTEVE DE LA SARGA";"CONCA"
"25";"243";"SANT GUIM DE LA PLANA";"SEGARRA"
"25";"244";"SANT MARTI DE RIUCORB";"SEGARRA"
"25";"249";"SARROCA DE LLEIDA";"GARRIGAS"
"25";"250";"SARROCA DE BELLERA";"PALLARS-RIBAGORZA"
"25";"251";"SENTERADA";"PALLARS-RIBAGORZA"
"25";"252";"SEU D'URGELL (LA)";"ALTO URGEL"
"25";"254";"SEROS";"SEGRIA"
"25";"255";"SIDAMON";"URGEL"
"25";"256";"SOLERAS (EL)";"GARRIGAS"
"25";"257";"SOLSONA";"SOLSONES"
"25";"259";"SORIGUERA";"PALLARS-RIBAGORZA"
"25";"261";"SORT";"PALLARS-RIBAGORZA"
"25";"262";"SOSES";"SEGRIA"
"25";"263";"SUDANELL";"SEGRIA"
"25";"264";"SUNYER";"GARRIGAS"
"25";"268";"TALARN";"CONCA"
"25";"269";"TALAVERA";"SEGARRA"
"25";"272";"TARREGA";"URGEL"
"25";"273";"TARRES";"GARRIGAS"
"25";"274";"TARROJA DE SEGARRA";"SEGARRA"
"25";"275";"TERMENS";"NOGUERA"
"25";"276";"TIRVIA";"PALLARS-RIBAGORZA"
"25";"277";"TIURANA";"NOGUERA"
"25";"278";"PONT DE BAR (EL)";"ALTO URGEL"
"25";"279";"TORA";"SEGARRA"
"25";"281";"TORMS (ELS)";"GARRIGAS"
"25";"282";"TORNABOUS";"URGEL"
"25";"283";"TORREBESSES";"GARRIGAS"
"25";"284";"TORRE DE CABDELLA (LA)";"PALLARS-RIBAGORZA"
"25";"285";"TORREFARRERA";"SEGRIA"
"25";"286";"TORREFETA I FLOREJACS";"SEGARRA"
"25";"287";"TORREGROSSA";"URGEL"
"25";"288";"TORRELAMEU";"NOGUERA"
"25";"289";"TORRES DE SEGRE";"SEGRIA"
"25";"290";"TORRE-SERONA";"SEGRIA"
"25";"295";"TREMP";"CONCA"
"25";"299";"ALT ANEU";"PALLARS-RIBAGORZA"
"25";"300";"VALLBONA DE LES MONGES";"SEGARRA"
"25";"301";"VALLFOGONA DE BALAGUER";"NOGUERA"
"25";"302";"LA VANSA I FORNOLS";"ALTO URGEL"
"25";"303";"VERDU";"SEGARRA"
"25";"304";"VIELHA E MIJARAN";"VALLE DE ARAN"
"25";"306";"VILAGRASSA";"URGEL"
"25";"307";"VILALLER";"PALLARS-RIBAGORZA"
"25";"309";"VILAMOS";"VALLE DE ARAN"
"25";"310";"VILANOVA DE BELLPUIG";"URGEL"
"25";"311";"VILANOVA DE L'AGUDA";"NOGUERA"
"25";"312";"VILANOVA DE MEIA";"NOGUERA"
"25";"313";"VILANOVA DE SEGRIA";"SEGRIA"
"25";"314";"VILA-SANA";"URGEL"
"25";"316";"VILOSELL (EL)";"GARRIGAS"
"25";"317";"VILANOVA DE LA BARCA";"SEGRIA"
"25";"319";"VINAIXA";"GARRIGAS"
"25";"321";"GIMENELLS I EL PLA DE LA FONT";"SEGRIA"
"25";"900";"LLEIDA";"SEGRIA"
"26";"001";"ABALOS";"RIOJA ALTA"
"26";"002";"AGONCILLO";"RIOJA MEDIA"
"26";"003";"AGUILAR DEL RIO ALHAMA";"RIOJA BAJA"
"26";"004";"AJAMIL DE CAMEROS";"SIERRA RIOJA MEDIA"
"26";"005";"ALBELDA DE IREGUA";"RIOJA MEDIA"
"26";"006";"ALBERITE";"RIOJA MEDIA"
"26";"007";"ALCANADRE";"RIOJA MEDIA"
"26";"008";"ALDEANUEVA DE EBRO";"RIOJA BAJA"
"26";"009";"ALESANCO";"RIOJA ALTA"
"26";"010";"ALESON";"RIOJA ALTA"
"26";"011";"ALFARO";"RIOJA BAJA"
"26";"012";"ALMARZA DE CAMEROS";"SIERRA RIOJA MEDIA"
"26";"013";"ANGUCIANA";"RIOJA ALTA"
"26";"014";"ANGUIANO";"SIERRA RIOJA ALTA"
"26";"015";"ARENZANA DE ABAJO";"RIOJA ALTA"
"26";"016";"ARENZANA DE ARRIBA";"RIOJA ALTA"
"26";"017";"ARNEDILLO";"SIERRA RIOJA BAJA"
"26";"018";"ARNEDO";"RIOJA BAJA"
"26";"019";"ARRUBAL";"RIOJA MEDIA"
"26";"020";"AUSEJO";"RIOJA MEDIA"
"26";"021";"AUTOL";"RIOJA BAJA"
"26";"022";"AZOFRA";"RIOJA ALTA"
"26";"023";"BADARAN";"RIOJA ALTA"
"26";"024";"BAÑARES";"RIOJA ALTA"
"26";"025";"BAÑOS DE RIOJA";"RIOJA ALTA"
"26";"026";"BAÑOS DE RIO TOBIA";"RIOJA ALTA"
"26";"027";"BERCEO";"RIOJA ALTA"
"26";"028";"BERGASA";"RIOJA BAJA"
"26";"029";"BERGASILLAS BAJERA";"RIOJA BAJA"
"26";"030";"BEZARES";"RIOJA ALTA"
"26";"031";"BOBADILLA";"RIOJA ALTA"
"26";"032";"BRIEVA DE CAMEROS";"SIERRA RIOJA ALTA"
"26";"033";"BRIÑAS";"RIOJA ALTA"
"26";"034";"BRIONES";"RIOJA ALTA"
"26";"035";"CABEZON DE CAMEROS";"SIERRA RIOJA MEDIA"
"26";"036";"CALAHORRA";"RIOJA BAJA"
"26";"037";"CAMPROVIN";"RIOJA ALTA"
"26";"038";"CANALES DE LA SIERRA";"SIERRA RIOJA ALTA"
"26";"039";"CANILLAS DE RIO TUERTO";"RIOJA ALTA"
"26";"040";"CAÑAS";"RIOJA ALTA"
"26";"041";"CARDENAS";"RIOJA ALTA"
"26";"042";"CASALARREINA";"RIOJA ALTA"
"26";"043";"CASTAÑARES DE RIOJA";"RIOJA ALTA"
"26";"044";"CASTROVIEJO";"SIERRA RIOJA ALTA"
"26";"045";"CELLORIGO";"RIOJA ALTA"
"26";"046";"CENICERO";"RIOJA ALTA"
"26";"047";"CERVERA DEL RIO ALHAMA";"RIOJA BAJA"
"26";"048";"CIDAMON";"RIOJA ALTA"
"26";"049";"CIHURI";"RIOJA ALTA"
"26";"050";"CIRUEÑA";"RIOJA ALTA"
"26";"051";"CLAVIJO";"RIOJA MEDIA"
"26";"052";"CORDOVIN";"RIOJA ALTA"
"26";"053";"CORERA";"RIOJA MEDIA"
"26";"054";"CORNAGO";"SIERRA RIOJA BAJA"
"26";"055";"CORPORALES";"RIOJA ALTA"
"26";"056";"CUZCURRITA DE RIO TIRON";"RIOJA ALTA"
"26";"057";"DAROCA DE RIOJA";"RIOJA MEDIA"
"26";"058";"ENCISO";"SIERRA RIOJA BAJA"
"26";"059";"ENTRENA";"RIOJA MEDIA"
"26";"060";"ESTOLLO";"RIOJA ALTA"
"26";"061";"EZCARAY";"SIERRA RIOJA ALTA"
"26";"062";"FONCEA";"RIOJA ALTA"
"26";"063";"FONZALECHE";"RIOJA ALTA"
"26";"064";"FUENMAYOR";"RIOJA MEDIA"
"26";"065";"GALBARRULI";"RIOJA ALTA"
"26";"066";"GALILEA";"RIOJA MEDIA"
"26";"067";"GALLINERO DE CAMEROS";"SIERRA RIOJA MEDIA"
"26";"068";"GIMILEO";"RIOJA ALTA"
"26";"069";"GRAÑON";"RIOJA ALTA"
"26";"070";"GRAVALOS";"RIOJA BAJA"
"26";"071";"HARO";"RIOJA ALTA"
"26";"072";"HERCE";"RIOJA BAJA"
"26";"073";"HERRAMELLURI";"RIOJA ALTA"
"26";"074";"HERVIAS";"RIOJA ALTA"
"26";"075";"HORMILLA";"RIOJA ALTA"
"26";"076";"HORMILLEJA";"RIOJA ALTA"
"26";"077";"HORNILLOS DE CAMEROS";"SIERRA RIOJA MEDIA"
"26";"078";"HORNOS DE MONCALVILLO";"RIOJA MEDIA"
"26";"079";"HUERCANOS";"RIOJA ALTA"
"26";"080";"IGEA";"RIOJA BAJA"
"26";"081";"JALON DE CAMEROS";"SIERRA RIOJA MEDIA"
"26";"082";"LAGUNA DE CAMEROS";"SIERRA RIOJA MEDIA"
"26";"083";"LAGUNILLA DEL JUBERA";"RIOJA MEDIA"
"26";"084";"LARDERO";"RIOJA MEDIA"
"26";"086";"LEDESMA DE LA COGOLLA";"RIOJA ALTA"
"26";"087";"LEIVA";"RIOJA ALTA"
"26";"088";"LEZA DE RIO LEZA";"RIOJA MEDIA"
"26";"091";"LUMBRERAS";"SIERRA RIOJA MEDIA"
"26";"092";"MANJARRES";"RIOJA ALTA"
"26";"093";"MANSILLA DE LA SIERRA";"SIERRA RIOJA ALTA"
"26";"094";"MANZANARES DE RIOJA";"RIOJA ALTA"
"26";"095";"MATUTE";"SIERRA RIOJA ALTA"
"26";"096";"MEDRANO";"RIOJA MEDIA"
"26";"097";"OCON";"RIOJA MEDIA"
"26";"099";"MUNILLA";"SIERRA RIOJA BAJA"
"26";"100";"MURILLO DE RIO LEZA";"RIOJA MEDIA"
"26";"101";"MURO DE AGUAS";"SIERRA RIOJA BAJA"
"26";"102";"MURO EN CAMEROS";"SIERRA RIOJA MEDIA"
"26";"103";"NAJERA";"RIOJA ALTA"
"26";"104";"NALDA";"RIOJA MEDIA"
"26";"105";"NAVAJUN";"SIERRA RIOJA BAJA"
"26";"106";"NAVARRETE";"RIOJA MEDIA"
"26";"107";"NESTARES";"SIERRA RIOJA MEDIA"
"26";"108";"NIEVA DE CAMEROS";"SIERRA RIOJA MEDIA"
"26";"109";"OCHANDURI";"RIOJA ALTA"
"26";"110";"OJACASTRO";"SIERRA RIOJA ALTA"
"26";"111";"OLLAURI";"RIOJA ALTA"
"26";"112";"ORTIGOSA DE CAMEROS";"SIERRA RIOJA MEDIA"
"26";"113";"PAZUENGOS";"SIERRA RIOJA ALTA"
"26";"114";"PEDROSO";"SIERRA RIOJA ALTA"
"26";"115";"PINILLOS";"SIERRA RIOJA MEDIA"
"26";"117";"PRADEJON";"RIOJA BAJA"
"26";"118";"PRADILLO";"SIERRA RIOJA MEDIA"
"26";"119";"PREJANO";"SIERRA RIOJA BAJA"
"26";"120";"QUEL";"RIOJA BAJA"
"26";"121";"RABANERA";"SIERRA RIOJA MEDIA"
"26";"122";"RASILLO DE CAMEROS (EL)";"SIERRA RIOJA MEDIA"
"26";"123";"REDAL (EL)";"RIOJA MEDIA"
"26";"124";"RIBAFRECHA";"RIOJA MEDIA"
"26";"125";"RINCON DE SOTO";"RIOJA BAJA"
"26";"126";"ROBRES DEL CASTILLO";"SIERRA RIOJA BAJA"
"26";"127";"RODEZNO";"RIOJA ALTA"
"26";"128";"SAJAZARRA";"RIOJA ALTA"
"26";"129";"SAN ASENSIO";"RIOJA ALTA"
"26";"130";"SAN MILLAN DE LA COGOLLA";"RIOJA ALTA"
"26";"131";"SAN MILLAN DE YECORA";"RIOJA ALTA"
"26";"132";"SAN ROMAN DE CAMEROS";"SIERRA RIOJA MEDIA"
"26";"134";"SANTA COLOMA";"RIOJA ALTA"
"26";"135";"SANTA ENGRACIA DEL JUBERA";"RIOJA MEDIA"
"26";"136";"SANTA EULALIA BAJERA";"RIOJA BAJA"
"26";"138";"SANTO DOMINGO DE LA CALZADA";"RIOJA ALTA"
"26";"139";"SAN TORCUATO";"RIOJA ALTA"
"26";"140";"SANTURDE DE RIOJA";"RIOJA ALTA"
"26";"141";"SANTURDEJO";"RIOJA ALTA"
"26";"142";"SAN VICENTE DE LA SONSIERRA";"RIOJA ALTA"
"26";"143";"SOJUELA";"RIOJA MEDIA"
"26";"144";"SORZANO";"RIOJA MEDIA"
"26";"145";"SOTES";"RIOJA MEDIA"
"26";"146";"SOTO EN CAMEROS";"SIERRA RIOJA MEDIA"
"26";"147";"TERROBA";"SIERRA RIOJA MEDIA"
"26";"148";"TIRGO";"RIOJA ALTA"
"26";"149";"TOBIA";"SIERRA RIOJA ALTA"
"26";"150";"TORMANTOS";"RIOJA ALTA"
"26";"151";"TORRECILLA EN CAMEROS";"SIERRA RIOJA MEDIA"
"26";"152";"TORRECILLA SOBRE ALESANCO";"RIOJA ALTA"
"26";"153";"TORRE EN CAMEROS";"SIERRA RIOJA MEDIA"
"26";"154";"TORREMONTALBO";"RIOJA ALTA"
"26";"155";"TREVIANA";"RIOJA ALTA"
"26";"157";"TRICIO";"RIOJA ALTA"
"26";"158";"TUDELILLA";"RIOJA BAJA"
"26";"160";"URUÑUELA";"RIOJA ALTA"
"26";"161";"VALDEMADERA";"SIERRA RIOJA BAJA"
"26";"162";"VALGAÑON";"SIERRA RIOJA ALTA"
"26";"163";"VENTOSA";"RIOJA ALTA"
"26";"164";"VENTROSA";"SIERRA RIOJA ALTA"
"26";"165";"VIGUERA";"SIERRA RIOJA MEDIA"
"26";"167";"VILLALBA DE RIOJA";"RIOJA ALTA"
"26";"168";"VILLALOBAR DE RIOJA";"RIOJA ALTA"
"26";"169";"VILLAMEDIANA DE IREGUA";"RIOJA MEDIA"
"26";"170";"VILLANUEVA DE CAMEROS";"SIERRA RIOJA MEDIA"
"26";"171";"VILLAR DE ARNEDO (EL)";"RIOJA BAJA"
"26";"172";"VILLAR DE TORRE";"RIOJA ALTA"
"26";"173";"VILLAREJO";"RIOJA ALTA"
"26";"174";"VILLARROYA";"RIOJA BAJA"
"26";"175";"VILLARTA-QUINTANA";"RIOJA ALTA"
"26";"176";"VILLAVELAYO";"SIERRA RIOJA ALTA"
"26";"177";"VILLAVERDE DE RIOJA";"RIOJA ALTA"
"26";"178";"VILLOSLADA DE CAMEROS";"SIERRA RIOJA MEDIA"
"26";"179";"VINIEGRA DE ABAJO";"SIERRA RIOJA ALTA"
"26";"180";"VINIEGRA DE ARRIBA";"SIERRA RIOJA ALTA"
"26";"181";"ZARRATON";"RIOJA ALTA"
"26";"182";"ZARZOSA";"SIERRA RIOJA BAJA"
"26";"184";"ZORRAQUIN";"SIERRA RIOJA ALTA"
"26";"900";"LOGROÑO";"RIOJA MEDIA"
"27";"001";"ABADIN";"TERRA CHA"
"27";"002";"ALFOZ";"COSTA"
"27";"003";"ANTAS DE ULLA";"CENTRAL"
"27";"004";"BALEIRA";"MONTAÑA"
"27";"005";"BARREIROS";"COSTA"
"27";"006";"BECERREA";"MONTAÑA"
"27";"007";"BEGONTE";"TERRA CHA"
"27";"008";"BOVEDA";"SUR"
"27";"009";"CARBALLEDO";"SUR"
"27";"010";"CASTRO DE REI";"TERRA CHA"
"27";"011";"CASTROVERDE";"CENTRAL"
"27";"012";"CERVANTES";"MONTAÑA"
"27";"013";"CERVO";"COSTA"
"27";"014";"CORGO (O)";"CENTRAL"
"27";"015";"COSPEITO";"TERRA CHA"
"27";"016";"CHANTADA";"SUR"
"27";"017";"FOLGOSO DO COUREL";"SUR"
"27";"018";"FONSAGRADA (A)";"MONTAÑA"
"27";"019";"FOZ";"COSTA"
"27";"020";"FRIOL";"CENTRAL"
"27";"021";"XERMADE";"TERRA CHA"
"27";"022";"GUITIRIZ";"TERRA CHA"
"27";"023";"GUNTIN";"CENTRAL"
"27";"024";"INCIO (O)";"CENTRAL"
"27";"025";"XOVE";"COSTA"
"27";"026";"LANCARA";"CENTRAL"
"27";"027";"LOURENZA";"COSTA"
"27";"029";"MEIRA";"TERRA CHA"
"27";"030";"MONDOÑEDO";"COSTA"
"27";"031";"MONFORTE DE LEMOS";"SUR"
"27";"032";"MONTERROSO";"CENTRAL"
"27";"033";"MURAS";"TERRA CHA"
"27";"034";"NAVIA DE SUARNA";"MONTAÑA"
"27";"035";"NEGUEIRA DE MUÑIZ";"MONTAÑA"
"27";"036";"BARALLA";"MONTAÑA"
"27";"037";"NOGAIS (AS)";"MONTAÑA"
"27";"038";"OUROL";"COSTA"
"27";"039";"OUTEIRO DE REI";"CENTRAL"
"27";"040";"PALAS DE REI";"CENTRAL"
"27";"041";"PANTON";"SUR"
"27";"042";"PARADELA";"CENTRAL"
"27";"043";"PARAMO (O)";"CENTRAL"
"27";"044";"PASTORIZA (A)";"TERRA CHA"
"27";"045";"PEDRAFITA DO CEBREIRO";"MONTAÑA"
"27";"046";"POL";"TERRA CHA"
"27";"047";"POBRA DE BROLLON (A)";"SUR"
"27";"048";"PONTENOVA (A)";"COSTA"
"27";"049";"PORTOMARIN";"CENTRAL"
"27";"050";"QUIROGA";"SUR"
"27";"051";"RIBADEO";"COSTA"
"27";"052";"RIBAS DE SIL";"SUR"
"27";"053";"RIBEIRA DE PIQUIN";"TERRA CHA"
"27";"054";"RIOTORTO";"COSTA"
"27";"055";"SAMOS";"CENTRAL"
"27";"056";"RABADE";"CENTRAL"
"27";"057";"SARRIA";"CENTRAL"
"27";"058";"SAVIÑAO (O)";"SUR"
"27";"059";"SOBER";"SUR"
"27";"060";"TABOADA";"SUR"
"27";"061";"TRABADA";"COSTA"
"27";"062";"TRIACASTELA";"MONTAÑA"
"27";"063";"VALADOURO (O)";"COSTA"
"27";"064";"VICEDO (O)";"COSTA"
"27";"065";"VILALBA";"TERRA CHA"
"27";"067";"VIVEIRO";"COSTA"
"27";"068";"BURELA";"COSTA"
"27";"900";"LUGO";"CENTRAL"
"28";"001";"ACEBEDA (LA)";"LOZOYA SOMOSIERRA"
"28";"002";"AJALVIR";"CAMPIÑA"
"28";"003";"ALAMEDA DEL VALLE";"LOZOYA SOMOSIERRA"
"28";"004";"ALAMO (EL)";"SUR OCCIDENTAL"
"28";"005";"ALCALA DE HENARES";"CAMPIÑA"
"28";"006";"ALCOBENDAS";"AREA METROPOLITANA DE MADRID"
"28";"007";"ALCORCON";"AREA METROPOLITANA DE MADRID"
"28";"008";"ALDEA DEL FRESNO";"SUR OCCIDENTAL"
"28";"009";"ALGETE";"CAMPIÑA"
"28";"010";"ALPEDRETE";"GUADARRAMA"
"28";"011";"AMBITE";"VEGAS"
"28";"012";"ANCHUELO";"CAMPIÑA"
"28";"013";"ARANJUEZ";"VEGAS"
"28";"014";"ARGANDA DEL REY";"CAMPIÑA"
"28";"015";"ARROYOMOLINOS";"SUR OCCIDENTAL"
"28";"016";"ATAZAR (EL)";"LOZOYA SOMOSIERRA"
"28";"017";"BATRES";"SUR OCCIDENTAL"
"28";"018";"BECERRIL DE LA SIERRA";"GUADARRAMA"
"28";"019";"BELMONTE DE TAJO";"VEGAS"
"28";"020";"BERRUECO (EL)";"LOZOYA SOMOSIERRA"
"28";"021";"BERZOSA DEL LOZOYA";"LOZOYA SOMOSIERRA"
"28";"022";"BOADILLA DEL MONTE";"AREA METROPOLITANA DE MADRID"
"28";"023";"BOALO (EL)";"GUADARRAMA"
"28";"024";"BRAOJOS";"LOZOYA SOMOSIERRA"
"28";"025";"BREA DE TAJO";"VEGAS"
"28";"026";"BRUNETE";"AREA METROPOLITANA DE MADRID"
"28";"027";"BUITRAGO DEL LOZOYA";"LOZOYA SOMOSIERRA"
"28";"028";"BUSTARVIEJO";"LOZOYA SOMOSIERRA"
"28";"029";"CABANILLAS DE LA SIERRA";"LOZOYA SOMOSIERRA"
"28";"030";"CABRERA (LA)";"LOZOYA SOMOSIERRA"
"28";"031";"CADALSO DE LOS VIDRIOS";"SUR OCCIDENTAL"
"28";"032";"CAMARMA DE ESTERUELAS";"CAMPIÑA"
"28";"033";"CAMPO REAL";"CAMPIÑA"
"28";"034";"CANENCIA";"LOZOYA SOMOSIERRA"
"28";"035";"CARABAÑA";"VEGAS"
"28";"036";"CASARRUBUELOS";"SUR OCCIDENTAL"
"28";"037";"CENICIENTOS";"SUR OCCIDENTAL"
"28";"038";"CERCEDILLA";"GUADARRAMA"
"28";"039";"CERVERA DE BUITRAGO";"LOZOYA SOMOSIERRA"
"28";"040";"CIEMPOZUELOS";"VEGAS"
"28";"041";"COBEÑA";"CAMPIÑA"
"28";"042";"COLMENAR DEL ARROYO";"SUR OCCIDENTAL"
"28";"043";"COLMENAR DE OREJA";"VEGAS"
"28";"044";"COLMENAREJO";"SUR OCCIDENTAL"
"28";"045";"COLMENAR VIEJO";"AREA METROPOLITANA DE MADRID"
"28";"046";"COLLADO MEDIANO";"GUADARRAMA"
"28";"047";"COLLADO VILLALBA";"GUADARRAMA"
"28";"048";"CORPA";"CAMPIÑA"
"28";"049";"COSLADA";"AREA METROPOLITANA DE MADRID"
"28";"050";"CUBAS DE LA SAGRA";"SUR OCCIDENTAL"
"28";"051";"CHAPINERIA";"SUR OCCIDENTAL"
"28";"052";"CHINCHON";"VEGAS"
"28";"053";"DAGANZO DE ARRIBA";"CAMPIÑA"
"28";"054";"ESCORIAL (EL)";"GUADARRAMA"
"28";"055";"ESTREMERA";"VEGAS"
"28";"056";"FRESNEDILLAS DE LA OLIVA";"GUADARRAMA"
"28";"057";"FRESNO DE TOROTE";"CAMPIÑA"
"28";"058";"FUENLABRADA";"SUR OCCIDENTAL"
"28";"059";"FUENTE EL SAZ DE JARAMA";"CAMPIÑA"
"28";"060";"FUENTIDUEÑA DE TAJO";"VEGAS"
"28";"061";"GALAPAGAR";"GUADARRAMA"
"28";"062";"GARGANTA DE LOS MONTES";"LOZOYA SOMOSIERRA"
"28";"063";"GARGANTILLA DEL LOZOYA";"LOZOYA SOMOSIERRA"
"28";"064";"GASCONES";"LOZOYA SOMOSIERRA"
"28";"065";"GETAFE";"AREA METROPOLITANA DE MADRID"
"28";"066";"GRIÑON";"SUR OCCIDENTAL"
"28";"067";"GUADALIX DE LA SIERRA";"LOZOYA SOMOSIERRA"
"28";"068";"GUADARRAMA";"GUADARRAMA"
"28";"069";"HIRUELA (LA)";"LOZOYA SOMOSIERRA"
"28";"070";"HORCAJO DE LA SIERRA-AOSLOS";"LOZOYA SOMOSIERRA"
"28";"071";"HORCAJUELO DE LA SIERRA";"LOZOYA SOMOSIERRA"
"28";"072";"HOYO DE MANZANARES";"GUADARRAMA"
"28";"073";"HUMANES DE MADRID";"SUR OCCIDENTAL"
"28";"074";"LEGANES";"AREA METROPOLITANA DE MADRID"
"28";"075";"LOECHES";"CAMPIÑA"
"28";"076";"LOZOYA";"LOZOYA SOMOSIERRA"
"28";"077";"LOZOYUELA-NAVAS-SIETEIGLESIAS";"LOZOYA SOMOSIERRA"
"28";"078";"MADARCOS";"LOZOYA SOMOSIERRA"
"28";"080";"MAJADAHONDA";"AREA METROPOLITANA DE MADRID"
"28";"082";"MANZANARES EL REAL";"GUADARRAMA"
"28";"083";"MECO";"CAMPIÑA"
"28";"084";"MEJORADA DEL CAMPO";"AREA METROPOLITANA DE MADRID"
"28";"085";"MIRAFLORES DE LA SIERRA";"LOZOYA SOMOSIERRA"
"28";"086";"MOLAR (EL)";"LOZOYA SOMOSIERRA"
"28";"087";"MOLINOS (LOS)";"GUADARRAMA"
"28";"088";"MONTEJO DE LA SIERRA";"LOZOYA SOMOSIERRA"
"28";"089";"MORALEJA DE ENMEDIO";"SUR OCCIDENTAL"
"28";"090";"MORALZARZAL";"GUADARRAMA"
"28";"091";"MORATA DE TAJUÑA";"VEGAS"
"28";"092";"MOSTOLES";"SUR OCCIDENTAL"
"28";"093";"NAVACERRADA";"GUADARRAMA"
"28";"094";"NAVALAFUENTE";"LOZOYA SOMOSIERRA"
"28";"095";"NAVALAGAMELLA";"SUR OCCIDENTAL"
"28";"096";"NAVALCARNERO";"SUR OCCIDENTAL"
"28";"097";"NAVARREDONDA Y SAN MAMES";"LOZOYA SOMOSIERRA"
"28";"099";"NAVAS DEL REY";"SUR OCCIDENTAL"
"28";"100";"NUEVO BAZTAN";"CAMPIÑA"
"28";"101";"OLMEDA DE LAS FUENTES";"CAMPIÑA"
"28";"102";"ORUSCO DE TAJUÑA";"VEGAS"
"28";"104";"PARACUELLOS DE JARAMA";"AREA METROPOLITANA DE MADRID"
"28";"106";"PARLA";"SUR OCCIDENTAL"
"28";"107";"PATONES";"LOZOYA SOMOSIERRA"
"28";"108";"PEDREZUELA";"LOZOYA SOMOSIERRA"
"28";"109";"PELAYOS DE LA PRESA";"SUR OCCIDENTAL"
"28";"110";"PERALES DE TAJUÑA";"VEGAS"
"28";"111";"PEZUELA DE LAS TORRES";"CAMPIÑA"
"28";"112";"PINILLA DEL VALLE";"LOZOYA SOMOSIERRA"
"28";"113";"PINTO";"AREA METROPOLITANA DE MADRID"
"28";"114";"PIÑUECAR";"LOZOYA SOMOSIERRA"
"28";"115";"POZUELO DE ALARCON";"AREA METROPOLITANA DE MADRID"
"28";"116";"POZUELO DEL REY";"CAMPIÑA"
"28";"117";"PRADENA DEL RINCON";"LOZOYA SOMOSIERRA"
"28";"118";"PUEBLA DE LA SIERRA";"LOZOYA SOMOSIERRA"
"28";"119";"QUIJORNA";"SUR OCCIDENTAL"
"28";"120";"RASCAFRIA";"LOZOYA SOMOSIERRA"
"28";"121";"REDUEÑA";"LOZOYA SOMOSIERRA"
"28";"122";"RIBATEJADA";"CAMPIÑA"
"28";"123";"RIVAS-VACIAMADRID";"AREA METROPOLITANA DE MADRID"
"28";"124";"ROBLEDILLO DE LA JARA";"LOZOYA SOMOSIERRA"
"28";"125";"ROBLEDO DE CHAVELA";"GUADARRAMA"
"28";"126";"ROBREGORDO";"LOZOYA SOMOSIERRA"
"28";"127";"ROZAS DE MADRID (LAS)";"AREA METROPOLITANA DE MADRID"
"28";"128";"ROZAS DE PUERTO REAL";"SUR OCCIDENTAL"
"28";"129";"SAN AGUSTIN DEL GUADALIX";"LOZOYA SOMOSIERRA"
"28";"130";"SAN FERNANDO DE HENARES";"AREA METROPOLITANA DE MADRID"
"28";"131";"SAN LORENZO DE EL ESCORIAL";"GUADARRAMA"
"28";"132";"SAN MARTIN DE LA VEGA";"VEGAS"
"28";"133";"SAN MARTIN DE VALDEIGLESIAS";"SUR OCCIDENTAL"
"28";"134";"SAN SEBASTIAN DE LOS REYES";"AREA METROPOLITANA DE MADRID"
"28";"135";"SANTA MARIA DE LA ALAMEDA";"GUADARRAMA"
"28";"136";"SANTORCAZ";"CAMPIÑA"
"28";"137";"SANTOS DE LA HUMOSA (LOS)";"CAMPIÑA"
"28";"138";"SERNA DEL MONTE (LA)";"LOZOYA SOMOSIERRA"
"28";"140";"SERRANILLOS DEL VALLE";"SUR OCCIDENTAL"
"28";"141";"SEVILLA LA NUEVA";"SUR OCCIDENTAL"
"28";"143";"SOMOSIERRA";"LOZOYA SOMOSIERRA"
"28";"144";"SOTO DEL REAL";"LOZOYA SOMOSIERRA"
"28";"145";"TALAMANCA DE JARAMA";"CAMPIÑA"
"28";"146";"TIELMES";"VEGAS"
"28";"147";"TITULCIA";"VEGAS"
"28";"148";"TORREJON DE ARDOZ";"AREA METROPOLITANA DE MADRID"
"28";"149";"TORREJON DE LA CALZADA";"SUR OCCIDENTAL"
"28";"150";"TORREJON DE VELASCO";"SUR OCCIDENTAL"
"28";"151";"TORRELAGUNA";"LOZOYA SOMOSIERRA"
"28";"152";"TORRELODONES";"GUADARRAMA"
"28";"153";"TORREMOCHA DE JARAMA";"LOZOYA SOMOSIERRA"
"28";"154";"TORRES DE LA ALAMEDA";"CAMPIÑA"
"28";"155";"VALDARACETE";"VEGAS"
"28";"156";"VALDEAVERO";"CAMPIÑA"
"28";"157";"VALDELAGUNA";"VEGAS"
"28";"158";"VALDEMANCO";"LOZOYA SOMOSIERRA"
"28";"159";"VALDEMAQUEDA";"GUADARRAMA"
"28";"160";"VALDEMORILLO";"SUR OCCIDENTAL"
"28";"161";"VALDEMORO";"SUR OCCIDENTAL"
"28";"162";"VALDEOLMOS-ALALPARDO";"CAMPIÑA"
"28";"163";"VALDEPIELAGOS";"CAMPIÑA"
"28";"164";"VALDETORRES DE JARAMA";"CAMPIÑA"
"28";"165";"VALDILECHA";"CAMPIÑA"
"28";"166";"VALVERDE DE ALCALA";"CAMPIÑA"
"28";"167";"VELILLA DE SAN ANTONIO";"AREA METROPOLITANA DE MADRID"
"28";"168";"VELLON (EL)";"LOZOYA SOMOSIERRA"
"28";"169";"VENTURADA";"LOZOYA SOMOSIERRA"
"28";"170";"VILLACONEJOS";"VEGAS"
"28";"171";"VILLA DEL PRADO";"SUR OCCIDENTAL"
"28";"172";"VILLALBILLA";"CAMPIÑA"
"28";"173";"VILLAMANRIQUE DE TAJO";"VEGAS"
"28";"174";"VILLAMANTA";"SUR OCCIDENTAL"
"28";"175";"VILLAMANTILLA";"SUR OCCIDENTAL"
"28";"176";"VILLANUEVA DE LA CAÑADA";"AREA METROPOLITANA DE MADRID"
"28";"177";"VILLANUEVA DEL PARDILLO";"AREA METROPOLITANA DE MADRID"
"28";"178";"VILLANUEVA DE PERALES";"SUR OCCIDENTAL"
"28";"179";"VILLAR DEL OLMO";"CAMPIÑA"
"28";"180";"VILLAREJO DE SALVANES";"VEGAS"
"28";"181";"VILLAVICIOSA DE ODON";"AREA METROPOLITANA DE MADRID"
"28";"182";"VILLAVIEJA DEL LOZOYA";"LOZOYA SOMOSIERRA"
"28";"183";"ZARZALEJO";"GUADARRAMA"
"28";"184";"TRES CANTOS";"AREA METROPOLITANA DE MADRID"
"28";"185";"PUENTES VIEJAS";"LOZOYA SOMOSIERRA"
"28";"900";"MADRID";"AREA METROPOLITANA DE MADRID"
"29";"001";"Alameda";"NORTE O ANTEQUERA"
"29";"002";"Alcaucín";"VELEZ MALAGA"
"29";"003";"Alfarnate";"NORTE O ANTEQUERA"
"29";"004";"Alfarnatejo";"NORTE O ANTEQUERA"
"29";"005";"Algarrobo";"VELEZ MALAGA"
"29";"006";"Algatocín";"SERRANIA DE RONDA"
"29";"007";"Alhaurín de la Torre";"CENTRO-SUR O GUADALORCE"
"29";"008";"Alhaurín el Grande";"CENTRO-SUR O GUADALORCE"
"29";"009";"Almáchar";"VELEZ MALAGA"
"29";"010";"Almargen";"NORTE O ANTEQUERA"
"29";"011";"Almogía";"CENTRO-SUR O GUADALORCE"
"29";"012";"Alora";"CENTRO-SUR O GUADALORCE"
"29";"013";"Alozaina";"CENTRO-SUR O GUADALORCE"
"29";"014";"Alpandeire";"SERRANIA DE RONDA"
"29";"015";"Antequera";"NORTE O ANTEQUERA"
"29";"016";"Archez";"VELEZ MALAGA"
"29";"017";"Archidona";"NORTE O ANTEQUERA"
"29";"018";"Ardales";"NORTE O ANTEQUERA"
"29";"019";"Arenas";"VELEZ MALAGA"
"29";"020";"Arriate";"SERRANIA DE RONDA"
"29";"021";"Atajate";"SERRANIA DE RONDA"
"29";"022";"Benadalid";"SERRANIA DE RONDA"
"29";"023";"Benahavís";"CENTRO-SUR O GUADALORCE"
"29";"024";"Benalauría";"SERRANIA DE RONDA"
"29";"025";"Benalmádena";"CENTRO-SUR O GUADALORCE"
"29";"026";"Benamargosa";"VELEZ MALAGA"
"29";"027";"Benamocarra";"VELEZ MALAGA"
"29";"028";"Benaoján";"SERRANIA DE RONDA"
"29";"029";"Benarrabá";"SERRANIA DE RONDA"
"29";"030";"Borge (El)";"VELEZ MALAGA"
"29";"031";"Burgo (El)";"SERRANIA DE RONDA"
"29";"032";"Campillos";"NORTE O ANTEQUERA"
"29";"033";"Canillas de Aceituno";"VELEZ MALAGA"
"29";"034";"Canillas de Albaida";"VELEZ MALAGA"
"29";"035";"Cañete la Real";"NORTE O ANTEQUERA"
"29";"036";"Carratraca";"CENTRO-SUR O GUADALORCE"
"29";"037";"Cartajima";"SERRANIA DE RONDA"
"29";"038";"Cártama";"CENTRO-SUR O GUADALORCE"
"29";"039";"Casabermeja";"NORTE O ANTEQUERA"
"29";"040";"Casarabonela";"CENTRO-SUR O GUADALORCE"
"29";"041";"Casares";"CENTRO-SUR O GUADALORCE"
"29";"042";"Coín";"CENTRO-SUR O GUADALORCE"
"29";"043";"Colmenar";"NORTE O ANTEQUERA"
"29";"044";"Comares";"VELEZ MALAGA"
"29";"045";"Cómpeta";"VELEZ MALAGA"
"29";"046";"Cortes de la Frontera";"SERRANIA DE RONDA"
"29";"047";"Cuevas Bajas";"NORTE O ANTEQUERA"
"29";"048";"Cuevas del Becerro";"NORTE O ANTEQUERA"
"29";"049";"Cuevas de San Marcos";"NORTE O ANTEQUERA"
"29";"050";"Cútar";"VELEZ MALAGA"
"29";"051";"Estepona";"CENTRO-SUR O GUADALORCE"
"29";"052";"Faraján";"SERRANIA DE RONDA"
"29";"053";"Frigiliana";"VELEZ MALAGA"
"29";"054";"Fuengirola";"CENTRO-SUR O GUADALORCE"
"29";"055";"Fuente de Piedra";"NORTE O ANTEQUERA"
"29";"056";"Gaucín";"SERRANIA DE RONDA"
"29";"057";"Genalguacil";"SERRANIA DE RONDA"
"29";"058";"Guaro";"CENTRO-SUR O GUADALORCE"
"29";"059";"Humilladero";"NORTE O ANTEQUERA"
"29";"060";"Igualeja";"SERRANIA DE RONDA"
"29";"061";"Istán";"CENTRO-SUR O GUADALORCE"
"29";"062";"Iznate";"VELEZ MALAGA"
"29";"063";"Jimera de Líbar";"SERRANIA DE RONDA"
"29";"064";"Jubrique";"SERRANIA DE RONDA"
"29";"065";"Júzcar";"SERRANIA DE RONDA"
"29";"066";"Macharaviaya";"VELEZ MALAGA"
"29";"068";"Manilva";"CENTRO-SUR O GUADALORCE"
"29";"069";"Marbella";"CENTRO-SUR O GUADALORCE"
"29";"070";"Mijas";"CENTRO-SUR O GUADALORCE"
"29";"071";"Moclinejo";"VELEZ MALAGA"
"29";"072";"Mollina";"NORTE O ANTEQUERA"
"29";"073";"Monda";"CENTRO-SUR O GUADALORCE"
"29";"074";"Montejaque";"SERRANIA DE RONDA"
"29";"075";"Nerja";"VELEZ MALAGA"
"29";"076";"Ojén";"CENTRO-SUR O GUADALORCE"
"29";"077";"Parauta";"SERRANIA DE RONDA"
"29";"079";"Periana";"VELEZ MALAGA"
"29";"080";"Pizarra";"CENTRO-SUR O GUADALORCE"
"29";"081";"Pujerra";"SERRANIA DE RONDA"
"29";"082";"Rincón de la Victoria";"VELEZ MALAGA"
"29";"083";"Riogordo";"NORTE O ANTEQUERA"
"29";"084";"Ronda";"SERRANIA DE RONDA"
"29";"085";"Salares";"VELEZ MALAGA"
"29";"086";"Sayalonga";"VELEZ MALAGA"
"29";"087";"Sedella";"VELEZ MALAGA"
"29";"088";"Sierra de Yeguas";"NORTE O ANTEQUERA"
"29";"089";"Teba";"NORTE O ANTEQUERA"
"29";"090";"Tolox";"CENTRO-SUR O GUADALORCE"
"29";"091";"Torrox";"VELEZ MALAGA"
"29";"092";"Totalán";"VELEZ MALAGA"
"29";"093";"Valle de Abdalajís";"CENTRO-SUR O GUADALORCE"
"29";"094";"Vélez-Málaga";"VELEZ MALAGA"
"29";"095";"Villanueva de Algaidas";"NORTE O ANTEQUERA"
"29";"096";"Villanueva del Rosario";"NORTE O ANTEQUERA"
"29";"097";"Villanueva del Trabuco";"NORTE O ANTEQUERA"
"29";"098";"Villanueva de Tapia";"NORTE O ANTEQUERA"
"29";"099";"Viñuela";"VELEZ MALAGA"
"29";"100";"Yunquera";"CENTRO-SUR O GUADALORCE"
"29";"101";"Montecorto";"SERRANIA DE RONDA"
"29";"102";"VILLANUEVA DE LA CONCEPCION";"NORTE O ANTEQUERA"
"29";"103";"Torremolinos";"CENTRO-SUR O GUADALORCE"
"29";"104";"Serrato";"SERRANIA DE RONDA"
"29";"900";"Málaga";"CENTRO-SUR O GUADALORCE"
"30";"001";"ABANILLA";"NORDESTE"
"30";"002";"ABARAN";"RIO SEGURA"
"30";"003";"AGUILAS";"SUROESTE Y VALLE GUADALENTIN"
"30";"004";"ALBUDEITE";"CENTRO"
"30";"005";"ALCANTARILLA";"RIO SEGURA"
"30";"006";"ALEDO";"SUROESTE Y VALLE GUADALENTIN"
"30";"007";"ALGUAZAS";"RIO SEGURA"
"30";"008";"ALHAMA DE MURCIA";"SUROESTE Y VALLE GUADALENTIN"
"30";"009";"ARCHENA";"RIO SEGURA"
"30";"010";"BENIEL";"RIO SEGURA"
"30";"011";"BLANCA";"RIO SEGURA"
"30";"012";"BULLAS";"NOROESTE"
"30";"013";"CALASPARRA";"RIO SEGURA"
"30";"014";"CAMPOS DEL RIO";"CENTRO"
"30";"015";"CARAVACA DE LA CRUZ";"NOROESTE"
"30";"016";"CARTAGENA";"CAMPO DE CARTAGENA"
"30";"017";"CEHEGIN";"NOROESTE"
"30";"018";"CEUTI";"RIO SEGURA"
"30";"019";"CIEZA";"RIO SEGURA"
"30";"020";"FORTUNA";"NORDESTE"
"30";"021";"FUENTE ALAMO DE MURCIA";"CAMPO DE CARTAGENA"
"30";"022";"JUMILLA";"NORDESTE"
"30";"023";"LIBRILLA";"SUROESTE Y VALLE GUADALENTIN"
"30";"024";"LORCA";"SUROESTE Y VALLE GUADALENTIN"
"30";"025";"LORQUI";"RIO SEGURA"
"30";"026";"MAZARRON";"SUROESTE Y VALLE GUADALENTIN"
"30";"027";"MOLINA DE SEGURA";"RIO SEGURA"
"30";"028";"MORATALLA";"NOROESTE"
"30";"029";"MULA";"CENTRO"
"30";"030";"MURCIA";"RIO SEGURA"
"30";"031";"OJOS";"RIO SEGURA"
"30";"032";"PLIEGO";"CENTRO"
"30";"033";"PUERTO LUMBRERAS";"SUROESTE Y VALLE GUADALENTIN"
"30";"034";"RICOTE";"RIO SEGURA"
"30";"035";"SAN JAVIER";"CAMPO DE CARTAGENA"
"30";"036";"SAN PEDRO DEL PINATAR";"CAMPO DE CARTAGENA"
"30";"037";"TORRE-PACHECO";"CAMPO DE CARTAGENA"
"30";"038";"TORRES DE COTILLAS (LAS)";"RIO SEGURA"
"30";"039";"TOTANA";"SUROESTE Y VALLE GUADALENTIN"
"30";"040";"ULEA";"RIO SEGURA"
"30";"041";"UNION (LA)";"CAMPO DE CARTAGENA"
"30";"042";"VILLANUEVA DEL RIO SEGURA";"RIO SEGURA"
"30";"043";"YECLA";"NORDESTE"
"30";"044";"SANTOMERA";"RIO SEGURA"
"30";"045";"ALCAZARES (LOS)";"CAMPO DE CARTAGENA"
"31";"001";"ABÁIGAR";"TIERRA ESTELLA"
"31";"002";"ABÁRZUZA";"TIERRA ESTELLA"
"31";"003";"ABAURREGAINA/ABAURREA AL";"PIRINEOS"
"31";"004";"ABAURREPEA/ABAURREA BAJA";"PIRINEOS"
"31";"005";"ABERIN";"TIERRA ESTELLA"
"31";"006";"ABLITAS";"RIBERA BAJA"
"31";"007";"ADIÓS";"CUENCA PAMPLONA"
"31";"008";"AGUILAR DE CODÉS";"TIERRA ESTELLA"
"31";"009";"AIBAR <> OIBAR";"NAVARRA MEDIA"
"31";"010";"ALTSASU/ALSASUA";"NORD OCCIDENTAL"
"31";"011";"ALLÍN";"TIERRA ESTELLA"
"31";"012";"ALLO";"TIERRA ESTELLA"
"31";"013";"AMÉSCOA BAJA";"TIERRA ESTELLA"
"31";"014";"ANCÍN";"TIERRA ESTELLA"
"31";"015";"ANDOSILLA";"RIBERA ALTA ARAGON"
"31";"016";"ANSOÁIN";"CUENCA PAMPLONA"
"31";"017";"ANUE";"NORD OCCIDENTAL"
"31";"018";"AÑORBE";"CUENCA PAMPLONA"
"31";"019";"AOIZ <> AGOITZ";"PIRINEOS"
"31";"020";"ARAITZ";"NORD OCCIDENTAL"
"31";"021";"ARANARACHE";"TIERRA ESTELLA"
"31";"022";"ARANTZA";"NORD OCCIDENTAL"
"31";"023";"ARANGUREN";"CUENCA PAMPLONA"
"31";"024";"ARANO";"NORD OCCIDENTAL"
"31";"025";"ARAKIL";"NORD OCCIDENTAL"
"31";"026";"ARAS";"TIERRA ESTELLA"
"31";"027";"ARBIZU";"NORD OCCIDENTAL"
"31";"028";"ARCE <> ARTZI";"PIRINEOS"
"31";"029";"LOS ARCOS";"TIERRA ESTELLA"
"31";"030";"ARELLANO";"TIERRA ESTELLA"
"31";"031";"ARESO";"NORD OCCIDENTAL"
"31";"032";"ARGUEDAS";"RIBERA BAJA"
"31";"033";"ARIA";"PIRINEOS"
"31";"034";"ARIBE";"PIRINEOS"
"31";"035";"ARMAÑANZAS";"TIERRA ESTELLA"
"31";"036";"ARRÓNIZ";"TIERRA ESTELLA"
"31";"037";"ARRUAZU";"NORD OCCIDENTAL"
"31";"038";"ARTAJONA";"NAVARRA MEDIA"
"31";"039";"ARTAZU";"CUENCA PAMPLONA"
"31";"040";"Atez/Atetz";"NORD OCCIDENTAL"
"31";"041";"AYEGUI";"TIERRA ESTELLA"
"31";"042";"AZAGRA";"RIBERA ALTA ARAGON"
"31";"043";"AZUELO";"TIERRA ESTELLA"
"31";"044";"BAKAIKU";"NORD OCCIDENTAL"
"31";"045";"BARÁSOAIN";"NAVARRA MEDIA"
"31";"046";"BARBARIN";"TIERRA ESTELLA"
"31";"047";"BARGOTA";"TIERRA ESTELLA"
"31";"048";"BARILLAS";"RIBERA BAJA"
"31";"049";"BASABURUA";"NORD OCCIDENTAL"
"31";"050";"BAZTAN";"NORD OCCIDENTAL"
"31";"051";"BEIRE";"NAVARRA MEDIA"
"31";"052";"BELASCOÁIN";"CUENCA PAMPLONA"
"31";"053";"BERBINZANA";"NAVARRA MEDIA"
"31";"054";"BERTIZARANA";"NORD OCCIDENTAL"
"31";"055";"BETELU";"NORD OCCIDENTAL"
"31";"056";"BIURRUN-OLCOZ";"CUENCA PAMPLONA"
"31";"057";"BUÑUEL";"RIBERA BAJA"
"31";"058";"AURITZ/BURGUETE";"PIRINEOS"
"31";"059";"BURGUI <> BURGI";"PIRINEOS"
"31";"060";"BURLADA <> BURLATA";"CUENCA PAMPLONA"
"31";"061";"EL BUSTO";"TIERRA ESTELLA"
"31";"062";"CABANILLAS";"RIBERA BAJA"
"31";"063";"CABREDO";"TIERRA ESTELLA"
"31";"064";"CADREITA";"RIBERA ALTA ARAGON"
"31";"065";"CAPARROSO";"RIBERA ALTA ARAGON"
"31";"066";"CÁRCAR";"RIBERA ALTA ARAGON"
"31";"067";"CARCASTILLO";"RIBERA ALTA ARAGON"
"31";"068";"CASCANTE";"RIBERA BAJA"
"31";"069";"CÁSEDA";"NAVARRA MEDIA"
"31";"070";"CASTEJÓN";"RIBERA BAJA"
"31";"071";"CASTILLO-NUEVO";"PIRINEOS"
"31";"072";"CINTRUÉNIGO";"RIBERA BAJA"
"31";"073";"ZIORDIA";"NORD OCCIDENTAL"
"31";"074";"CIRAUQUI";"TIERRA ESTELLA"
"31";"075";"CIRIZA";"CUENCA PAMPLONA"
"31";"076";"CIZUR";"CUENCA PAMPLONA"
"31";"077";"CORELLA";"RIBERA BAJA"
"31";"078";"CORTES";"RIBERA BAJA"
"31";"079";"DESOJO";"TIERRA ESTELLA"
"31";"080";"DICASTILLO";"TIERRA ESTELLA"
"31";"081";"DONAMARIA";"NORD OCCIDENTAL"
"31";"082";"ETXALAR";"NORD OCCIDENTAL"
"31";"083";"ECHARRI";"CUENCA PAMPLONA"
"31";"084";"ETXARRI-ARANATZ";"NORD OCCIDENTAL"
"31";"085";"ETXAURI";"CUENCA PAMPLONA"
"31";"086";"Valle de Egüés";"CUENCA PAMPLONA"
"31";"087";"ELGORRIAGA";"NORD OCCIDENTAL"
"31";"088";"NOÁIN (VALLE DE ELORZ) <";"CUENCA PAMPLONA"
"31";"089";"ENÉRIZ";"CUENCA PAMPLONA"
"31";"090";"ERATSUN";"NORD OCCIDENTAL"
"31";"091";"ERGOIENA";"NORD OCCIDENTAL"
"31";"092";"ERRO";"PIRINEOS"
"31";"093";"EZCÁROZ <> EZKAROZE";"PIRINEOS"
"31";"094";"ESLAVA";"NAVARRA MEDIA"
"31";"095";"ESPARZA";"PIRINEOS"
"31";"096";"ESPRONCEDA";"TIERRA ESTELLA"
"31";"097";"ESTELLA <> LIZARRA";"TIERRA ESTELLA"
"31";"098";"ESTERIBAR";"PIRINEOS"
"31";"099";"ETAYO";"TIERRA ESTELLA"
"31";"100";"EULATE";"TIERRA ESTELLA"
"31";"101";"EZCABARTE";"NORD OCCIDENTAL"
"31";"102";"EZKURRA";"NORD OCCIDENTAL"
"31";"103";"EZPROGUI";"NAVARRA MEDIA"
"31";"104";"FALCES";"RIBERA ALTA ARAGON"
"31";"105";"FITERO";"RIBERA BAJA"
"31";"106";"FONTELLAS";"RIBERA BAJA"
"31";"107";"FUNES";"RIBERA ALTA ARAGON"
"31";"108";"FUSTIÑANA";"RIBERA BAJA"
"31";"109";"GALAR";"CUENCA PAMPLONA"
"31";"110";"GALLIPIENZO";"NAVARRA MEDIA"
"31";"111";"GALLUÉS <> GALOZE";"PIRINEOS"
"31";"112";"GARAIOA";"PIRINEOS"
"31";"113";"GARDE <> GARDE";"PIRINEOS"
"31";"114";"GARÍNOAIN";"NAVARRA MEDIA"
"31";"115";"GARRALDA";"PIRINEOS"
"31";"116";"GENEVILLA";"TIERRA ESTELLA"
"31";"117";"GOIZUETA";"NORD OCCIDENTAL"
"31";"118";"GOÑI";"CUENCA PAMPLONA"
"31";"119";"GÜESA <> GORZA";"PIRINEOS"
"31";"120";"GUESÁLAZ";"TIERRA ESTELLA"
"31";"121";"GUIRGUILLANO";"CUENCA PAMPLONA"
"31";"122";"HUARTE <> UHARTE";"CUENCA PAMPLONA"
"31";"123";"UHARTE-ARAKIL";"NORD OCCIDENTAL"
"31";"124";"IBARGOITI";"PIRINEOS"
"31";"125";"IGÚZQUIZA";"TIERRA ESTELLA"
"31";"126";"IMOTZ";"NORD OCCIDENTAL"
"31";"127";"IRAÑETA";"NORD OCCIDENTAL"
"31";"128";"ISABA <> IZABA";"PIRINEOS"
"31";"129";"ITUREN";"NORD OCCIDENTAL"
"31";"130";"ITURMENDI";"NORD OCCIDENTAL"
"31";"131";"IZA";"CUENCA PAMPLONA"
"31";"132";"IZAGAONDOA";"PIRINEOS"
"31";"133";"IZALZU <> ITZALTZU";"PIRINEOS"
"31";"134";"JAURRIETA <> JAURRIETA";"PIRINEOS"
"31";"135";"JAVIER";"NAVARRA MEDIA"
"31";"136";"JUSLAPEÑA";"CUENCA PAMPLONA"
"31";"137";"LABAIEN";"NORD OCCIDENTAL"
"31";"138";"LAKUNTZA";"NORD OCCIDENTAL"
"31";"139";"LANA";"TIERRA ESTELLA"
"31";"140";"LANTZ";"NORD OCCIDENTAL"
"31";"141";"LAPOBLACIÓN";"TIERRA ESTELLA"
"31";"142";"LARRAGA";"NAVARRA MEDIA"
"31";"143";"LARRAONA";"TIERRA ESTELLA"
"31";"144";"LARRAUN";"NORD OCCIDENTAL"
"31";"145";"LAZAGURRÍA";"TIERRA ESTELLA"
"31";"146";"Leache/Leatxe";"NAVARRA MEDIA"
"31";"147";"LEGARDA";"CUENCA PAMPLONA"
"31";"148";"LEGARIA";"TIERRA ESTELLA"
"31";"149";"LEITZA";"NORD OCCIDENTAL"
"31";"150";"LEOZ";"NAVARRA MEDIA"
"31";"151";"LERGA";"NAVARRA MEDIA"
"31";"152";"LERÍN";"RIBERA ALTA ARAGON"
"31";"153";"LESAKA";"NORD OCCIDENTAL"
"31";"154";"LEZÁUN";"TIERRA ESTELLA"
"31";"155";"LIÉDENA";"NAVARRA MEDIA"
"31";"156";"LIZOÁIN";"PIRINEOS"
"31";"157";"LODOSA";"RIBERA ALTA ARAGON"
"31";"158";"LÓNGUIDA <> LONGIDA";"PIRINEOS"
"31";"159";"LUMBIER";"PIRINEOS"
"31";"160";"LUQUIN";"TIERRA ESTELLA"
"31";"161";"MAÑERU";"TIERRA ESTELLA"
"31";"162";"MARAÑÓN";"TIERRA ESTELLA"
"31";"163";"MARCILLA";"RIBERA ALTA ARAGON"
"31";"164";"MÉLIDA";"RIBERA ALTA ARAGON"
"31";"165";"MENDAVIA";"RIBERA ALTA ARAGON"
"31";"166";"MENDAZA";"TIERRA ESTELLA"
"31";"167";"MENDIGORRÍA";"NAVARRA MEDIA"
"31";"168";"METAUTEN";"TIERRA ESTELLA"
"31";"169";"MILAGRO";"RIBERA ALTA ARAGON"
"31";"170";"MIRAFUENTES";"TIERRA ESTELLA"
"31";"171";"MIRANDA DE ARGA";"RIBERA ALTA ARAGON"
"31";"172";"MONREAL";"PIRINEOS"
"31";"173";"MONTEAGUDO";"RIBERA BAJA"
"31";"174";"MORENTIN";"TIERRA ESTELLA"
"31";"175";"MUÉS";"TIERRA ESTELLA"
"31";"176";"MURCHANTE";"RIBERA BAJA"
"31";"177";"MURIETA";"TIERRA ESTELLA"
"31";"178";"MURILLO EL CUENDE";"RIBERA ALTA ARAGON"
"31";"179";"MURILLO EL FRUTO";"RIBERA ALTA ARAGON"
"31";"180";"MURUZÁBAL";"CUENCA PAMPLONA"
"31";"181";"NAVASCUÉS";"PIRINEOS"
"31";"182";"NAZAR";"TIERRA ESTELLA"
"31";"183";"OBANOS";"CUENCA PAMPLONA"
"31";"184";"OCO";"TIERRA ESTELLA"
"31";"185";"OCHAGAVÍA";"PIRINEOS"
"31";"186";"ODIETA";"NORD OCCIDENTAL"
"31";"187";"OITZ";"NORD OCCIDENTAL"
"31";"188";"OLÁIBAR";"NORD OCCIDENTAL"
"31";"189";"OLAZTI/OLAZAGUTÍA";"NORD OCCIDENTAL"
"31";"190";"OLEJUA";"TIERRA ESTELLA"
"31";"191";"OLITE";"NAVARRA MEDIA"
"31";"192";"OLÓRIZ";"NAVARRA MEDIA"
"31";"193";"OLZA";"CUENCA PAMPLONA"
"31";"194";"OLLO";"CUENCA PAMPLONA"
"31";"195";"ORBAITZETA";"PIRINEOS"
"31";"196";"ORBARA";"PIRINEOS"
"31";"197";"ORÍSOAIN";"NAVARRA MEDIA"
"31";"198";"ORONZ";"PIRINEOS"
"31";"199";"OROZ-BETELU";"PIRINEOS"
"31";"200";"OTEIZA";"TIERRA ESTELLA"
"31";"201";"PAMPLONA <> IRUÑA";"CUENCA PAMPLONA"
"31";"202";"PERALTA";"RIBERA ALTA ARAGON"
"31";"203";"PETILLA DE ARAGÓN";"NAVARRA MEDIA"
"31";"204";"PIEDRAMILLERA";"TIERRA ESTELLA"
"31";"205";"PITILLAS";"NAVARRA MEDIA"
"31";"206";"PUENTE LA REINA <> GARES";"CUENCA PAMPLONA"
"31";"207";"PUEYO";"NAVARRA MEDIA"
"31";"208";"RIBAFORADA";"RIBERA BAJA"
"31";"209";"ROMANZADO";"PIRINEOS"
"31";"210";"RONCAL <> ERRONKARI";"PIRINEOS"
"31";"211";"ORREAGA/RONCESVALLES";"PIRINEOS"
"31";"212";"SADA";"NAVARRA MEDIA"
"31";"213";"SALDIAS";"NORD OCCIDENTAL"
"31";"214";"SALINAS DE ORO";"TIERRA ESTELLA"
"31";"215";"SAN ADRIÁN";"RIBERA ALTA ARAGON"
"31";"216";"SANGÜESA <> ZANGOZA";"NAVARRA MEDIA"
"31";"217";"SAN MARTÍN DE UNX";"NAVARRA MEDIA"
"31";"219";"SANSOL";"TIERRA ESTELLA"
"31";"220";"SANTACARA";"RIBERA ALTA ARAGON"
"31";"221";"DONEZTEBE/SANTESTEBAN";"NORD OCCIDENTAL"
"31";"222";"SARRIÉS <> SARTZE";"PIRINEOS"
"31";"223";"SARTAGUDA";"RIBERA ALTA ARAGON"
"31";"224";"SESMA";"RIBERA ALTA ARAGON"
"31";"225";"SORLADA";"TIERRA ESTELLA"
"31";"226";"SUNBILLA";"NORD OCCIDENTAL"
"31";"227";"TAFALLA";"NAVARRA MEDIA"
"31";"228";"TIEBAS-MURUARTE DE RETA";"CUENCA PAMPLONA"
"31";"229";"TIRAPU";"CUENCA PAMPLONA"
"31";"230";"TORRALBA DEL RÍO";"TIERRA ESTELLA"
"31";"231";"TORRES DEL RÍO";"TIERRA ESTELLA"
"31";"232";"TUDELA";"RIBERA BAJA"
"31";"233";"TULEBRAS";"RIBERA BAJA"
"31";"234";"ÚCAR";"CUENCA PAMPLONA"
"31";"235";"UJUÉ";"NAVARRA MEDIA"
"31";"236";"ULTZAMA";"NORD OCCIDENTAL"
"31";"237";"UNCITI";"PIRINEOS"
"31";"238";"UNZUÉ";"NAVARRA MEDIA"
"31";"239";"URDAZUBI/URDAX";"NORD OCCIDENTAL"
"31";"240";"URDIAIN";"NORD OCCIDENTAL"
"31";"241";"URRAÚL ALTO";"PIRINEOS"
"31";"242";"URRAÚL BAJO";"PIRINEOS"
"31";"243";"URROZ";"PIRINEOS"
"31";"244";"URROTZ";"NORD OCCIDENTAL"
"31";"245";"URZAINQUI";"PIRINEOS"
"31";"246";"UTERGA";"CUENCA PAMPLONA"
"31";"247";"UZTÁRROZ <> UZTARROZE";"PIRINEOS"
"31";"248";"LUZAIDE/VALCARLOS";"PIRINEOS"
"31";"249";"VALTIERRA";"RIBERA BAJA"
"31";"250";"BERA/VERA DE BIDASOA";"NORD OCCIDENTAL"
"31";"251";"VIANA";"TIERRA ESTELLA"
"31";"252";"VIDÁNGOZ <> BIDANKOZE";"PIRINEOS"
"31";"253";"BIDAURRETA";"CUENCA PAMPLONA"
"31";"254";"VILLAFRANCA";"RIBERA ALTA ARAGON"
"31";"255";"VILLAMAYOR DE MONJARDÍN";"TIERRA ESTELLA"
"31";"256";"HIRIBERRI/VILLANUEVA DE";"PIRINEOS"
"31";"257";"VILLATUERTA";"TIERRA ESTELLA"
"31";"258";"VILLAVA <> ATARRABIA";"CUENCA PAMPLONA"
"31";"259";"IGANTZI";"NORD OCCIDENTAL"
"31";"260";"YERRI";"TIERRA ESTELLA"
"31";"261";"YESA";"NAVARRA MEDIA"
"31";"262";"ZABALZA";"CUENCA PAMPLONA"
"31";"263";"ZUBIETA";"NORD OCCIDENTAL"
"31";"264";"ZUGARRAMURDI";"NORD OCCIDENTAL"
"31";"265";"ZÚÑIGA";"TIERRA ESTELLA"
"31";"502";"FACERÍA 2";"PIRINEOS"
"31";"508";"FACERÍA 8";"NAVARRA MEDIA"
"31";"509";"FACERÍA 9";"PIRINEOS"
"31";"510";"FACERÍA 10";"PIRINEOS"
"31";"511";"FACERÍA 11";"NAVARRA MEDIA"
"31";"514";"FACERÍA 14";"PIRINEOS"
"31";"515";"FACERÍA 15";"PIRINEOS"
"31";"516";"FACERÍA 16";"PIRINEOS"
"31";"517";"FACERÍA 17";"PIRINEOS"
"31";"518";"FACERÍA 18 ""REMENDÍA""";
"31";"521";"FACERÍA 21";"TIERRA ESTELLA"
"31";"522";"FACERÍA 22";"TIERRA ESTELLA"
"31";"523";"MONTE COMÚN DE LAS AMÉSC";"S/D Sin Descripción"
"31";"524";"FACERÍA 24 ""LARRAIZA";"TIERRA ESTELLA"
"31";"526";"FACERÍA 26";"TIERRA ESTELLA"
"31";"527";"FACERÍA 27";"S/D Sin Descripción"
"31";"528";"FACERÍA 28";"TIERRA ESTELLA"
"31";"529";"FACERÍA 29 ""ARAMBELTZ""";"TIERRA ESTELLA"
"31";"530";"FACERÍA 30 ""SAMINDIETA""";"TIERRA ESTELLA"
"31";"531";"FACERÍA 31";"TIERRA ESTELLA"
"31";"532";"FACERÍA 32";"TIERRA ESTELLA"
"31";"535";"FACERÍA 35";"CUENCA PAMPLONA"
"31";"536";"FACERÍA 36";"TIERRA ESTELLA"
"31";"537";"FACERÍA 37";"TIERRA ESTELLA"
"31";"538";"FACERÍA 38";"TIERRA ESTELLA"
"31";"539";"FACERÍA 39";"TIERRA ESTELLA"
"31";"540";"FACERÍA 40";"TIERRA ESTELLA"
"31";"541";"FACERÍA 41";"TIERRA ESTELLA"
"31";"542";"FACERÍA 42";"TIERRA ESTELLA"
"31";"543";"FACERÍA 43";"TIERRA ESTELLA"
"31";"544";"FACERÍA 44";"TIERRA ESTELLA"
"31";"545";"FACERÍA 45";"TIERRA ESTELLA"
"31";"546";"FACERÍA 46";"NORD OCCIDENTAL"
"31";"549";"FACERÍA 49";"CUENCA PAMPLONA"
"31";"550";"FACERÍA 50";"CUENCA PAMPLONA"
"31";"552";"FACERÍA 52";"NORD OCCIDENTAL"
"31";"553";"FACERÍA 53";"NORD OCCIDENTAL"
"31";"555";"FACERÍA 55";"CUENCA PAMPLONA"
"31";"556";"FACERÍA 56";"CUENCA PAMPLONA"
"31";"562";"FACERÍA 62";"CUENCA PAMPLONA"
"31";"563";"FACERÍA 63";"NORD OCCIDENTAL"
"31";"565";"FACERÍA 65";"S/D Sin Descripción"
"31";"567";"FACERÍA 67";"TIERRA ESTELLA"
"31";"570";"FACERÍA 70";"TIERRA ESTELLA"
"31";"571";"FACERÍA 71";"TIERRA ESTELLA"
"31";"574";"FACERÍA 74";"TIERRA ESTELLA"
"31";"575";"FACERÍA 75";"S/D Sin Descripción"
"31";"576";"FACERÍA 76";"TIERRA ESTELLA"
"31";"579";"FACERÍA 79";"TIERRA ESTELLA"
"31";"581";"FACERÍA 81";"TIERRA ESTELLA"
"31";"582";"FACERÍA 82";"TIERRA ESTELLA"
"31";"583";"FACERÍA 83";"TIERRA ESTELLA"
"31";"584";"FACERÍA 84";"TIERRA ESTELLA"
"31";"585";"FACERÍA 85";"TIERRA ESTELLA"
"31";"586";"FACERÍA 86";"NORD OCCIDENTAL"
"31";"587";"FACERÍA 87";"NORD OCCIDENTAL"
"31";"588";"FACERÍA 88";"NORD OCCIDENTAL"
"31";"591";"FACERÍA 91";"NORD OCCIDENTAL"
"31";"592";"FACERÍA 92";"NAVARRA MEDIA"
"31";"603";"FACERÍA 103";"TIERRA ESTELLA"
"31";"604";"FACERÍA 104";"TIERRA ESTELLA"
"31";"605";"FACERÍA 105";"CUENCA PAMPLONA"
"31";"606";"FACERÍA 106";"NAVARRA MEDIA"
"31";"607";"FACERÍA 107";"NAVARRA MEDIA"
"31";"608";"FACERÍA 108";
"31";"690";"BARDENAS REALES";
"31";"691";"SIERRA DE ANDÍA";
"31";"692";"SIERRA DE ARALAR";
"31";"693";"SIERRA DE LÓQUIZ";
"31";"694";"SIERRA DE URBASA";
"31";"901";"BARAÑÁIN";"CUENCA PAMPLONA"
"31";"902";"BERRIOPLANO";"CUENCA PAMPLONA"
"31";"903";"BERRIOZAR";"CUENCA PAMPLONA"
"31";"904";"IRURTZUN";"NORD OCCIDENTAL"
"31";"905";"BERIÁIN";"TIERRA ESTELLA"
"31";"906";"ORCOYEN";"CUENCA PAMPLONA"
"31";"907";"ZIZUR MAYOR <> ZIZUR NAG";"CUENCA PAMPLONA"
"31";"908";"LEKUNBERRI";"NORD OCCIDENTAL"
"32";"002";"ALLARIZ";"ORENSE"
"32";"003";"AMOEIRO";"ORENSE"
"32";"004";"ARNOIA (A)";"ORENSE"
"32";"005";"AVION";"ORENSE"
"32";"006";"BALTAR";"VERIN"
"32";"007";"BANDE";"VERIN"
"32";"008";"BAÑOS DE MOLGAS";"VERIN"
"32";"009";"BARBADAS";"ORENSE"
"32";"010";"BARCO DE VALDEORRAS (O)";"EL BARCO DE VALDEORRAS"
"32";"011";"BEADE";"ORENSE"
"32";"012";"BEARIZ";"ORENSE"
"32";"013";"BLANCOS (OS)";"VERIN"
"32";"014";"BOBORAS";"ORENSE"
"32";"015";"BOLA (A)";"ORENSE"
"32";"016";"BOLO (O)";"EL BARCO DE VALDEORRAS"
"32";"017";"CALVOS DE RANDIN";"VERIN"
"32";"018";"CARBALLEDA DE VALDEORRAS";"EL BARCO DE VALDEORRAS"
"32";"019";"CARBALLEDA DE AVIA";"ORENSE"
"32";"020";"CARBALLIÑO (O)";"ORENSE"
"32";"021";"CARTELLE";"ORENSE"
"32";"022";"CASTRELO DO VAL";"VERIN"
"32";"023";"CASTRELO DE MIÑO";"ORENSE"
"32";"024";"CASTRO CALDELAS";"EL BARCO DE VALDEORRAS"
"32";"025";"CELANOVA";"ORENSE"
"32";"026";"CENLLE";"ORENSE"
"32";"027";"COLES";"ORENSE"
"32";"028";"CORTEGADA";"ORENSE"
"32";"029";"CUALEDRO";"VERIN"
"32";"030";"CHANDREXA DE QUEIXA";"EL BARCO DE VALDEORRAS"
"32";"031";"ENTRIMO";"VERIN"
"32";"032";"ESGOS";"ORENSE"
"32";"033";"XINZO DE LIMIA";"VERIN"
"32";"034";"GOMESENDE";"ORENSE"
"32";"035";"GUDIÑA (A)";"EL BARCO DE VALDEORRAS"
"32";"036";"IRIXO (O)";"ORENSE"
"32";"037";"XUNQUEIRA DE AMBIA";"VERIN"
"32";"038";"XUNQUEIRA DE ESPADANEDO";"ORENSE"
"32";"039";"LAROUCO";"EL BARCO DE VALDEORRAS"
"32";"040";"LAZA";"VERIN"
"32";"041";"LEIRO";"ORENSE"
"32";"042";"LOBEIRA";"VERIN"
"32";"043";"LOBIOS";"VERIN"
"32";"044";"MACEDA";"VERIN"
"32";"045";"MANZANEDA";"EL BARCO DE VALDEORRAS"
"32";"046";"MASIDE";"ORENSE"
"32";"047";"MELON";"ORENSE"
"32";"048";"MERCA (A)";"ORENSE"
"32";"049";"MEZQUITA (A)";"EL BARCO DE VALDEORRAS"
"32";"050";"MONTEDERRAMO";"EL BARCO DE VALDEORRAS"
"32";"051";"MONTERREI";"VERIN"
"32";"052";"MUIÑOS";"VERIN"
"32";"053";"NOGUEIRA DE RAMUIN";"ORENSE"
"32";"054";"OIMBRA";"VERIN"
"32";"056";"PADERNE DE ALLARIZ";"ORENSE"
"32";"057";"PADRENDA";"ORENSE"
"32";"058";"PARADA DE SIL";"EL BARCO DE VALDEORRAS"
"32";"059";"PEREIRO DE AGUIAR (O)";"ORENSE"
"32";"060";"PEROXA (A)";"ORENSE"
"32";"061";"PETIN";"EL BARCO DE VALDEORRAS"
"32";"062";"PIÑOR";"ORENSE"
"32";"063";"PORQUEIRA";"VERIN"
"32";"064";"POBRA DE TRIVES (A)";"EL BARCO DE VALDEORRAS"
"32";"065";"PONTEDEVA";"ORENSE"
"32";"066";"PUNXIN";"ORENSE"
"32";"067";"QUINTELA DE LEIRADO";"ORENSE"
"32";"068";"RAIRIZ DE VEIGA";"VERIN"
"32";"069";"RAMIRAS";"ORENSE"
"32";"070";"RIBADAVIA";"ORENSE"
"32";"071";"SAN XOAN DE RIO";"EL BARCO DE VALDEORRAS"
"32";"072";"RIOS";"VERIN"
"32";"073";"RUA (A)";"EL BARCO DE VALDEORRAS"
"32";"074";"RUBIA";"EL BARCO DE VALDEORRAS"
"32";"075";"SAN AMARO";"ORENSE"
"32";"076";"SAN CIBRAO DAS VIÑAS";"ORENSE"
"32";"077";"SAN CRISTOVO DE CEA";"ORENSE"
"32";"078";"SANDIAS";"VERIN"
"32";"079";"SARREAUS";"VERIN"
"32";"080";"TABOADELA";"ORENSE"
"32";"081";"TEIXEIRA (A)";"EL BARCO DE VALDEORRAS"
"32";"082";"TOEN";"ORENSE"
"32";"083";"TRASMIRAS";"VERIN"
"32";"084";"VEIGA (A)";"EL BARCO DE VALDEORRAS"
"32";"085";"VEREA";"VERIN"
"32";"086";"VERIN";"VERIN"
"32";"087";"VIANA DO BOLO";"EL BARCO DE VALDEORRAS"
"32";"088";"VILAMARIN";"ORENSE"
"32";"089";"VILAMARTIN DE VALDEORRAS";"EL BARCO DE VALDEORRAS"
"32";"090";"VILAR DE BARRIO";"VERIN"
"32";"091";"VILAR DE SANTOS";"VERIN"
"32";"092";"VILARDEVOS";"VERIN"
"32";"093";"VILARIÑO DE CONSO";"EL BARCO DE VALDEORRAS"
"32";"900";"OURENSE";"ORENSE"
"33";"001";"ALLANDE";"CANGAS DE NARCEA"
"33";"002";"ALLER";"MIERES"
"33";"003";"AMIEVA";"CANGAS DE ONIS"
"33";"004";"AVILES";"GIJON"
"33";"005";"BELMONTE DE MIRANDA";"BELMONTE DE MIRANDA"
"33";"006";"BIMENES";"OVIEDO"
"33";"007";"BOAL";"LUARCA"
"33";"008";"CABRALES";"CANGAS DE ONIS"
"33";"009";"CABRANES";"GIJON"
"33";"010";"CANDAMO";"GRADO"
"33";"011";"CANGAS DEL NARCEA";"CANGAS DE NARCEA"
"33";"012";"CANGAS DE ONIS";"CANGAS DE ONIS"
"33";"013";"CARAVIA";"GIJON"
"33";"014";"CARREÑO";"GIJON"
"33";"015";"CASO";"MIERES"
"33";"016";"CASTRILLON";"GIJON"
"33";"017";"CASTROPOL";"LUARCA"
"33";"018";"COAÑA";"LUARCA"
"33";"019";"COLUNGA";"GIJON"
"33";"020";"CORVERA DE ASTURIAS";"GIJON"
"33";"021";"CUDILLERO";"GRADO"
"33";"022";"DEGAÑA";"CANGAS DE NARCEA"
"33";"023";"FRANCO (EL)";"LUARCA"
"33";"024";"GIJON";"GIJON"
"33";"025";"GOZON";"GIJON"
"33";"026";"GRADO";"GRADO"
"33";"027";"GRANDAS DE SALIME";"VEGADEO"
"33";"028";"IBIAS";"CANGAS DE NARCEA"
"33";"029";"ILLANO";"LUARCA"
"33";"030";"ILLAS";"GIJON"
"33";"031";"LANGREO";"OVIEDO"
"33";"032";"LAVIANA";"MIERES"
"33";"033";"LENA";"MIERES"
"33";"034";"VALDES";"LUARCA"
"33";"035";"LLANERA";"OVIEDO"
"33";"036";"LLANES";"LLANES"
"33";"037";"MIERES";"MIERES"
"33";"038";"MORCIN";"MIERES"
"33";"039";"MUROS DE NALON";"GRADO"
"33";"040";"NAVA";"OVIEDO"
"33";"041";"NAVIA";"LUARCA"
"33";"042";"NOREÑA";"OVIEDO"
"33";"043";"ONIS";"CANGAS DE ONIS"
"33";"044";"OVIEDO(Código Antiguo)";"OVIEDO"
"33";"045";"PARRES";"LLANES"
"33";"046";"PEÑAMELLERA ALTA";"CANGAS DE ONIS"
"33";"047";"PEÑAMELLERA BAJA";"CANGAS DE ONIS"
"33";"048";"PESOZ";"VEGADEO"
"33";"049";"PILOÑA";"LLANES"
"33";"050";"PONGA";"CANGAS DE ONIS"
"33";"051";"PRAVIA";"GRADO"
"33";"052";"PROAZA";"BELMONTE DE MIRANDA"
"33";"053";"QUIROS";"BELMONTE DE MIRANDA"
"33";"054";"REGUERAS (LAS)";"OVIEDO"
"33";"055";"RIBADEDEVA";"LLANES"
"33";"056";"RIBADESELLA";"LLANES"
"33";"057";"RIBERA DE ARRIBA";"OVIEDO"
"33";"058";"RIOSA";"MIERES"
"33";"059";"SALAS";"GRADO"
"33";"060";"SAN MARTIN DEL REY AURELIO";"OVIEDO"
"33";"061";"SAN MARTIN DE OSCOS";"VEGADEO"
"33";"062";"SANTA EULALIA DE OSCOS";"VEGADEO"
"33";"063";"SAN TIRSO DE ABRES";"VEGADEO"
"33";"064";"SANTO ADRIANO";"BELMONTE DE MIRANDA"
"33";"065";"SARIEGO";"OVIEDO"
"33";"066";"SIERO";"OVIEDO"
"33";"067";"SOBRESCOBIO";"MIERES"
"33";"068";"SOMIEDO";"BELMONTE DE MIRANDA"
"33";"069";"SOTO DEL BARCO";"GRADO"
"33";"070";"TAPIA DE CASARIEGO";"LUARCA"
"33";"071";"TARAMUNDI";"VEGADEO"
"33";"072";"TEVERGA";"BELMONTE DE MIRANDA"
"33";"073";"TINEO";"CANGAS DE NARCEA"
"33";"074";"VEGADEO";"VEGADEO"
"33";"075";"VILLANUEVA DE OSCOS";"VEGADEO"
"33";"076";"VILLAVICIOSA";"GIJON"
"33";"077";"VILLAYON";"LUARCA"
"33";"078";"YERNES Y TAMEZA";"BELMONTE DE MIRANDA"
"33";"900";"OVIEDO";"OVIEDO"
"34";"001";"ABARCA DE CAMPOS";"CAMPOS"
"34";"003";"ABIA DE LAS TORRES";"CAMPOS"
"34";"004";"AGUILAR DE CAMPOO";"AGUILAR"
"34";"005";"ALAR DEL REY";"BOEDO-OJEDA"
"34";"006";"ALBA DE CERRATO";"EL CERRATO"
"34";"009";"AMAYUELAS DE ARRIBA";"CAMPOS"
"34";"010";"AMPUDIA";"CAMPOS"
"34";"011";"AMUSCO";"CAMPOS"
"34";"012";"ANTIGÜEDAD";"EL CERRATO"
"34";"015";"ARCONADA";"CAMPOS"
"34";"017";"ASTUDILLO";"CAMPOS"
"34";"018";"AUTILLA DEL PINO";"CAMPOS"
"34";"019";"AUTILLO DE CAMPOS";"CAMPOS"
"34";"020";"AYUELA";"SALDAÑA-VALDAVIA"
"34";"022";"BALTANAS";"EL CERRATO"
"34";"023";"VENTA DE BAÑOS";"EL CERRATO"
"34";"024";"BAQUERIN DE CAMPOS";"CAMPOS"
"34";"025";"BARCENA DE CAMPOS";"CAMPOS"
"34";"027";"BARRUELO DE SANTULLAN";"AGUILAR"
"34";"028";"BASCONES DE OJEDA";"BOEDO-OJEDA"
"34";"029";"BECERRIL DE CAMPOS";"CAMPOS"
"34";"031";"BELMONTE DE CAMPOS";"CAMPOS"
"34";"032";"BERZOSILLA";"AGUILAR"
"34";"033";"BOADA DE CAMPOS";"CAMPOS"
"34";"034";"BOADILLA DEL CAMINO";"CAMPOS"
"34";"035";"BOADILLA DE RIOSECO";"CAMPOS"
"34";"036";"BRAÑOSERA";"AGUILAR"
"34";"037";"BUENAVISTA DE VALDAVIA";"SALDAÑA-VALDAVIA"
"34";"038";"BUSTILLO DE LA VEGA";"SALDAÑA-VALDAVIA"
"34";"039";"BUSTILLO DEL PARAMO DE CARRION";"SALDAÑA-VALDAVIA"
"34";"041";"CALAHORRA DE BOEDO";"BOEDO-OJEDA"
"34";"042";"CALZADA DE LOS MOLINOS";"CAMPOS"
"34";"045";"CAPILLAS";"CAMPOS"
"34";"046";"CARDEÑOSA DE VOLPEJERA";"CAMPOS"
"34";"047";"CARRION DE LOS CONDES";"CAMPOS"
"34";"048";"CASTIL DE VELA";"CAMPOS"
"34";"049";"CASTREJON DE LA PEÑA";"CERVERA"
"34";"050";"CASTRILLO DE DON JUAN";"EL CERRATO"
"34";"051";"CASTRILLO DE ONIELO";"EL CERRATO"
"34";"052";"CASTRILLO DE VILLAVEGA";"CAMPOS"
"34";"053";"CASTROMOCHO";"CAMPOS"
"34";"056";"CERVATOS DE LA CUEZA";"CAMPOS"
"34";"057";"CERVERA DE PISUERGA";"CERVERA"
"34";"058";"CEVICO DE LA TORRE";"EL CERRATO"
"34";"059";"CEVICO NAVERO";"EL CERRATO"
"34";"060";"CISNEROS";"CAMPOS"
"34";"061";"COBOS DE CERRATO";"EL CERRATO"
"34";"062";"COLLAZOS DE BOEDO";"BOEDO-OJEDA"
"34";"063";"CONGOSTO DE VALDAVIA";"SALDAÑA-VALDAVIA"
"34";"064";"CORDOVILLA LA REAL";"EL CERRATO"
"34";"066";"CUBILLAS DE CERRATO";"EL CERRATO"
"34";"067";"DEHESA DE MONTEJO";"CERVERA"
"34";"068";"DEHESA DE ROMANOS";"BOEDO-OJEDA"
"34";"069";"DUEÑAS";"EL CERRATO"
"34";"070";"ESPINOSA DE CERRATO";"EL CERRATO"
"34";"071";"ESPINOSA DE VILLAGONZALO";"CAMPOS"
"34";"072";"FRECHILLA";"CAMPOS"
"34";"073";"FRESNO DEL RIO";"GUARDO"
"34";"074";"FROMISTA";"CAMPOS"
"34";"076";"FUENTES DE NAVA";"CAMPOS"
"34";"077";"FUENTES DE VALDEPERO";"CAMPOS"
"34";"079";"GRIJOTA";"CAMPOS"
"34";"080";"GUARDO";"GUARDO"
"34";"081";"GUAZA DE CAMPOS";"CAMPOS"
"34";"082";"HERMEDES DE CERRATO";"EL CERRATO"
"34";"083";"HERRERA DE PISUERGA";"BOEDO-OJEDA"
"34";"084";"HERRERA DE VALDECAÑAS";"EL CERRATO"
"34";"086";"HONTORIA DE CERRATO";"EL CERRATO"
"34";"087";"HORNILLOS DE CERRATO";"EL CERRATO"
"34";"088";"HUSILLOS";"CAMPOS"
"34";"089";"ITERO DE LA VEGA";"CAMPOS"
"34";"090";"LOMA DE UCIEZA";"CAMPOS"
"34";"091";"LAGARTOS";"SALDAÑA-VALDAVIA"
"34";"092";"LANTADILLA";"CAMPOS"
"34";"093";"VID DE OJEDA (LA)";"BOEDO-OJEDA"
"34";"094";"LEDIGOS";"SALDAÑA-VALDAVIA"
"34";"096";"LOMAS";"CAMPOS"
"34";"098";"MAGAZ DE PISUERGA";"EL CERRATO"
"34";"099";"MANQUILLOS";"CAMPOS"
"34";"100";"MANTINOS";"GUARDO"
"34";"101";"MARCILLA DE CAMPOS";"CAMPOS"
"34";"102";"MAZARIEGOS";"CAMPOS"
"34";"103";"MAZUECOS DE VALDEGINATE";"CAMPOS"
"34";"104";"MELGAR DE YUSO";"CAMPOS"
"34";"106";"MENESES DE CAMPOS";"CAMPOS"
"34";"107";"MICIECES DE OJEDA";"BOEDO-OJEDA"
"34";"108";"MONZON DE CAMPOS";"CAMPOS"
"34";"109";"MORATINOS";"CAMPOS"
"34";"110";"MUDA";"CERVERA"
"34";"112";"NOGAL DE LAS HUERTAS";"CAMPOS"
"34";"113";"OLEA DE BOEDO";"BOEDO-OJEDA"
"34";"114";"OLMOS DE OJEDA";"BOEDO-OJEDA"
"34";"116";"OSORNILLO";"CAMPOS"
"34";"117";"OSORNO LA MAYOR";"CAMPOS"
"34";"121";"PALENZUELA";"EL CERRATO"
"34";"122";"PARAMO DE BOEDO";"BOEDO-OJEDA"
"34";"123";"PAREDES DE NAVA";"CAMPOS"
"34";"124";"PAYO DE OJEDA";"BOEDO-OJEDA"
"34";"125";"PEDRAZA DE CAMPOS";"CAMPOS"
"34";"126";"PEDROSA DE LA VEGA";"SALDAÑA-VALDAVIA"
"34";"127";"PERALES";"CAMPOS"
"34";"129";"PINO DEL RIO";"SALDAÑA-VALDAVIA"
"34";"130";"PIÑA DE CAMPOS";"CAMPOS"
"34";"131";"POBLACION DE ARROYO";"CAMPOS"
"34";"132";"POBLACION DE CAMPOS";"CAMPOS"
"34";"133";"POBLACION DE CERRATO";"EL CERRATO"
"34";"134";"POLENTINOS";"CERVERA"
"34";"135";"POMAR DE VALDIVIA";"AGUILAR"
"34";"136";"POZA DE LA VEGA";"SALDAÑA-VALDAVIA"
"34";"137";"POZO DE URAMA";"CAMPOS"
"34";"139";"PRADANOS DE OJEDA";"BOEDO-OJEDA"
"34";"140";"PUEBLA DE VALDAVIA (LA)";"SALDAÑA-VALDAVIA"
"34";"141";"QUINTANA DEL PUENTE";"EL CERRATO"
"34";"143";"QUINTANILLA DE ONSOÑA";"SALDAÑA-VALDAVIA"
"34";"146";"REINOSO DE CERRATO";"EL CERRATO"
"34";"147";"RENEDO DE LA VEGA";"SALDAÑA-VALDAVIA"
"34";"149";"REQUENA DE CAMPOS";"CAMPOS"
"34";"151";"RESPENDA DE LA PEÑA";"GUARDO"
"34";"152";"REVENGA DE CAMPOS";"CAMPOS"
"34";"154";"REVILLA DE COLLAZOS";"BOEDO-OJEDA"
"34";"155";"RIBAS DE CAMPOS";"CAMPOS"
"34";"156";"RIBEROS DE LA CUEZA";"CAMPOS"
"34";"157";"SALDAÑA";"SALDAÑA-VALDAVIA"
"34";"158";"SALINAS DE PISUERGA";"AGUILAR"
"34";"159";"SAN CEBRIAN DE CAMPOS";"CAMPOS"
"34";"160";"SAN CEBRIAN DE MUDA";"CERVERA"
"34";"161";"SAN CRISTOBAL DE BOEDO";"BOEDO-OJEDA"
"34";"163";"SAN MAMES DE CAMPOS";"CAMPOS"
"34";"165";"SAN ROMAN DE LA CUBA";"CAMPOS"
"34";"166";"PERNIA (LA)";"CERVERA"
"34";"167";"SANTA CECILIA DEL ALCOR";"CAMPOS"
"34";"168";"SANTA CRUZ DE BOEDO";"BOEDO-OJEDA"
"34";"169";"SANTERVAS DE LA VEGA";"SALDAÑA-VALDAVIA"
"34";"170";"SANTIBAÑEZ DE ECLA";"BOEDO-OJEDA"
"34";"171";"SANTIBAÑEZ DE LA PEÑA";"GUARDO"
"34";"174";"SANTOYO";"CAMPOS"
"34";"175";"SERNA (LA)";"SALDAÑA-VALDAVIA"
"34";"176";"SOTOBAÑADO Y PRIORATO";"BOEDO-OJEDA"
"34";"177";"SOTO DE CERRATO";"EL CERRATO"
"34";"178";"TABANERA DE CERRATO";"EL CERRATO"
"34";"179";"TABANERA DE VALDAVIA";"SALDAÑA-VALDAVIA"
"34";"180";"TAMARA DE CAMPOS";"CAMPOS"
"34";"181";"TARIEGO DE CERRATO";"EL CERRATO"
"34";"182";"TORQUEMADA";"EL CERRATO"
"34";"184";"TORREMORMOJON";"CAMPOS"
"34";"185";"TRIOLLO";"CERVERA"
"34";"186";"VALBUENA DE PISUERGA";"EL CERRATO"
"34";"189";"VALDEOLMILLOS";"EL CERRATO"
"34";"190";"VALDERRABANO";"SALDAÑA-VALDAVIA"
"34";"192";"VALDE-UCIEZA";"CAMPOS"
"34";"196";"VALLE DE CERRATO";"EL CERRATO"
"34";"199";"VELILLA DEL RIO CARRION";"GUARDO"
"34";"201";"VERTAVILLO";"EL CERRATO"
"34";"202";"VILLABASTA DE VALDAVIA";"SALDAÑA-VALDAVIA"
"34";"204";"VILLACIDALER";"CAMPOS"
"34";"205";"VILLACONANCIO";"EL CERRATO"
"34";"206";"VILLADA";"CAMPOS"
"34";"208";"VILLAELES DE VALDAVIA";"SALDAÑA-VALDAVIA"
"34";"210";"VILLAHAN";"EL CERRATO"
"34";"211";"VILLAHERREROS";"CAMPOS"
"34";"213";"VILLALACO";"CAMPOS"
"34";"214";"VILLALBA DE GUARDO";"GUARDO"
"34";"215";"VILLALCAZAR DE SIRGA";"CAMPOS"
"34";"216";"VILLALCON";"CAMPOS"
"34";"217";"VILLALOBON";"CAMPOS"
"34";"218";"VILLALUENGA DE LA VEGA";"SALDAÑA-VALDAVIA"
"34";"219";"VALLE DEL RETORTILLO";"CAMPOS"
"34";"220";"VILLAMARTIN DE CAMPOS";"CAMPOS"
"34";"221";"VILLAMEDIANA";"EL CERRATO"
"34";"222";"VILLAMERIEL";"BOEDO-OJEDA"
"34";"223";"VILLAMORONTA";"SALDAÑA-VALDAVIA"
"34";"224";"VILLAMUERA DE LA CUEZA";"CAMPOS"
"34";"225";"VILLAMURIEL DE CERRATO";"EL CERRATO"
"34";"228";"VILLANUEVA DEL REBOLLAR";"CAMPOS"
"34";"229";"VILLANUÑO DE VALDAVIA";"SALDAÑA-VALDAVIA"
"34";"230";"VILLAPROVEDO";"BOEDO-OJEDA"
"34";"231";"VILLARMENTERO DE CAMPOS";"CAMPOS"
"34";"232";"VILLARRABE";"SALDAÑA-VALDAVIA"
"34";"233";"VILLARRAMIEL";"CAMPOS"
"34";"234";"VILLASARRACINO";"CAMPOS"
"34";"235";"VILLASILA DE VALDAVIA";"SALDAÑA-VALDAVIA"
"34";"237";"VILLATURDE";"CAMPOS"
"34";"238";"VILLAUMBRALES";"CAMPOS"
"34";"239";"VILLAVIUDAS";"EL CERRATO"
"34";"241";"VILLERIAS DE CAMPOS";"CAMPOS"
"34";"242";"VILLODRE";"CAMPOS"
"34";"243";"VILLODRIGO";"EL CERRATO"
"34";"244";"VILLOLDO";"CAMPOS"
"34";"246";"VILLOTA DEL PARAMO";"SALDAÑA-VALDAVIA"
"34";"247";"VILLOVIECO";"CAMPOS"
"34";"900";"PALENCIA";"CAMPOS"
"35";"001";"AGAETE";"GRAN CANARIA"
"35";"002";"AGÜIMES";"GRAN CANARIA"
"35";"003";"ANTIGUA";"FUERTEVENTURA"
"35";"004";"ARRECIFE";"LANZAROTE"
"35";"005";"ARTENARA";"GRAN CANARIA"
"35";"006";"ARUCAS";"GRAN CANARIA"
"35";"007";"BETANCURIA";"FUERTEVENTURA"
"35";"008";"FIRGAS";"GRAN CANARIA"
"35";"009";"GÁLDAR";"GRAN CANARIA"
"35";"010";"SANTA MARÍA DE GUÍA";"GRAN CANARIA"
"35";"011";"HARÍA";"LANZAROTE"
"35";"012";"INGENIO";"GRAN CANARIA"
"35";"013";"MOGÁN";"GRAN CANARIA"
"35";"014";"MOYA";"GRAN CANARIA"
"35";"015";"LA OLIVA";"FUERTEVENTURA"
"35";"016";"PÁJARA";"FUERTEVENTURA"
"35";"017";"LAS PALMAS DE GRAN CANARIA";"GRAN CANARIA"
"35";"018";"PUERTO DEL ROSARIO";"FUERTEVENTURA"
"35";"019";"SAN BARTOLOMÉ";"LANZAROTE"
"35";"020";"SAN BARTOLOMÉ DE TIRAJANA";"GRAN CANARIA"
"35";"021";"LA ALDEA DE SAN NICOLAS";"GRAN CANARIA"
"35";"022";"SANTA BRÍGIDA";"GRAN CANARIA"
"35";"023";"SANTA LUCÍA DE TIRAJANA";"GRAN CANARIA"
"35";"024";"TEGUISE";"LANZAROTE"
"35";"025";"TEJEDA";"GRAN CANARIA"
"35";"026";"TELDE";"GRAN CANARIA"
"35";"027";"TEROR";"GRAN CANARIA"
"35";"028";"TÍAS";"LANZAROTE"
"35";"029";"TINAJO";"LANZAROTE"
"35";"030";"TUINEJE";"FUERTEVENTURA"
"35";"031";"VALSEQUILLO";"GRAN CANARIA"
"35";"032";"VALLESECO";"GRAN CANARIA"
"35";"033";"VEGA DE SAN MATEO";"GRAN CANARIA"
"35";"034";"YAIZA";"LANZAROTE"
"36";"001";"ARBO";"MIÑO"
"36";"002";"BARRO";"LITORAL"
"36";"003";"BAIONA";"LITORAL"
"36";"004";"BUEU";"LITORAL"
"36";"005";"CALDAS DE REIS";"LITORAL"
"36";"006";"CAMBADOS";"LITORAL"
"36";"007";"CAMPO LAMEIRO";"INTERIOR"
"36";"008";"CANGAS";"LITORAL"
"36";"009";"CAÑIZA (A)";"INTERIOR"
"36";"010";"CATOIRA";"LITORAL"
"36";"011";"CERDEDO";"MONTAÑA"
"36";"012";"COTOBADE";"INTERIOR"
"36";"013";"COVELO (O)";"INTERIOR"
"36";"014";"CRECENTE";"MIÑO"
"36";"015";"CUNTIS";"MONTAÑA"
"36";"016";"DOZON";"MONTAÑA"
"36";"017";"ESTRADA (A)";"MONTAÑA"
"36";"018";"FORCAREI";"MONTAÑA"
"36";"019";"FORNELOS DE MONTES";"INTERIOR"
"36";"020";"AGOLADA";"MONTAÑA"
"36";"021";"GONDOMAR";"LITORAL"
"36";"022";"GROVE (O)";"LITORAL"
"36";"023";"GUARDA (A)";"MIÑO"
"36";"024";"LALIN";"MONTAÑA"
"36";"025";"LAMA (A)";"INTERIOR"
"36";"026";"MARIN";"LITORAL"
"36";"027";"MEAÑO";"LITORAL"
"36";"028";"MEIS";"LITORAL"
"36";"029";"MOAÑA";"LITORAL"
"36";"030";"MONDARIZ";"MIÑO"
"36";"031";"MONDARIZ-BALNEARIO";"MIÑO"
"36";"032";"MORAÑA";"LITORAL"
"36";"033";"MOS";"LITORAL"
"36";"034";"NEVES (AS)";"MIÑO"
"36";"035";"NIGRAN";"LITORAL"
"36";"036";"OIA";"MIÑO"
"36";"037";"PAZOS DE BORBEN";"INTERIOR"
"36";"039";"PORRIÑO (O)";"LITORAL"
"36";"040";"PORTAS";"LITORAL"
"36";"041";"POIO";"LITORAL"
"36";"042";"PONTEAREAS";"MIÑO"
"36";"043";"PONTE-CALDELAS";"INTERIOR"
"36";"044";"PONTECESURES";"LITORAL"
"36";"045";"REDONDELA";"LITORAL"
"36";"046";"RIBADUMIA";"LITORAL"
"36";"047";"RODEIRO";"MONTAÑA"
"36";"048";"ROSAL (O)";"MIÑO"
"36";"049";"SALCEDA DE CASELAS";"MIÑO"
"36";"050";"SALVATERRA DE MIÑO";"MIÑO"
"36";"051";"SANXENXO";"LITORAL"
"36";"052";"SILLEDA";"MONTAÑA"
"36";"053";"SOUTOMAIOR";"LITORAL"
"36";"054";"TOMIÑO";"MIÑO"
"36";"055";"TUI";"MIÑO"
"36";"056";"VALGA";"LITORAL"
"36";"057";"VIGO";"LITORAL"
"36";"058";"VILABOA";"LITORAL"
"36";"059";"VILA DE CRUCES";"MONTAÑA"
"36";"060";"VILAGARCIA DE AROUSA";"LITORAL"
"36";"061";"VILANOVA DE AROUSA";"LITORAL"
"36";"062";"ILLA DE AROUSA (A)";"LITORAL"
"36";"900";"PONTEVEDRA";"LITORAL"
"37";"001";"ABUSEJO";"FUENTE DE SAN ESTEBAN"
"37";"002";"AGALLAS";"CIUDAD RODRIGO"
"37";"003";"AHIGAL DE LOS ACEITEROS";"VITIGUDINO"
"37";"004";"AHIGAL DE VILLARINO";"VITIGUDINO"
"37";"005";"ALAMEDA DE GARDON (LA)";"CIUDAD RODRIGO"
"37";"006";"ALAMEDILLA (LA)";"CIUDAD RODRIGO"
"37";"007";"ALARAZ";"PEÑARANDA DE BRACAMONTE"
"37";"008";"ALBA DE TORMES";"ALBA DE TORMES"
"37";"009";"ALBA DE YELTES";"CIUDAD RODRIGO"
"37";"010";"ALBERCA (LA)";"LA SIERRA"
"37";"011";"ALBERGUERIA DE ARGAÑAN (LA)";"CIUDAD RODRIGO"
"37";"012";"ALCONADA";"PEÑARANDA DE BRACAMONTE"
"37";"013";"ALDEACIPRESTE";"LA SIERRA"
"37";"014";"ALDEADAVILA DE LA RIBERA";"VITIGUDINO"
"37";"015";"ALDEA DEL OBISPO";"CIUDAD RODRIGO"
"37";"016";"ALDEALENGUA";"SALAMANCA"
"37";"017";"ALDEANUEVA DE FIGUEROA";"SALAMANCA"
"37";"018";"ALDEANUEVA DE LA SIERRA";"LA SIERRA"
"37";"019";"ALDEARRODRIGO";"LEDESMA"
"37";"020";"ALDEARRUBIA";"SALAMANCA"
"37";"021";"ALDEASECA DE ALBA";"ALBA DE TORMES"
"37";"022";"ALDEASECA DE LA FRONTERA";"PEÑARANDA DE BRACAMONTE"
"37";"023";"ALDEATEJADA";"SALAMANCA"
"37";"024";"ALDEAVIEJA DE TORMES";"ALBA DE TORMES"
"37";"025";"ALDEHUELA DE LA BOVEDA";"FUENTE DE SAN ESTEBAN"
"37";"026";"ALDEHUELA DE YELTES";"FUENTE DE SAN ESTEBAN"
"37";"027";"ALMENARA DE TORMES";"LEDESMA"
"37";"028";"ALMENDRA";"VITIGUDINO"
"37";"029";"ANAYA DE ALBA";"ALBA DE TORMES"
"37";"030";"AÑOVER DE TORMES";"LEDESMA"
"37";"031";"ARABAYONA DE MOGICA";"SALAMANCA"
"37";"032";"ARAPILES";"SALAMANCA"
"37";"033";"ARCEDIANO";"SALAMANCA"
"37";"034";"ARCO (EL)";"LEDESMA"
"37";"035";"ARMENTEROS";"ALBA DE TORMES"
"37";"036";"SAN MIGUEL DEL ROBLEDO";"LA SIERRA"
"37";"037";"ATALAYA (LA)";"CIUDAD RODRIGO"
"37";"038";"BABILAFUENTE";"SALAMANCA"
"37";"039";"BAÑOBAREZ";"VITIGUDINO"
"37";"040";"BARBADILLO";"SALAMANCA"
"37";"041";"BARBALOS";"FUENTE DE SAN ESTEBAN"
"37";"042";"BARCEO";"VITIGUDINO"
"37";"044";"BARRUECOPARDO";"VITIGUDINO"
"37";"045";"BASTIDA (LA)";"LA SIERRA"
"37";"046";"BEJAR";"LA SIERRA"
"37";"047";"BELEÑA";"ALBA DE TORMES"
"37";"049";"BERMELLAR";"VITIGUDINO"
"37";"050";"BERROCAL DE HUEBRA";"FUENTE DE SAN ESTEBAN"
"37";"051";"BERROCAL DE SALVATIERRA";"ALBA DE TORMES"
"37";"052";"BOADA";"FUENTE DE SAN ESTEBAN"
"37";"054";"BODON (EL)";"CIUDAD RODRIGO"
"37";"055";"BOGAJO";"VITIGUDINO"
"37";"056";"BOUZA (LA)";"CIUDAD RODRIGO"
"37";"057";"BOVEDA DEL RIO ALMAR";"PEÑARANDA DE BRACAMONTE"
"37";"058";"BRINCONES";"VITIGUDINO"
"37";"059";"BUENAMADRE";"FUENTE DE SAN ESTEBAN"
"37";"060";"BUENAVISTA";"ALBA DE TORMES"
"37";"061";"CABACO (EL)";"LA SIERRA"
"37";"062";"CABEZABELLOSA DE LA CALZADA";"SALAMANCA"
"37";"063";"CABEZA DE BEJAR (LA)";"LA SIERRA"
"37";"065";"CABEZA DEL CABALLO";"VITIGUDINO"
"37";"067";"CABRERIZOS";"SALAMANCA"
"37";"068";"CABRILLAS";"FUENTE DE SAN ESTEBAN"
"37";"069";"CALVARRASA DE ABAJO";"SALAMANCA"
"37";"070";"CALVARRASA DE ARRIBA";"ALBA DE TORMES"
"37";"071";"CALZADA DE BEJAR (LA)";"LA SIERRA"
"37";"072";"CALZADA DE DON DIEGO";"SALAMANCA"
"37";"073";"CALZADA DE VALDUNCIEL";"SALAMANCA"
"37";"074";"CAMPILLO DE AZABA";"CIUDAD RODRIGO"
"37";"077";"CAMPO DE PEÑARANDA (EL)";"PEÑARANDA DE BRACAMONTE"
"37";"078";"CANDELARIO";"LA SIERRA"
"37";"079";"CANILLAS DE ABAJO";"SALAMANCA"
"37";"080";"CANTAGALLO";"LA SIERRA"
"37";"081";"CANTALAPIEDRA";"PEÑARANDA DE BRACAMONTE"
"37";"082";"CANTALPINO";"PEÑARANDA DE BRACAMONTE"
"37";"083";"CANTARACILLO";"PEÑARANDA DE BRACAMONTE"
"37";"085";"CARBAJOSA DE LA SAGRADA";"SALAMANCA"
"37";"086";"CARPIO DE AZABA";"CIUDAD RODRIGO"
"37";"087";"CARRASCAL DE BARREGAS";"SALAMANCA"
"37";"088";"CARRASCAL DEL OBISPO";"FUENTE DE SAN ESTEBAN"
"37";"089";"CASAFRANCA";"ALBA DE TORMES"
"37";"090";"CASAS DEL CONDE (LAS)";"LA SIERRA"
"37";"091";"CASILLAS DE FLORES";"CIUDAD RODRIGO"
"37";"092";"CASTELLANOS DE MORISCOS";"SALAMANCA"
"37";"096";"CASTILLEJO DE MARTIN VIEJO";"CIUDAD RODRIGO"
"37";"097";"CASTRAZ";"FUENTE DE SAN ESTEBAN"
"37";"098";"CEPEDA";"LA SIERRA"
"37";"099";"CERECEDA DE LA SIERRA";"LA SIERRA"
"37";"100";"CEREZAL DE PEÑAHORCADA";"VITIGUDINO"
"37";"101";"CERRALBO";"VITIGUDINO"
"37";"102";"CERRO (EL)";"LA SIERRA"
"37";"103";"CESPEDOSA DE TORMES";"ALBA DE TORMES"
"37";"104";"CILLEROS DE LA BASTIDA";"LA SIERRA"
"37";"106";"CIPEREZ";"VITIGUDINO"
"37";"107";"CIUDAD RODRIGO";"CIUDAD RODRIGO"
"37";"108";"COCA DE ALBA";"ALBA DE TORMES"
"37";"109";"COLMENAR DE MONTEMAYOR";"LA SIERRA"
"37";"110";"CORDOVILLA";"SALAMANCA"
"37";"112";"CRISTOBAL";"LA SIERRA"
"37";"113";"CUBO DE DON SANCHO (EL)";"VITIGUDINO"
"37";"114";"CHAGARCIA MEDIANERO";"ALBA DE TORMES"
"37";"115";"DIOS LE GUARDE";"CIUDAD RODRIGO"
"37";"116";"DOÑINOS DE LEDESMA";"LEDESMA"
"37";"117";"DOÑINOS DE SALAMANCA";"SALAMANCA"
"37";"118";"EJEME";"ALBA DE TORMES"
"37";"119";"ENCINA (LA)";"CIUDAD RODRIGO"
"37";"120";"ENCINA DE SAN SILVESTRE";"LEDESMA"
"37";"121";"ENCINAS DE ABAJO";"SALAMANCA"
"37";"122";"ENCINAS DE ARRIBA";"ALBA DE TORMES"
"37";"123";"ENCINASOLA DE LOS COMENDADORES";"VITIGUDINO"
"37";"124";"ENDRINAL";"LA SIERRA"
"37";"125";"ESCURIAL DE LA SIERRA";"LA SIERRA"
"37";"126";"ESPADAÑA";"VITIGUDINO"
"37";"127";"ESPEJA";"CIUDAD RODRIGO"
"37";"128";"ESPINO DE LA ORBADA";"SALAMANCA"
"37";"129";"FLORIDA DE LIEBANA";"SALAMANCA"
"37";"130";"FORFOLEDA";"SALAMANCA"
"37";"131";"FRADES DE LA SIERRA";"LA SIERRA"
"37";"132";"FREGENEDA (LA)";"VITIGUDINO"
"37";"133";"FRESNEDOSO";"LA SIERRA"
"37";"134";"FRESNO ALHANDIGA";"ALBA DE TORMES"
"37";"135";"FUENTE DE SAN ESTEBAN (LA)";"FUENTE DE SAN ESTEBAN"
"37";"136";"FUENTEGUINALDO";"CIUDAD RODRIGO"
"37";"137";"FUENTELIANTE";"VITIGUDINO"
"37";"138";"FUENTERROBLE DE SALVATIERRA";"ALBA DE TORMES"
"37";"139";"FUENTES DE BEJAR";"ALBA DE TORMES"
"37";"140";"FUENTES DE OÑORO";"CIUDAD RODRIGO"
"37";"141";"GAJATES";"ALBA DE TORMES"
"37";"142";"GALINDO Y PERAHUY";"SALAMANCA"
"37";"143";"GALINDUSTE";"ALBA DE TORMES"
"37";"144";"GALISANCHO";"ALBA DE TORMES"
"37";"145";"GALLEGOS DE ARGAÑAN";"CIUDAD RODRIGO"
"37";"146";"GALLEGOS DE SOLMIRON";"ALBA DE TORMES"
"37";"147";"GARCIBUEY";"LA SIERRA"
"37";"148";"GARCIHERNANDEZ";"ALBA DE TORMES"
"37";"149";"GARCIRREY";"FUENTE DE SAN ESTEBAN"
"37";"151";"GEJUELO DEL BARRO";"LEDESMA"
"37";"152";"GOLPEJAS";"LEDESMA"
"37";"153";"GOMECELLO";"SALAMANCA"
"37";"155";"GUADRAMIRO";"VITIGUDINO"
"37";"156";"GUIJO DE AVILA";"ALBA DE TORMES"
"37";"157";"GUIJUELO";"ALBA DE TORMES"
"37";"158";"HERGUIJUELA DE CIUDAD RODRIGO";"CIUDAD RODRIGO"
"37";"159";"HERGUIJUELA DE LA SIERRA";"LA SIERRA"
"37";"160";"HERGUIJUELA DEL CAMPO";"LA SIERRA"
"37";"161";"HINOJOSA DE DUERO";"VITIGUDINO"
"37";"162";"HORCAJO DE MONTEMAYOR";"LA SIERRA"
"37";"163";"HORCAJO MEDIANERO";"ALBA DE TORMES"
"37";"164";"HOYA (LA)";"LA SIERRA"
"37";"165";"HUERTA";"SALAMANCA"
"37";"166";"IRUELOS";"VITIGUDINO"
"37";"167";"ITUERO DE AZABA";"CIUDAD RODRIGO"
"37";"168";"JUZBADO";"LEDESMA"
"37";"169";"LAGUNILLA";"LA SIERRA"
"37";"170";"LARRODRIGO";"ALBA DE TORMES"
"37";"171";"LEDESMA";"LEDESMA"
"37";"172";"LEDRADA";"LA SIERRA"
"37";"173";"LINARES DE RIOFRIO";"LA SIERRA"
"37";"174";"LUMBRALES";"VITIGUDINO"
"37";"175";"MACOTERA";"PEÑARANDA DE BRACAMONTE"
"37";"176";"MACHACON";"SALAMANCA"
"37";"177";"MADROÑAL";"LA SIERRA"
"37";"178";"MAILLO (EL)";"CIUDAD RODRIGO"
"37";"179";"MALPARTIDA";"PEÑARANDA DE BRACAMONTE"
"37";"180";"MANCERA DE ABAJO";"PEÑARANDA DE BRACAMONTE"
"37";"181";"MANZANO (EL)";"VITIGUDINO"
"37";"182";"MARTIAGO";"CIUDAD RODRIGO"
"37";"183";"MARTINAMOR";"ALBA DE TORMES"
"37";"184";"MARTIN DE YELTES";"FUENTE DE SAN ESTEBAN"
"37";"185";"MASUECO";"VITIGUDINO"
"37";"186";"CASTELLANOS DE VILLIQUERA";"SALAMANCA"
"37";"187";"MATA DE LEDESMA (LA)";"LEDESMA"
"37";"188";"MATILLA DE LOS CAÑOS DEL RIO";"FUENTE DE SAN ESTEBAN"
"37";"189";"MAYA (LA)";"ALBA DE TORMES"
"37";"190";"MEMBRIBE DE LA SIERRA";"FUENTE DE SAN ESTEBAN"
"37";"191";"MIEZA";"VITIGUDINO"
"37";"192";"MILANO (EL)";"VITIGUDINO"
"37";"193";"MIRANDA DE AZAN";"SALAMANCA"
"37";"194";"MIRANDA DEL CASTAÑAR";"LA SIERRA"
"37";"195";"MOGARRAZ";"LA SIERRA"
"37";"196";"MOLINILLO";"LA SIERRA"
"37";"197";"MONFORTE DE LA SIERRA";"LA SIERRA"
"37";"198";"MONLEON";"LA SIERRA"
"37";"199";"MONLERAS";"LEDESMA"
"37";"200";"MONSAGRO";"CIUDAD RODRIGO"
"37";"201";"MONTEJO";"ALBA DE TORMES"
"37";"202";"MONTEMAYOR DEL RIO";"LA SIERRA"
"37";"203";"MONTERRUBIO DE ARMUÑA";"SALAMANCA"
"37";"204";"MONTERRUBIO DE LA SIERRA";"ALBA DE TORMES"
"37";"205";"MORASVERDES";"CIUDAD RODRIGO"
"37";"206";"MORILLE";"FUENTE DE SAN ESTEBAN"
"37";"207";"MORIÑIGO";"SALAMANCA"
"37";"208";"MORISCOS";"SALAMANCA"
"37";"209";"MORONTA";"VITIGUDINO"
"37";"210";"MOZARBEZ";"SALAMANCA"
"37";"212";"NARROS DE MATALAYEGUA";"FUENTE DE SAN ESTEBAN"
"37";"213";"NAVACARROS";"LA SIERRA"
"37";"214";"NAVA DE BEJAR";"ALBA DE TORMES"
"37";"215";"NAVA DE FRANCIA";"LA SIERRA"
"37";"216";"NAVA DE SOTROBAL";"PEÑARANDA DE BRACAMONTE"
"37";"217";"NAVALES";"ALBA DE TORMES"
"37";"218";"NAVALMORAL DE BEJAR";"LA SIERRA"
"37";"219";"NAVAMORALES";"LA SIERRA"
"37";"220";"NAVARREDONDA DE LA RINCONADA";"LA SIERRA"
"37";"222";"NAVASFRIAS";"CIUDAD RODRIGO"
"37";"223";"NEGRILLA DE PALENCIA";"SALAMANCA"
"37";"224";"OLMEDO DE CAMACES";"VITIGUDINO"
"37";"225";"ORBADA (LA)";"SALAMANCA"
"37";"226";"PAJARES DE LA LAGUNA";"SALAMANCA"
"37";"227";"PALACIOS DEL ARZOBISPO";"LEDESMA"
"37";"229";"PALACIOSRUBIOS";"PEÑARANDA DE BRACAMONTE"
"37";"230";"PALENCIA DE NEGRILLA";"SALAMANCA"
"37";"232";"PARADA DE ARRIBA";"SALAMANCA"
"37";"233";"PARADA DE RUBIALES";"SALAMANCA"
"37";"234";"PARADINAS DE SAN JUAN";"PEÑARANDA DE BRACAMONTE"
"37";"235";"PASTORES";"CIUDAD RODRIGO"
"37";"236";"PAYO (EL)";"CIUDAD RODRIGO"
"37";"237";"PEDRAZA DE ALBA";"ALBA DE TORMES"
"37";"238";"PEDROSILLO DE ALBA";"ALBA DE TORMES"
"37";"239";"PEDROSILLO DE LOS AIRES";"ALBA DE TORMES"
"37";"240";"PEDROSILLO EL RALO";"SALAMANCA"
"37";"241";"PEDROSO DE LA ARMUÑA (EL)";"SALAMANCA"
"37";"242";"PELABRAVO";"SALAMANCA"
"37";"243";"PELARRODRIGUEZ";"FUENTE DE SAN ESTEBAN"
"37";"244";"PELAYOS";"ALBA DE TORMES"
"37";"245";"PEÑA (LA)";"VITIGUDINO"
"37";"246";"PEÑACABALLERA";"LA SIERRA"
"37";"247";"PEÑAPARDA";"CIUDAD RODRIGO"
"37";"248";"PEÑARANDA DE BRACAMONTE";"PEÑARANDA DE BRACAMONTE"
"37";"249";"PEÑARANDILLA";"ALBA DE TORMES"
"37";"250";"PERALEJOS DE ABAJO";"VITIGUDINO"
"37";"251";"PERALEJOS DE ARRIBA";"VITIGUDINO"
"37";"252";"PEREÑA DE LA RIBERA";"VITIGUDINO"
"37";"253";"PEROMINGO";"LA SIERRA"
"37";"254";"PINEDAS";"LA SIERRA"
"37";"255";"PINO DE TORMES (EL)";"SALAMANCA"
"37";"256";"PITIEGUA";"SALAMANCA"
"37";"257";"PIZARRAL";"ALBA DE TORMES"
"37";"258";"POVEDA DE LAS CINTAS";"PEÑARANDA DE BRACAMONTE"
"37";"259";"POZOS DE HINOJO";"VITIGUDINO"
"37";"260";"PUEBLA DE AZABA";"CIUDAD RODRIGO"
"37";"261";"PUEBLA DE SAN MEDEL";"LA SIERRA"
"37";"262";"PUEBLA DE YELTES";"FUENTE DE SAN ESTEBAN"
"37";"263";"PUENTE DEL CONGOSTO";"LA SIERRA"
"37";"264";"PUERTAS";"VITIGUDINO"
"37";"265";"PUERTO DE BEJAR";"LA SIERRA"
"37";"266";"PUERTO SEGURO";"CIUDAD RODRIGO"
"37";"267";"RAGAMA";"PEÑARANDA DE BRACAMONTE"
"37";"268";"REDONDA (LA)";"VITIGUDINO"
"37";"269";"RETORTILLO";"FUENTE DE SAN ESTEBAN"
"37";"270";"RINCONADA DE LA SIERRA (LA)";"LA SIERRA"
"37";"271";"ROBLEDA";"CIUDAD RODRIGO"
"37";"272";"ROBLIZA DE COJOS";"FUENTE DE SAN ESTEBAN"
"37";"273";"ROLLAN";"LEDESMA"
"37";"274";"SAELICES EL CHICO";"CIUDAD RODRIGO"
"37";"275";"SAGRADA (LA)";"FUENTE DE SAN ESTEBAN"
"37";"277";"SALDEANA";"VITIGUDINO"
"37";"278";"SALMORAL";"PEÑARANDA DE BRACAMONTE"
"37";"279";"SALVATIERRA DE TORMES";"ALBA DE TORMES"
"37";"280";"SAN CRISTOBAL DE LA CUESTA";"SALAMANCA"
"37";"281";"SANCTI-SPIRITUS";"CIUDAD RODRIGO"
"37";"282";"SANCHON DE LA RIBERA";"VITIGUDINO"
"37";"283";"SANCHON DE LA SAGRADA";"FUENTE DE SAN ESTEBAN"
"37";"284";"SANCHOTELLO";"LA SIERRA"
"37";"285";"SANDO";"LEDESMA"
"37";"286";"SAN ESTEBAN DE LA SIERRA";"LA SIERRA"
"37";"287";"SAN FELICES DE LOS GALLEGOS";"VITIGUDINO"
"37";"288";"SAN MARTIN DEL CASTAÑAR";"LA SIERRA"
"37";"289";"SAN MIGUEL DE VALERO";"LA SIERRA"
"37";"290";"SAN MORALES";"SALAMANCA"
"37";"291";"SAN MUÑOZ";"FUENTE DE SAN ESTEBAN"
"37";"292";"SAN PEDRO DEL VALLE";"LEDESMA"
"37";"293";"SAN PEDRO DE ROZADOS";"FUENTE DE SAN ESTEBAN"
"37";"294";"SAN PELAYO DE GUAREÑA";"LEDESMA"
"37";"295";"SANTA MARIA DE SANDO";"LEDESMA"
"37";"296";"SANTA MARTA DE TORMES";"SALAMANCA"
"37";"298";"SANTIAGO DE LA PUEBLA";"PEÑARANDA DE BRACAMONTE"
"37";"299";"SANTIBAÑEZ DE BEJAR";"LA SIERRA"
"37";"300";"SANTIBAÑEZ DE LA SIERRA";"LA SIERRA"
"37";"301";"SANTIZ";"LEDESMA"
"37";"302";"SANTOS (LOS)";"LA SIERRA"
"37";"303";"SARDON DE LOS FRAILES";"LEDESMA"
"37";"304";"SAUCELLE";"VITIGUDINO"
"37";"305";"SAHUGO (EL)";"CIUDAD RODRIGO"
"37";"306";"SEPULCRO-HILARIO";"FUENTE DE SAN ESTEBAN"
"37";"307";"SEQUEROS";"LA SIERRA"
"37";"308";"SERRADILLA DEL ARROYO";"CIUDAD RODRIGO"
"37";"309";"SERRADILLA DEL LLANO";"CIUDAD RODRIGO"
"37";"311";"SIERPE (LA)";"LA SIERRA"
"37";"312";"SIETEIGLESIAS DE TORMES";"ALBA DE TORMES"
"37";"313";"SOBRADILLO";"VITIGUDINO"
"37";"314";"SORIHUELA";"LA SIERRA"
"37";"315";"SOTOSERRANO";"LA SIERRA"
"37";"316";"TABERA DE ABAJO";"LEDESMA"
"37";"317";"TALA (LA)";"ALBA DE TORMES"
"37";"318";"TAMAMES";"FUENTE DE SAN ESTEBAN"
"37";"319";"TARAZONA DE GUAREÑA";"PEÑARANDA DE BRACAMONTE"
"37";"320";"TARDAGUILA";"SALAMANCA"
"37";"321";"TEJADO (EL)";"LA SIERRA"
"37";"323";"TEJEDA Y SEGOYUELA";"LA SIERRA"
"37";"324";"TENEBRON";"CIUDAD RODRIGO"
"37";"325";"TERRADILLOS";"ALBA DE TORMES"
"37";"326";"TOPAS";"SALAMANCA"
"37";"327";"TORDILLOS";"PEÑARANDA DE BRACAMONTE"
"37";"328";"TORNADIZO (EL)";"LA SIERRA"
"37";"330";"TORRESMENUDAS";"SALAMANCA"
"37";"331";"TRABANCA";"VITIGUDINO"
"37";"332";"TREMEDAL DE TORMES";"LEDESMA"
"37";"333";"VALDECARROS";"ALBA DE TORMES"
"37";"334";"VALDEFUENTES DE SANGUSIN";"LA SIERRA"
"37";"335";"VALDEHIJADEROS";"LA SIERRA"
"37";"336";"VALDELACASA";"LA SIERRA"
"37";"337";"VALDELAGEVE";"LA SIERRA"
"37";"338";"VALDELOSA";"LEDESMA"
"37";"339";"VALDEMIERQUE";"ALBA DE TORMES"
"37";"340";"VALDERRODRIGO";"VITIGUDINO"
"37";"341";"VALDUNCIEL";"SALAMANCA"
"37";"342";"VALERO";"LA SIERRA"
"37";"343";"VALSALABROSO";"VITIGUDINO"
"37";"344";"VALVERDE DE VALDELACASA";"LA SIERRA"
"37";"345";"VALVERDON";"SALAMANCA"
"37";"346";"VALLEJERA DE RIOFRIO";"LA SIERRA"
"37";"347";"VECINOS";"FUENTE DE SAN ESTEBAN"
"37";"348";"VEGA DE TIRADOS";"LEDESMA"
"37";"349";"VEGUILLAS (LAS)";"FUENTE DE SAN ESTEBAN"
"37";"350";"VELLES (LA)";"SALAMANCA"
"37";"351";"VENTOSA DEL RIO ALMAR";"PEÑARANDA DE BRACAMONTE"
"37";"352";"VIDOLA (LA)";"VITIGUDINO"
"37";"353";"VILVESTRE";"VITIGUDINO"
"37";"354";"VILLAFLORES";"PEÑARANDA DE BRACAMONTE"
"37";"355";"VILLAGONZALO DE TORMES";"SALAMANCA"
"37";"356";"VILLALBA DE LOS LLANOS";"FUENTE DE SAN ESTEBAN"
"37";"357";"VILLAMAYOR";"SALAMANCA"
"37";"358";"VILLANUEVA DEL CONDE";"LA SIERRA"
"37";"359";"VILLAR DE ARGAÑAN";"CIUDAD RODRIGO"
"37";"360";"VILLAR DE CIERVO";"CIUDAD RODRIGO"
"37";"361";"VILLAR DE GALLIMAZO";"PEÑARANDA DE BRACAMONTE"
"37";"362";"VILLAR DE LA YEGUA";"CIUDAD RODRIGO"
"37";"363";"VILLAR DE PERALONSO";"VITIGUDINO"
"37";"364";"VILLAR DE SAMANIEGO";"VITIGUDINO"
"37";"365";"VILLARES DE LA REINA";"SALAMANCA"
"37";"366";"VILLARES DE YELTES";"VITIGUDINO"
"37";"367";"VILLARINO DE LOS AIRES";"VITIGUDINO"
"37";"368";"VILLARMAYOR";"LEDESMA"
"37";"369";"VILLARMUERTO";"VITIGUDINO"
"37";"370";"VILLASBUENAS";"VITIGUDINO"
"37";"371";"VILLASDARDO";"LEDESMA"
"37";"372";"VILLASECO DE LOS GAMITOS";"LEDESMA"
"37";"373";"VILLASECO DE LOS REYES";"LEDESMA"
"37";"374";"VILLASRUBIAS";"CIUDAD RODRIGO"
"37";"375";"VILLAVERDE DE GUAREÑA";"SALAMANCA"
"37";"376";"VILLAVIEJA DE YELTES";"VITIGUDINO"
"37";"377";"VILLORIA";"PEÑARANDA DE BRACAMONTE"
"37";"378";"VILLORUELA";"SALAMANCA"
"37";"379";"VITIGUDINO";"VITIGUDINO"
"37";"380";"YECLA DE YELTES";"VITIGUDINO"
"37";"381";"ZAMARRA";"CIUDAD RODRIGO"
"37";"382";"ZAMAYON";"LEDESMA"
"37";"383";"ZARAPICOS";"LEDESMA"
"37";"384";"ZARZA DE PUMAREDA (LA)";"VITIGUDINO"
"37";"385";"ZORITA DE LA FRONTERA";"PEÑARANDA DE BRACAMONTE"
"37";"900";"SALAMANCA";"SALAMANCA"
"37";"901";"SALAMANCA(Código Antiguo)";"SALAMANCA"
"38";"001";"ADEJE";"SUR DE TENERIFE"
"38";"002";"AGULO";"ISLA DE LA GOMERA"
"38";"003";"ALAJERÓ";"ISLA DE LA GOMERA"
"38";"004";"ARAFO";"SUR DE TENERIFE"
"38";"005";"ARICO";"SUR DE TENERIFE"
"38";"006";"ARONA";"SUR DE TENERIFE"
"38";"007";"BARLOVENTO";"ISLA DE LA PALMA"
"38";"008";"BREÑA ALTA";"ISLA DE LA PALMA"
"38";"009";"BREÑA BAJA";"ISLA DE LA PALMA"
"38";"010";"BUENAVISTA DEL NORTE";"NORTE DE TENERIFE"
"38";"011";"CANDELARIA";"SUR DE TENERIFE"
"38";"012";"FASNIA";"SUR DE TENERIFE"
"38";"013";"FRONTERA";"ISLA DE HIERRO"
"38";"014";"FUENCALIENTE DE LA PALMA";"ISLA DE LA PALMA"
"38";"015";"GARACHICO";"NORTE DE TENERIFE"
"38";"016";"GARAFÍA";"ISLA DE LA PALMA"
"38";"017";"GRANADILLA DE ABONA";"SUR DE TENERIFE"
"38";"018";"LA GUANCHA";"NORTE DE TENERIFE"
"38";"019";"GUIA DE ISORA";"SUR DE TENERIFE"
"38";"020";"GÜÍMAR";"SUR DE TENERIFE"
"38";"021";"HERMIGUA";"ISLA DE LA GOMERA"
"38";"022";"ICOD DE LOS VINOS";"NORTE DE TENERIFE"
"38";"023";"LA LAGUNA";"NORTE DE TENERIFE"
"38";"024";"LOS LLANOS DE ARIDANE";"ISLA DE LA PALMA"
"38";"025";"LA MATANZA DE ACENTEJO";"NORTE DE TENERIFE"
"38";"026";"LA OROTAVA";"NORTE DE TENERIFE"
"38";"027";"EL PASO";"ISLA DE LA PALMA"
"38";"028";"PUERTO DE LA CRUZ";"NORTE DE TENERIFE"
"38";"029";"PUNTAGORDA";"ISLA DE LA PALMA"
"38";"030";"PUNTALLANA";"ISLA DE LA PALMA"
"38";"031";"LOS REALEJOS";"NORTE DE TENERIFE"
"38";"032";"EL ROSARIO";"SUR DE TENERIFE"
"38";"033";"SAN ANDRÉS Y SAUCES";"ISLA DE LA PALMA"
"38";"034";"SAN JUAN DE LA RAMBLA";"NORTE DE TENERIFE"
"38";"035";"SAN MIGUEL";"SUR DE TENERIFE"
"38";"036";"SAN SEBASTIÁN DE LA GOMERA";"ISLA DE LA GOMERA"
"38";"037";"SANTA CRUZ DE LA PALMA";"ISLA DE LA PALMA"
"38";"038";"SANTA CRUZ DE TENERIFE(Código Antiguo)";"SUR DE TENERIFE"
"38";"039";"SANTA ÚRSULA";"NORTE DE TENERIFE"
"38";"040";"SANTIAGO DEL TEIDE";"SUR DE TENERIFE"
"38";"041";"EL SAUZAL";"NORTE DE TENERIFE"
"38";"042";"LOS SILOS";"NORTE DE TENERIFE"
"38";"043";"TACORONTE";"NORTE DE TENERIFE"
"38";"044";"EL TANQUE";"NORTE DE TENERIFE"
"38";"045";"TAZACORTE";"ISLA DE LA PALMA"
"38";"046";"TEGUESTE";"NORTE DE TENERIFE"
"38";"047";"TIJARAFE";"ISLA DE LA PALMA"
"38";"048";"VALVERDE";"ISLA DE HIERRO"
"38";"049";"VALLE GRAN REY";"ISLA DE LA GOMERA"
"38";"050";"VALLEHERMOSO";"ISLA DE LA GOMERA"
"38";"051";"LA VICTORIA DE ACENTEJO";"NORTE DE TENERIFE"
"38";"052";"VILAFLOR DE CHASNA";"SUR DE TENERIFE"
"38";"053";"VILLA DE MAZO";"ISLA DE LA PALMA"
"38";"054";"EL PINAR DE EL HIERRO";"ISLA DE HIERRO"
"38";"900";"SANTA CRUZ DE TENERIFE";"SUR DE TENERIFE"
"39";"001";"ALFOZ DE LLOREDO";"COSTERA"
"39";"002";"AMPUERO";"COSTERA"
"39";"003";"ANIEVAS";"PAS-IGUÑA"
"39";"004";"ARENAS DE IGUÑA";"PAS-IGUÑA"
"39";"005";"ARGOÑOS";"COSTERA"
"39";"006";"ARNUERO";"COSTERA"
"39";"007";"ARREDONDO";"ASON"
"39";"008";"ASTILLERO (EL)";"COSTERA"
"39";"009";"BARCENA DE CICERO";"COSTERA"
"39";"010";"BARCENA DE PIE DE CONCHA";"PAS-IGUÑA"
"39";"011";"BAREYO";"COSTERA"
"39";"012";"CABEZON DE LA SAL";"COSTERA"
"39";"013";"CABEZON DE LIEBANA";"LIEBANA"
"39";"014";"CABUERNIGA";"TUDANCA-CABUERNIGA"
"39";"015";"CAMALEÑO";"LIEBANA"
"39";"016";"CAMARGO";"COSTERA"
"39";"017";"CAMPOO DE YUSO";"REINOSA"
"39";"018";"CARTES";"COSTERA"
"39";"019";"CASTAÑEDA";"COSTERA"
"39";"020";"CASTRO-URDIALES";"COSTERA"
"39";"021";"CIEZA";"PAS-IGUÑA"
"39";"022";"CILLORIGO DE LIEBANA";"LIEBANA"
"39";"023";"COLINDRES";"COSTERA"
"39";"024";"COMILLAS";"COSTERA"
"39";"025";"CORRALES DE BUELNA (LOS)";"PAS-IGUÑA"
"39";"026";"CORVERA DE TORANZO";"PAS-IGUÑA"
"39";"027";"CAMPOO DE ENMEDIO";"REINOSA"
"39";"028";"ENTRAMBASAGUAS";"COSTERA"
"39";"029";"ESCALANTE";"COSTERA"
"39";"030";"GURIEZO";"COSTERA"
"39";"031";"HAZAS DE CESTO";"COSTERA"
"39";"032";"HERMANDAD DE CAMPOO DE SUSO";"REINOSA"
"39";"033";"HERRERIAS";"COSTERA"
"39";"034";"LAMASON";"TUDANCA-CABUERNIGA"
"39";"035";"LAREDO";"COSTERA"
"39";"036";"LIENDO";"COSTERA"
"39";"037";"LIERGANES";"COSTERA"
"39";"038";"LIMPIAS";"COSTERA"
"39";"039";"LUENA";"PAS-IGUÑA"
"39";"040";"MARINA DE CUDEYO";"COSTERA"
"39";"041";"MAZCUERRAS";"COSTERA"
"39";"042";"MEDIO CUDEYO";"COSTERA"
"39";"043";"MERUELO";"COSTERA"
"39";"044";"MIENGO";"COSTERA"
"39";"045";"MIERA";"PAS-IGUÑA"
"39";"046";"MOLLEDO";"PAS-IGUÑA"
"39";"047";"NOJA";"COSTERA"
"39";"048";"PENAGOS";"COSTERA"
"39";"049";"PEÑARRUBIA";"TUDANCA-CABUERNIGA"
"39";"050";"PESAGUERO";"LIEBANA"
"39";"051";"PESQUERA";"REINOSA"
"39";"052";"PIELAGOS";"COSTERA"
"39";"053";"POLACIONES";"TUDANCA-CABUERNIGA"
"39";"054";"POLANCO";"COSTERA"
"39";"055";"POTES";"LIEBANA"
"39";"056";"PUENTE VIESGO";"COSTERA"
"39";"057";"RAMALES DE LA VICTORIA";"ASON"
"39";"058";"RASINES";"ASON"
"39";"059";"REINOSA";"REINOSA"
"39";"060";"REOCIN";"COSTERA"
"39";"061";"RIBAMONTAN AL MAR";"COSTERA"
"39";"062";"RIBAMONTAN AL MONTE";"COSTERA"
"39";"063";"RIONANSA";"TUDANCA-CABUERNIGA"
"39";"064";"RIOTUERTO";"COSTERA"
"39";"065";"ROZAS DE VALDEARROYO (LAS)";"REINOSA"
"39";"066";"RUENTE";"TUDANCA-CABUERNIGA"
"39";"067";"RUESGA";"ASON"
"39";"068";"RUILOBA";"COSTERA"
"39";"069";"SAN FELICES DE BUELNA";"PAS-IGUÑA"
"39";"070";"SAN MIGUEL DE AGUAYO";"REINOSA"
"39";"071";"SAN PEDRO DEL ROMERAL";"PAS-IGUÑA"
"39";"072";"SAN ROQUE DE RIOMIERA";"PAS-IGUÑA"
"39";"073";"SANTA CRUZ DE BEZANA";"COSTERA"
"39";"074";"SANTA MARIA DE CAYON";"COSTERA"
"39";"076";"SANTILLANA DEL MAR";"COSTERA"
"39";"077";"SANTIURDE DE REINOSA";"REINOSA"
"39";"078";"SANTIURDE DE TORANZO";"PAS-IGUÑA"
"39";"079";"SANTOÑA";"COSTERA"
"39";"080";"SAN VICENTE DE LA BARQUERA";"COSTERA"
"39";"081";"SARO";"PAS-IGUÑA"
"39";"082";"SELAYA";"PAS-IGUÑA"
"39";"083";"SOBA";"ASON"
"39";"084";"SOLORZANO";"COSTERA"
"39";"085";"SUANCES";"COSTERA"
"39";"086";"TOJOS (LOS)";"TUDANCA-CABUERNIGA"
"39";"087";"TORRELAVEGA";"COSTERA"
"39";"088";"TRESVISO";"LIEBANA"
"39";"089";"TUDANCA";"TUDANCA-CABUERNIGA"
"39";"090";"UDIAS";"COSTERA"
"39";"091";"VALDALIGA";"COSTERA"
"39";"092";"VALDEOLEA";"REINOSA"
"39";"093";"VALDEPRADO DEL RIO";"REINOSA"
"39";"094";"VALDERREDIBLE";"REINOSA"
"39";"095";"VAL DE SAN VICENTE";"COSTERA"
"39";"096";"VEGA DE LIEBANA";"LIEBANA"
"39";"097";"VEGA DE PAS";"PAS-IGUÑA"
"39";"098";"VILLACARRIEDO";"PAS-IGUÑA"
"39";"099";"VILLAESCUSA";"COSTERA"
"39";"100";"VILLAFUFRE";"PAS-IGUÑA"
"39";"101";"VALLE DE VILLAVERDE";"ASON"
"39";"102";"VOTO";"COSTERA"
"39";"103";"COMUNIDAD CAMPOO-CABUERNIGA";
"39";"900";"SANTANDER";"COSTERA"
"40";"001";"ABADES";"CUELLAR"
"40";"002";"ADRADA DE PIRON";"SEGOVIA"
"40";"003";"ADRADOS";"CUELLAR"
"40";"004";"AGUILAFUENTE";"CUELLAR"
"40";"005";"ALCONADA DE MADERUELO";"SEPULVEDA"
"40";"006";"ALDEALCORVO";"SEPULVEDA"
"40";"007";"ALDEALENGUA DE PEDRAZA";"SEGOVIA"
"40";"008";"ALDEALENGUA DE SANTA MARIA";"SEPULVEDA"
"40";"009";"ALDEANUEVA DE LA SERREZUELA";"SEPULVEDA"
"40";"010";"ALDEANUEVA DEL CODONAL";"CUELLAR"
"40";"012";"ALDEA REAL";"CUELLAR"
"40";"013";"ALDEASOÑA";"SEPULVEDA"
"40";"014";"ALDEHORNO";"SEPULVEDA"
"40";"015";"ALDEHUELA DEL CODONAL";"CUELLAR"
"40";"017";"ALDEONTE";"SEPULVEDA"
"40";"018";"ANAYA";"CUELLAR"
"40";"019";"AÑE";"CUELLAR"
"40";"021";"ARAHUETES";"SEGOVIA"
"40";"022";"ARCONES";"SEGOVIA"
"40";"023";"AREVALILLO DE CEGA";"SEGOVIA"
"40";"024";"ARMUÑA";"CUELLAR"
"40";"026";"AYLLON";"SEPULVEDA"
"40";"028";"BARBOLLA";"SEPULVEDA"
"40";"029";"BASARDILLA";"SEGOVIA"
"40";"031";"BERCIAL";"CUELLAR"
"40";"032";"BERCIMUEL";"SEPULVEDA"
"40";"033";"BERNARDOS";"CUELLAR"
"40";"035";"BERNUY DE PORREROS";"SEGOVIA"
"40";"036";"BOCEGUILLAS";"SEPULVEDA"
"40";"037";"BRIEVA";"SEGOVIA"
"40";"038";"CABALLAR";"SEGOVIA"
"40";"039";"CABAÑAS DE POLENDOS";"SEGOVIA"
"40";"040";"CABEZUELA";"SEPULVEDA"
"40";"041";"CALABAZAS DE FUENTIDUEÑA";"SEPULVEDA"
"40";"043";"CAMPO DE SAN PEDRO";"SEPULVEDA"
"40";"044";"CANTALEJO";"SEPULVEDA"
"40";"045";"CANTIMPALOS";"CUELLAR"
"40";"047";"CARBONERO EL MAYOR";"CUELLAR"
"40";"048";"CARRASCAL DEL RIO";"SEPULVEDA"
"40";"050";"CASLA";"SEGOVIA"
"40";"051";"CASTILLEJO DE MESLEON";"SEPULVEDA"
"40";"053";"CASTRO DE FUENTIDUEÑA";"SEPULVEDA"
"40";"054";"CASTROJIMENO";"SEPULVEDA"
"40";"055";"CASTROSERNA DE ABAJO";"SEGOVIA"
"40";"057";"CASTROSERRACIN";"SEPULVEDA"
"40";"058";"CEDILLO DE LA TORRE";"SEPULVEDA"
"40";"059";"CEREZO DE ABAJO";"SEGOVIA"
"40";"060";"CEREZO DE ARRIBA";"SEGOVIA"
"40";"061";"CILLERUELO DE SAN MAMES";"SEPULVEDA"
"40";"063";"COBOS DE FUENTIDUEÑA";"SEPULVEDA"
"40";"065";"COCA";"CUELLAR"
"40";"066";"CODORNIZ";"CUELLAR"
"40";"067";"COLLADO HERMOSO";"SEGOVIA"
"40";"068";"CONDADO DE CASTILNOVO";"SEPULVEDA"
"40";"069";"CORRAL DE AYLLON";"SEPULVEDA"
"40";"070";"COZUELOS DE FUENTIDUEÑA";"SEPULVEDA"
"40";"071";"CUBILLO";"SEGOVIA"
"40";"072";"CUELLAR";"CUELLAR"
"40";"074";"CUEVAS DE PROVANCO";"SEPULVEDA"
"40";"075";"CHAÑE";"CUELLAR"
"40";"078";"DOMINGO GARCIA";"CUELLAR"
"40";"079";"DONHIERRO";"CUELLAR"
"40";"081";"DURUELO";"SEGOVIA"
"40";"082";"ENCINAS";"SEPULVEDA"
"40";"083";"ENCINILLAS";"SEGOVIA"
"40";"084";"ESCALONA DEL PRADO";"CUELLAR"
"40";"085";"ESCARABAJOSA DE CABEZAS";"CUELLAR"
"40";"086";"ESCOBAR DE POLENDOS";"CUELLAR"
"40";"087";"ESPINAR (EL)";"SEGOVIA"
"40";"088";"ESPIRDO";"SEGOVIA"
"40";"091";"FRESNEDA DE CUELLAR";"CUELLAR"
"40";"092";"FRESNO DE CANTESPINO";"SEPULVEDA"
"40";"093";"FRESNO DE LA FUENTE";"SEPULVEDA"
"40";"094";"FRUMALES";"CUELLAR"
"40";"095";"FUENTE DE SANTA CRUZ";"CUELLAR"
"40";"096";"FUENTE EL OLMO DE FUENTIDUEÑA";"SEPULVEDA"
"40";"097";"FUENTE EL OLMO DE ISCAR";"CUELLAR"
"40";"100";"FUENTEPELAYO";"CUELLAR"
"40";"101";"FUENTEPIÑEL";"SEPULVEDA"
"40";"102";"FUENTERREBOLLO";"SEPULVEDA"
"40";"103";"FUENTESAUCO DE FUENTIDUEÑA";"SEPULVEDA"
"40";"105";"FUENTESOTO";"SEPULVEDA"
"40";"106";"FUENTIDUEÑA";"SEPULVEDA"
"40";"107";"GALLEGOS";"SEGOVIA"
"40";"108";"GARCILLAN";"CUELLAR"
"40";"109";"GOMEZSERRACIN";"CUELLAR"
"40";"111";"GRAJERA";"SEPULVEDA"
"40";"114";"HONRUBIA DE LA CUESTA";"SEPULVEDA"
"40";"115";"HONTALBILLA";"CUELLAR"
"40";"116";"HONTANARES DE ERESMA";"SEGOVIA"
"40";"119";"HUERTOS (LOS)";"SEGOVIA"
"40";"120";"ITUERO Y LAMA";"SEGOVIA"
"40";"122";"JUARROS DE RIOMOROS";"CUELLAR"
"40";"123";"JUARROS DE VOLTOYA";"CUELLAR"
"40";"124";"LABAJOS";"CUELLAR"
"40";"125";"LAGUNA DE CONTRERAS";"SEPULVEDA"
"40";"127";"LANGUILLA";"SEPULVEDA"
"40";"128";"LASTRAS DE CUELLAR";"CUELLAR"
"40";"129";"LASTRAS DEL POZO";"CUELLAR"
"40";"130";"LASTRILLA (LA)";"SEGOVIA"
"40";"131";"LOSA (LA)";"SEGOVIA"
"40";"134";"MADERUELO";"SEPULVEDA"
"40";"137";"MARAZOLEJA";"CUELLAR"
"40";"138";"MARAZUELA";"CUELLAR"
"40";"139";"MARTIN MIGUEL";"CUELLAR"
"40";"140";"MARTIN MUÑOZ DE LA DEHESA";"CUELLAR"
"40";"141";"MARTIN MUÑOZ DE LAS POSADAS";"CUELLAR"
"40";"142";"MARUGAN";"CUELLAR"
"40";"143";"MATABUENA";"SEGOVIA"
"40";"144";"MATA DE CUELLAR";"CUELLAR"
"40";"145";"MATILLA (LA)";"SEGOVIA"
"40";"146";"MELQUE DE CERCOS";"CUELLAR"
"40";"147";"MEMBIBRE DE LA HOZ";"SEPULVEDA"
"40";"148";"MIGUELAÑEZ";"CUELLAR"
"40";"150";"MONTEJO DE AREVALO";"CUELLAR"
"40";"151";"MONTEJO DE LA VEGA DE LA SERREZUELA";"SEPULVEDA"
"40";"152";"MONTERRUBIO";"SEGOVIA"
"40";"154";"MORAL DE HORNUEZ";"SEPULVEDA"
"40";"157";"MOZONCILLO";"CUELLAR"
"40";"158";"MUÑOPEDRO";"CUELLAR"
"40";"159";"MUÑOVEROS";"CUELLAR"
"40";"162";"NAVA DE LA ASUNCION";"CUELLAR"
"40";"163";"NAVAFRIA";"SEGOVIA"
"40";"164";"NAVALILLA";"SEPULVEDA"
"40";"165";"NAVALMANZANO";"CUELLAR"
"40";"166";"NAVARES DE AYUSO";"SEPULVEDA"
"40";"167";"NAVARES DE ENMEDIO";"SEPULVEDA"
"40";"168";"NAVARES DE LAS CUEVAS";"SEPULVEDA"
"40";"169";"NAVAS DE ORO";"CUELLAR"
"40";"170";"NAVAS DE SAN ANTONIO";"SEGOVIA"
"40";"172";"NIEVA";"CUELLAR"
"40";"174";"OLOMBRADA";"CUELLAR"
"40";"175";"OREJANA";"SEGOVIA"
"40";"176";"ORTIGOSA DEL MONTE";"SEGOVIA"
"40";"177";"ORTIGOSA DE PESTAÑO";"CUELLAR"
"40";"178";"OTERO DE HERREROS";"SEGOVIA"
"40";"180";"PAJAREJOS";"SEPULVEDA"
"40";"182";"PALAZUELOS DE ERESMA";"SEGOVIA"
"40";"184";"PEDRAZA";"SEGOVIA"
"40";"185";"PELAYOS DEL ARROYO";"SEGOVIA"
"40";"187";"PEROSILLO";"CUELLAR"
"40";"188";"PINAREJOS";"CUELLAR"
"40";"189";"PINARNEGRILLO";"CUELLAR"
"40";"191";"PRADALES";"SEPULVEDA"
"40";"192";"PRADENA";"SEGOVIA"
"40";"193";"PUEBLA DE PEDRAZA";"SEGOVIA"
"40";"194";"RAPARIEGOS";"CUELLAR"
"40";"195";"REBOLLO";"SEGOVIA"
"40";"196";"REMONDO";"CUELLAR"
"40";"198";"RIAGUAS DE SAN BARTOLOME";"SEPULVEDA"
"40";"200";"RIAZA";"SEPULVEDA"
"40";"201";"RIBOTA";"SEPULVEDA"
"40";"202";"RIOFRIO DE RIAZA";"SEPULVEDA"
"40";"203";"RODA DE ERESMA";"CUELLAR"
"40";"204";"SACRAMENIA";"SEPULVEDA"
"40";"207";"SAMBOAL";"CUELLAR"
"40";"208";"SAN CRISTOBAL DE CUELLAR";"CUELLAR"
"40";"209";"SAN CRISTOBAL DE LA VEGA";"CUELLAR"
"40";"210";"SANCHONUÑO";"CUELLAR"
"40";"211";"SANGARCIA";"CUELLAR"
"40";"212";"REAL SITIO DE SAN ILDEFONSO";"SEGOVIA"
"40";"213";"SAN MARTIN Y MUDRIAN";"CUELLAR"
"40";"214";"SAN MIGUEL DE BERNUY";"SEPULVEDA"
"40";"215";"SAN PEDRO DE GAILLOS";"SEPULVEDA"
"40";"217";"SANTA MARIA LA REAL DE NIEVA";"CUELLAR"
"40";"218";"SANTA MARTA DEL CERRO";"SEGOVIA"
"40";"220";"SANTIUSTE DE PEDRAZA";"SEGOVIA"
"40";"221";"SANTIUSTE DE SAN JUAN BAUTISTA";"CUELLAR"
"40";"222";"SANTO DOMINGO DE PIRON";"SEGOVIA"
"40";"223";"SANTO TOME DEL PUERTO";"SEGOVIA"
"40";"224";"SAUQUILLO DE CABEZAS";"CUELLAR"
"40";"225";"SEBULCOR";"SEPULVEDA"
"40";"227";"SEPULVEDA";"SEPULVEDA"
"40";"228";"SEQUERA DE FRESNO";"SEPULVEDA"
"40";"232";"SOTILLO";"SEPULVEDA"
"40";"233";"SOTOSALBOS";"SEGOVIA"
"40";"234";"TABANERA LA LUENGA";"CUELLAR"
"40";"236";"TOLOCIRIO";"CUELLAR"
"40";"237";"TORREADRADA";"SEPULVEDA"
"40";"238";"TORRECABALLEROS";"SEGOVIA"
"40";"239";"TORRECILLA DEL PINAR";"SEPULVEDA"
"40";"240";"TORREIGLESIAS";"SEGOVIA"
"40";"241";"TORRE VAL DE SAN PEDRO";"SEGOVIA"
"40";"242";"TRESCASAS";"SEGOVIA"
"40";"243";"TUREGANO";"CUELLAR"
"40";"245";"URUEÑAS";"SEPULVEDA"
"40";"246";"VALDEPRADOS";"SEGOVIA"
"40";"248";"VALDEVACAS DE MONTEJO";"SEPULVEDA"
"40";"249";"VALDEVACAS Y GUIJAR";"SEGOVIA"
"40";"251";"VALSECA";"SEGOVIA"
"40";"252";"VALTIENDAS";"SEPULVEDA"
"40";"253";"VALVERDE DEL MAJANO";"CUELLAR"
"40";"255";"VALLE DE TABLADILLO";"SEPULVEDA"
"40";"256";"VALLELADO";"CUELLAR"
"40";"257";"VALLERUELA DE PEDRAZA";"SEGOVIA"
"40";"258";"VALLERUELA DE SEPULVEDA";"SEGOVIA"
"40";"260";"VEGANZONES";"CUELLAR"
"40";"261";"VEGAS DE MATUTE";"SEGOVIA"
"40";"262";"VENTOSILLA Y TEJADILLA";"SEGOVIA"
"40";"263";"VILLACASTIN";"SEGOVIA"
"40";"268";"VILLAVERDE DE ISCAR";"CUELLAR"
"40";"269";"VILLAVERDE DE MONTEJO";"SEPULVEDA"
"40";"270";"VILLEGUILLO";"CUELLAR"
"40";"272";"YANGUAS DE ERESMA";"CUELLAR"
"40";"274";"ZARZUELA DEL MONTE";"SEGOVIA"
"40";"275";"ZARZUELA DEL PINAR";"CUELLAR"
"40";"279";"NAVAS DE RIOFRIO";"SEGOVIA"
"40";"280";"SAN CRISTOBAL DE SEGOVIA";"SEGOVIA"
"40";"900";"SEGOVIA";"SEGOVIA"
"41";"001";"Aguadulce";"DE ESTEPA"
"41";"002";"Alanís";"LA SIERRA NORTE"
"41";"003";"Albaida del Aljarafe";"EL ALJARAFE"
"41";"004";"Alcalá de Guadaíra";"LA CAMPIÑA"
"41";"005";"Alcalá del Río";"LA VEGA"
"41";"006";"Alcolea del Río";"LA VEGA"
"41";"007";"Algaba (La)";"LA VEGA"
"41";"008";"Algámitas";"LA SIERRA SUR"
"41";"009";"Almadén de la Plata";"LA SIERRA NORTE"
"41";"010";"Almensilla";"EL ALJARAFE"
"41";"011";"Arahal";"LA CAMPIÑA"
"41";"012";"Aznalcázar";"LAS MARISMAS"
"41";"013";"Aznalcóllar";"LA SIERRA NORTE"
"41";"014";"Badolatosa";"DE ESTEPA"
"41";"015";"Benacazón";"EL ALJARAFE"
"41";"016";"Bollullos de la Mitación";"EL ALJARAFE"
"41";"017";"Bormujos";"EL ALJARAFE"
"41";"018";"Brenes";"LA VEGA"
"41";"019";"Burguillos";"LA VEGA"
"41";"020";"Cabezas de San Juan (Las)";"LA CAMPIÑA"
"41";"021";"Camas";"LA VEGA"
"41";"022";"Campana (La)";"LA CAMPIÑA"
"41";"023";"Cantillana";"LA VEGA"
"41";"024";"Carmona";"LA CAMPIÑA"
"41";"025";"Carrión de los Céspedes";"EL ALJARAFE"
"41";"026";"Casariche";"DE ESTEPA"
"41";"027";"Castilblanco de los Arroyos";"LA SIERRA NORTE"
"41";"028";"Castilleja de Guzmán";"EL ALJARAFE"
"41";"029";"Castilleja de la Cuesta";"EL ALJARAFE"
"41";"030";"Castilleja del Campo";"EL ALJARAFE"
"41";"031";"Castillo de las Guardas (El)";"LA SIERRA NORTE"
"41";"032";"Cazalla de la Sierra";"LA SIERRA NORTE"
"41";"033";"Constantina";"LA SIERRA NORTE"
"41";"034";"Coria del Río";"LA VEGA"
"41";"035";"Coripe";"LA SIERRA SUR"
"41";"036";"Coronil (El)";"LA CAMPIÑA"
"41";"037";"Corrales (Los)";"LA SIERRA SUR"
"41";"038";"Dos Hermanas";"LA VEGA"
"41";"039";"Ecija";"LA CAMPIÑA"
"41";"040";"Espartinas";"EL ALJARAFE"
"41";"041";"Estepa";"DE ESTEPA"
"41";"042";"Fuentes de Andalucía";"LA CAMPIÑA"
"41";"043";"Garrobo (El)";"LA SIERRA NORTE"
"41";"044";"Gelves";"LA VEGA"
"41";"045";"Gerena";"LA SIERRA NORTE"
"41";"046";"Gilena";"DE ESTEPA"
"41";"047";"Gines";"EL ALJARAFE"
"41";"048";"Guadalcanal";"LA SIERRA NORTE"
"41";"049";"Guillena";"LA SIERRA NORTE"
"41";"050";"Herrera";"DE ESTEPA"
"41";"051";"Huévar del Aljarafe";"EL ALJARAFE"
"41";"052";"Lantejuela";"LA CAMPIÑA"
"41";"053";"Lebrija";"LA CAMPIÑA"
"41";"054";"Lora de Estepa";"DE ESTEPA"
"41";"055";"Lora del Río";"LA VEGA"
"41";"056";"Luisiana (La)";"LA CAMPIÑA"
"41";"057";"Madroño (El)";"LA SIERRA NORTE"
"41";"058";"Mairena del Alcor";"LA CAMPIÑA"
"41";"059";"Mairena del Aljarafe";"EL ALJARAFE"
"41";"060";"Marchena";"LA CAMPIÑA"
"41";"061";"Marinaleda";"DE ESTEPA"
"41";"062";"Martín de la Jara";"LA SIERRA SUR"
"41";"063";"Molares (Los)";"LA CAMPIÑA"
"41";"064";"Montellano";"LA SIERRA SUR"
"41";"065";"Morón de la Frontera";"LA SIERRA SUR"
"41";"066";"Navas de la Concepción (Las)";"LA SIERRA NORTE"
"41";"067";"Olivares";"EL ALJARAFE"
"41";"068";"Osuna";"LA CAMPIÑA"
"41";"069";"Palacios y Villafranca (Los)";"LA VEGA"
"41";"070";"Palomares del Río";"LA VEGA"
"41";"071";"Paradas";"LA CAMPIÑA"
"41";"072";"Pedrera";"DE ESTEPA"
"41";"073";"Pedroso (El)";"LA SIERRA NORTE"
"41";"074";"Peñaflor";"LA VEGA"
"41";"075";"Pilas";"EL ALJARAFE"
"41";"076";"Pruna";"LA SIERRA SUR"
"41";"077";"Puebla de Cazalla (La)";"LA SIERRA SUR"
"41";"078";"Puebla de los Infantes (La)";"LA SIERRA NORTE"
"41";"079";"Puebla del Río (La)";"LAS MARISMAS"
"41";"080";"Real de la Jara (El)";"LA SIERRA NORTE"
"41";"081";"Rinconada (La)";"LA VEGA"
"41";"082";"Roda de Andalucía (La)";"DE ESTEPA"
"41";"083";"Ronquillo (El)";"LA SIERRA NORTE"
"41";"084";"Rubio (El)";"LA CAMPIÑA"
"41";"085";"Salteras";"EL ALJARAFE"
"41";"086";"San Juan de Aznalfarache";"LA VEGA"
"41";"087";"Sanlúcar la Mayor";"EL ALJARAFE"
"41";"088";"San Nicolás del Puerto";"LA SIERRA NORTE"
"41";"089";"Santiponce";"LA VEGA"
"41";"090";"Saucejo (El)";"LA SIERRA SUR"
"41";"092";"Tocina";"LA VEGA"
"41";"093";"Tomares";"EL ALJARAFE"
"41";"094";"Umbrete";"EL ALJARAFE"
"41";"095";"Utrera";"LA CAMPIÑA"
"41";"096";"Valencina de la Concepción";"EL ALJARAFE"
"41";"097";"Villamanrique de la Condesa";"LAS MARISMAS"
"41";"098";"Villanueva del Ariscal";"EL ALJARAFE"
"41";"099";"Villanueva del Río y Minas";"LA VEGA"
"41";"100";"Villanueva de San Juan";"LA SIERRA SUR"
"41";"101";"Villaverde del Río";"LA VEGA"
"41";"102";"Viso del Alcor (El)";"LA CAMPIÑA"
"41";"103";"Cañada Rosal";"LA CAMPIÑA"
"41";"104";"Isla Mayor";"LAS MARISMAS"
"41";"105";"Cuervo de Sevilla (El)";"LA CAMPIÑA"
"41";"106";"El Palmar de Troya";"LA CAMPIÑA"
"41";"900";"Sevilla";"LA VEGA"
"42";"002";"ABEJAR";"PINARES"
"42";"005";"ADRADAS";"ALMAZAN"
"42";"006";"AGREDA";"CAMPO DE GOMARA"
"42";"012";"ALCONABA";"CAMPO DE GOMARA"
"42";"014";"ALCUBILLA DE AVELLANEDA";"BURGO DE OSMA"
"42";"015";"ALCUBILLA DE LAS PEÑAS";"ARCOS DE JALON"
"42";"018";"ALDEALAFUENTE";"CAMPO DE GOMARA"
"42";"019";"ALDEALICES";"TIERRAS ALTAS Y VALLE DEL TERA"
"42";"020";"ALDEALPOZO";"CAMPO DE GOMARA"
"42";"021";"ALDEALSEÑOR";"CAMPO DE GOMARA"
"42";"024";"ALDEHUELA DE PERIAÑEZ";"CAMPO DE GOMARA"
"42";"025";"ALDEHUELAS (LAS)";"TIERRAS ALTAS Y VALLE DEL TERA"
"42";"026";"ALENTISQUE";"ALMAZAN"
"42";"027";"ALIUD";"CAMPO DE GOMARA"
"42";"028";"ALMAJANO";"CAMPO DE GOMARA"
"42";"029";"ALMALUEZ";"CAMPO DE GOMARA"
"42";"031";"ALMARZA";"TIERRAS ALTAS Y VALLE DEL TERA"
"42";"032";"ALMAZAN";"ALMAZAN"
"42";"033";"ALMAZUL";"CAMPO DE GOMARA"
"42";"034";"ALMENAR DE SORIA";"CAMPO DE GOMARA"
"42";"035";"ALPANSEQUE";"ARCOS DE JALON"
"42";"038";"ARANCON";"CAMPO DE GOMARA"
"42";"039";"ARCOS DE JALON";"ARCOS DE JALON"
"42";"040";"ARENILLAS";"ALMAZAN"
"42";"041";"AREVALO DE LA SIERRA";"TIERRAS ALTAS Y VALLE DEL TERA"
"42";"045";"AUSEJO DE LA SIERRA";"TIERRAS ALTAS Y VALLE DEL TERA"
"42";"047";"BARAONA";"ARCOS DE JALON"
"42";"048";"BARCA";"ALMAZAN"
"42";"049";"BARCONES";"ALMAZAN"
"42";"051";"BAYUBAS DE ABAJO";"SORIA"
"42";"052";"BAYUBAS DE ARRIBA";"SORIA"
"42";"055";"BERATON";"CAMPO DE GOMARA"
"42";"056";"BERLANGA DE DUERO";"ALMAZAN"
"42";"058";"BLACOS";"SORIA"
"42";"059";"BLIECOS";"CAMPO DE GOMARA"
"42";"064";"BORJABAD";"ALMAZAN"
"42";"065";"BOROBIA";"CAMPO DE GOMARA"
"42";"068";"BUBEROS";"CAMPO DE GOMARA"
"42";"070";"BUITRAGO";"CAMPO DE GOMARA"
"42";"071";"BURGO DE OSMA-CIUDAD DE OSMA";"BURGO DE OSMA"
"42";"072";"CABREJAS DEL CAMPO";"CAMPO DE GOMARA"
"42";"073";"CABREJAS DEL PINAR";"PINARES"
"42";"075";"CALATAÑAZOR";"SORIA"
"42";"077";"CALTOJAR";"ALMAZAN"
"42";"079";"CANDILICHERA";"CAMPO DE GOMARA"
"42";"081";"CAÑAMAQUE";"CAMPO DE GOMARA"
"42";"082";"CARABANTES";"CAMPO DE GOMARA"
"42";"083";"CARACENA";"BURGO DE OSMA"
"42";"086";"CARRASCOSA DE ABAJO";"BURGO DE OSMA"
"42";"088";"CARRASCOSA DE LA SIERRA";"TIERRAS ALTAS Y VALLE DEL TERA"
"42";"089";"CASAREJOS";"PINARES"
"42";"092";"CASTILFRIO DE LA SIERRA";"TIERRAS ALTAS Y VALLE DEL TERA"
"42";"093";"CASTILRUIZ";"CAMPO DE GOMARA"
"42";"094";"CASTILLEJO DE ROBLEDO";"BURGO DE OSMA"
"42";"095";"CENTENERA DE ANDALUZ";"ALMAZAN"
"42";"096";"CERBON";"TIERRAS ALTAS Y VALLE DEL TERA"
"42";"097";"CIDONES";"SORIA"
"42";"098";"CIGUDOSA";"TIERRAS ALTAS Y VALLE DEL TERA"
"42";"099";"CIHUELA";"CAMPO DE GOMARA"
"42";"100";"CIRIA";"CAMPO DE GOMARA"
"42";"102";"CIRUJALES DEL RIO";"CAMPO DE GOMARA"
"42";"107";"COSCURITA";"ALMAZAN"
"42";"108";"COVALEDA";"PINARES"
"42";"109";"CUBILLA";"PINARES"
"42";"111";"CUBO DE LA SOLANA";"SORIA"
"42";"114";"CUEVA DE AGREDA";"CAMPO DE GOMARA"
"42";"120";"DEVANOS";"CAMPO DE GOMARA"
"42";"121";"DEZA";"CAMPO DE GOMARA"
"42";"124";"DURUELO DE LA SIERRA";"PINARES"
"42";"125";"ESCOBOSA DE ALMAZAN";"ALMAZAN"
"42";"126";"ESPEJA DE SAN MARCELINO";"BURGO DE OSMA"
"42";"127";"ESPEJON";"BURGO DE OSMA"
"42";"128";"ESTEPA DE SAN JUAN";"TIERRAS ALTAS Y VALLE DEL TERA"
"42";"132";"FRECHILLA DE ALMAZAN";"ALMAZAN"
"42";"133";"FRESNO DE CARACENA";"BURGO DE OSMA"
"42";"135";"FUENTEARMEGIL";"BURGO DE OSMA"
"42";"137";"FUENTECAMBRON";"BURGO DE OSMA"
"42";"139";"FUENTECANTOS";"CAMPO DE GOMARA"
"42";"142";"FUENTELMONGE";"CAMPO DE GOMARA"
"42";"143";"FUENTELSAZ DE SORIA";"CAMPO DE GOMARA"
"42";"144";"FUENTEPINILLA";"SORIA"
"42";"146";"FUENTES DE MAGAÑA";"TIERRAS ALTAS Y VALLE DEL TERA"
"42";"147";"FUENTESTRUN";"TIERRAS ALTAS Y VALLE DEL TERA"
"42";"150";"GARRAY";"SORIA"
"42";"151";"GOLMAYO";"SORIA"
"42";"152";"GOMARA";"CAMPO DE GOMARA"
"42";"153";"GORMAZ";"SORIA"
"42";"154";"HERRERA DE SORIA";"PINARES"
"42";"157";"HINOJOSA DEL CAMPO";"CAMPO DE GOMARA"
"42";"169";"LANGA DE DUERO";"BURGO DE OSMA"
"42";"172";"LICERAS";"BURGO DE OSMA"
"42";"175";"LOSILLA (LA)";"CAMPO DE GOMARA"
"42";"178";"MAGAÑA";"TIERRAS ALTAS Y VALLE DEL TERA"
"42";"179";"MAJAN";"ALMAZAN"
"42";"182";"MATALEBRERAS";"CAMPO DE GOMARA"
"42";"183";"MATAMALA DE ALMAZAN";"ALMAZAN"
"42";"187";"MEDINACELI";"ARCOS DE JALON"
"42";"190";"MIÑO DE MEDINACELI";"ARCOS DE JALON"
"42";"191";"MIÑO DE SAN ESTEBAN";"BURGO DE OSMA"
"42";"193";"MOLINOS DE DUERO";"PINARES"
"42";"194";"MOMBLONA";"ALMAZAN"
"42";"195";"MONTEAGUDO DE LAS VICARIAS";"CAMPO DE GOMARA"
"42";"196";"MONTEJO DE TIERMES";"BURGO DE OSMA"
"42";"197";"MONTENEGRO DE CAMEROS";"PINARES"
"42";"201";"MORON DE ALMAZAN";"ALMAZAN"
"42";"202";"MURIEL DE LA FUENTE";"PINARES"
"42";"203";"MURIEL VIEJO";"PINARES"
"42";"205";"NAFRIA DE UCERO";"BURGO DE OSMA"
"42";"207";"NARROS";"CAMPO DE GOMARA"
"42";"209";"NAVALENO";"PINARES"
"42";"210";"NEPAS";"ALMAZAN"
"42";"213";"NOLAY";"ALMAZAN"
"42";"216";"NOVIERCAS";"CAMPO DE GOMARA"
"42";"219";"OLVEGA";"CAMPO DE GOMARA"
"42";"220";"ONCALA";"TIERRAS ALTAS Y VALLE DEL TERA"
"42";"228";"PINILLA DEL CAMPO";"CAMPO DE GOMARA"
"42";"232";"PORTILLO DE SORIA";"CAMPO DE GOMARA"
"42";"233";"POVEDA DE SORIA (LA)";"TIERRAS ALTAS Y VALLE DEL TERA"
"42";"234";"POZALMURO";"CAMPO DE GOMARA"
"42";"236";"QUINTANA REDONDA";"SORIA"
"42";"237";"QUINTANAS DE GORMAZ";"SORIA"
"42";"241";"QUIÑONERIA";"CAMPO DE GOMARA"
"42";"242";"RABANOS (LOS)";"SORIA"
"42";"244";"REBOLLAR";"TIERRAS ALTAS Y VALLE DEL TERA"
"42";"246";"RECUERDA";"BURGO DE OSMA"
"42";"248";"RELLO";"ALMAZAN"
"42";"249";"RENIEBLAS";"CAMPO DE GOMARA"
"42";"250";"RETORTILLO DE SORIA";"BURGO DE OSMA"
"42";"252";"REZNOS";"CAMPO DE GOMARA"
"42";"253";"RIBA DE ESCALOTE (LA)";"ALMAZAN"
"42";"254";"RIOSECO DE SORIA";"SORIA"
"42";"255";"ROLLAMIENTA";"TIERRAS ALTAS Y VALLE DEL TERA"
"42";"257";"ROYO (EL)";"TIERRAS ALTAS Y VALLE DEL TERA"
"42";"259";"SALDUERO";"PINARES"
"42";"263";"SAN ESTEBAN DE GORMAZ";"BURGO DE OSMA"
"42";"264";"SAN FELICES";"TIERRAS ALTAS Y VALLE DEL TERA"
"42";"265";"SAN LEONARDO DE YAGÜE";"PINARES"
"42";"266";"SAN PEDRO MANRIQUE";"TIERRAS ALTAS Y VALLE DEL TERA"
"42";"267";"SANTA CRUZ DE YANGUAS";"TIERRAS ALTAS Y VALLE DEL TERA"
"42";"268";"SANTA MARIA DE HUERTA";"CAMPO DE GOMARA"
"42";"269";"SANTA MARIA DE LAS HOYAS";"BURGO DE OSMA"
"42";"274";"SERON DE NAGIMA";"CAMPO DE GOMARA"
"42";"275";"SOLIEDRA";"ALMAZAN"
"42";"278";"SOTILLO DEL RINCON";"TIERRAS ALTAS Y VALLE DEL TERA"
"42";"280";"SUELLACABRAS";"TIERRAS ALTAS Y VALLE DEL TERA"
"42";"281";"TAJAHUERCE";"CAMPO DE GOMARA"
"42";"282";"TAJUECO";"SORIA"
"42";"283";"TALVEILA";"PINARES"
"42";"287";"TARDELCUENDE";"SORIA"
"42";"289";"TARODA";"ALMAZAN"
"42";"290";"TEJADO";"CAMPO DE GOMARA"
"42";"292";"TORLENGUA";"CAMPO DE GOMARA"
"42";"295";"TORREBLACOS";"SORIA"
"42";"298";"TORRUBIA DE SORIA";"CAMPO DE GOMARA"
"42";"299";"TREVAGO";"TIERRAS ALTAS Y VALLE DEL TERA"
"42";"300";"UCERO";"BURGO DE OSMA"
"42";"302";"VADILLO";"PINARES"
"42";"304";"VALDEAVELLANO DE TERA";"TIERRAS ALTAS Y VALLE DEL TERA"
"42";"305";"VALDEGEÑA";"TIERRAS ALTAS Y VALLE DEL TERA"
"42";"306";"VALDELAGUA DEL CERRO";"TIERRAS ALTAS Y VALLE DEL TERA"
"42";"307";"VALDEMALUQUE";"BURGO DE OSMA"
"42";"309";"VALDENEBRO";"SORIA"
"42";"310";"VALDEPRADO";"TIERRAS ALTAS Y VALLE DEL TERA"
"42";"311";"VALDERRODILLA";"SORIA"
"42";"313";"VALTAJEROS";"TIERRAS ALTAS Y VALLE DEL TERA"
"42";"318";"VELAMAZAN";"ALMAZAN"
"42";"319";"VELILLA DE LA SIERRA";"CAMPO DE GOMARA"
"42";"320";"VELILLA DE LOS AJOS";"CAMPO DE GOMARA"
"42";"325";"VIANA DE DUERO";"ALMAZAN"
"42";"328";"VILLACIERVOS";"SORIA"
"42";"330";"VILLANUEVA DE GORMAZ";"BURGO DE OSMA"
"42";"331";"VILLAR DEL ALA";"TIERRAS ALTAS Y VALLE DEL TERA"
"42";"332";"VILLAR DEL CAMPO";"CAMPO DE GOMARA"
"42";"333";"VILLAR DEL RIO";"TIERRAS ALTAS Y VALLE DEL TERA"
"42";"335";"VILLARES DE SORIA (LOS)";"CAMPO DE GOMARA"
"42";"337";"VILLASAYAS";"ARCOS DE JALON"
"42";"338";"VILLASECA DE ARCIEL";"CAMPO DE GOMARA"
"42";"340";"VINUESA";"PINARES"
"42";"341";"VIZMANOS";"TIERRAS ALTAS Y VALLE DEL TERA"
"42";"342";"VOZMEDIANO";"CAMPO DE GOMARA"
"42";"343";"YANGUAS";"TIERRAS ALTAS Y VALLE DEL TERA"
"42";"344";"YELO";"ARCOS DE JALON"
"42";"900";"SORIA";"SORIA"
"43";"001";"AIGUAMURCIA";"BAJO PENEDES"
"43";"002";"ALBINYANA";"BAJO PENEDES"
"43";"003";"ALBIOL (L')";"CAMPO DE TARRAGONA"
"43";"004";"ALCANAR";"BAJO EBRO"
"43";"005";"ALCOVER";"CAMPO DE TARRAGONA"
"43";"006";"ALDOVER";"BAJO EBRO"
"43";"007";"ALEIXAR (L')";"CAMPO DE TARRAGONA"
"43";"008";"ALFARA DE CARLES";"BAJO EBRO"
"43";"009";"ALFORJA";"CAMPO DE TARRAGONA"
"43";"010";"ALIO";"CAMPO DE TARRAGONA"
"43";"011";"ALMOSTER";"CAMPO DE TARRAGONA"
"43";"012";"ALTAFULLA";"CAMPO DE TARRAGONA"
"43";"013";"AMETLLA DE MAR (L')";"BAJO EBRO"
"43";"014";"AMPOSTA";"BAJO EBRO"
"43";"015";"ARBOLI";"PRIORATO-PRADES"
"43";"016";"L`ARBOÇ";"BAJO PENEDES"
"43";"017";"ARGENTERA (L')";"CAMPO DE TARRAGONA"
"43";"018";"ARNES";"TERRA-ALTA"
"43";"019";"ASCO";"RIBERA DE EBRO"
"43";"020";"BANYERES DEL PENEDES";"BAJO PENEDES"
"43";"021";"BARBERA DE LA CONCA";"CONCA DE BARBERA"
"43";"022";"BATEA";"TERRA-ALTA"
"43";"023";"BELLMUNT DEL PRIORAT";"PRIORATO-PRADES"
"43";"024";"BELLVEI";"BAJO PENEDES"
"43";"025";"BENIFALLET";"BAJO EBRO"
"43";"026";"BENISSANET";"RIBERA DE EBRO"
"43";"027";"BISBAL DE FALSET (LA)";"PRIORATO-PRADES"
"43";"028";"BISBAL DEL PENEDES (LA)";"BAJO PENEDES"
"43";"029";"BLANCAFORT";"CONCA DE BARBERA"
"43";"030";"BONASTRE";"BAJO PENEDES"
"43";"031";"BORGES DEL CAMP (LES)";"CAMPO DE TARRAGONA"
"43";"032";"BOT";"TERRA-ALTA"
"43";"033";"BOTARELL";"CAMPO DE TARRAGONA"
"43";"034";"BRAFIM";"CAMPO DE TARRAGONA"
"43";"035";"CABACES";"PRIORATO-PRADES"
"43";"036";"CABRA DEL CAMP";"CAMPO DE TARRAGONA"
"43";"037";"CALAFELL";"BAJO PENEDES"
"43";"038";"CAMBRILS";"CAMPO DE TARRAGONA"
"43";"039";"LA CANONJA";"CAMPO DE TARRAGONA"
"43";"040";"CAPAFONTS";"PRIORATO-PRADES"
"43";"041";"CAPÇANES";"PRIORATO-PRADES"
"43";"042";"CASERES";"TERRA-ALTA"
"43";"043";"CASTELLVELL DEL CAMP";"CAMPO DE TARRAGONA"
"43";"044";"CATLLAR (EL)";"CAMPO DE TARRAGONA"
"43";"045";"SENIA (LA)";"BAJO EBRO"
"43";"046";"COLLDEJOU";"CAMPO DE TARRAGONA"
"43";"047";"CONESA";"SEGARRA"
"43";"048";"CONSTANTI";"CAMPO DE TARRAGONA"
"43";"049";"CORBERA D'EBRE";"TERRA-ALTA"
"43";"050";"CORNUDELLA DE MONTSANT";"PRIORATO-PRADES"
"43";"051";"CREIXELL";"BAJO PENEDES"
"43";"052";"CUNIT";"BAJO PENEDES"
"43";"053";"XERTA";"BAJO EBRO"
"43";"054";"DUESAIGÜES";"CAMPO DE TARRAGONA"
"43";"055";"ESPLUGA DE FRANCOLI (L')";"CONCA DE BARBERA"
"43";"056";"FALSET";"PRIORATO-PRADES"
"43";"057";"FATARELLA (LA)";"TERRA-ALTA"
"43";"058";"FEBRO (LA)";"PRIORATO-PRADES"
"43";"059";"FIGUERA (LA)";"PRIORATO-PRADES"
"43";"060";"FIGUEROLA DEL CAMP";"CAMPO DE TARRAGONA"
"43";"061";"FLIX";"RIBERA DE EBRO"
"43";"062";"FORES";"SEGARRA"
"43";"063";"FREGINALS";"BAJO EBRO"
"43";"064";"GALERA (LA)";"BAJO EBRO"
"43";"065";"GANDESA";"TERRA-ALTA"
"43";"066";"GARCIA";"RIBERA DE EBRO"
"43";"067";"GARIDELLS (ELS)";"CAMPO DE TARRAGONA"
"43";"068";"GINESTAR";"RIBERA DE EBRO"
"43";"069";"GODALL";"BAJO EBRO"
"43";"070";"GRATALLOPS";"PRIORATO-PRADES"
"43";"071";"GUIAMETS (ELS)";"PRIORATO-PRADES"
"43";"072";"HORTA DE SANT JOAN";"TERRA-ALTA"
"43";"073";"LLOAR (EL)";"PRIORATO-PRADES"
"43";"074";"LLORAC";"SEGARRA"
"43";"075";"LLORENÇ DEL PENEDES";"BAJO PENEDES"
"43";"076";"MARGALEF";"PRIORATO-PRADES"
"43";"077";"MARÇA";"PRIORATO-PRADES"
"43";"078";"MAS DE BARBERANS";"BAJO EBRO"
"43";"079";"MASDENVERGE";"BAJO EBRO"
"43";"080";"MASLLORENÇ";"CAMPO DE TARRAGONA"
"43";"081";"MASO (LA)";"CAMPO DE TARRAGONA"
"43";"082";"MASPUJOLS";"CAMPO DE TARRAGONA"
"43";"083";"MASROIG (EL)";"PRIORATO-PRADES"
"43";"084";"MILA (EL)";"CAMPO DE TARRAGONA"
"43";"085";"MIRAVET";"RIBERA DE EBRO"
"43";"086";"MOLAR (EL)";"PRIORATO-PRADES"
"43";"087";"MONTBLANC";"CONCA DE BARBERA"
"43";"089";"MONTBRIO DEL CAMP";"CAMPO DE TARRAGONA"
"43";"090";"MONTFERRI";"CAMPO DE TARRAGONA"
"43";"091";"MONTMELL (EL)";"BAJO PENEDES"
"43";"092";"MONT-RAL";"PRIORATO-PRADES"
"43";"093";"MONT-ROIG DEL CAMP";"CAMPO DE TARRAGONA"
"43";"094";"MORA D'EBRE";"RIBERA DE EBRO"
"43";"095";"MORA LA NOVA";"RIBERA DE EBRO"
"43";"096";"MORELL (EL)";"CAMPO DE TARRAGONA"
"43";"097";"MORERA DE MONTSANT (LA)";"PRIORATO-PRADES"
"43";"099";"NOU DE GAIA (LA)";"CAMPO DE TARRAGONA"
"43";"100";"NULLES";"CAMPO DE TARRAGONA"
"43";"101";"PALMA D'EBRE (LA)";"RIBERA DE EBRO"
"43";"102";"PALLARESOS (ELS)";"CAMPO DE TARRAGONA"
"43";"103";"PASSANANT I BELLTALL";"SEGARRA"
"43";"104";"PAÜLS";"BAJO EBRO"
"43";"105";"PERAFORT";"CAMPO DE TARRAGONA"
"43";"106";"PERELLO (EL)";"BAJO EBRO"
"43";"107";"PILES (LES)";"SEGARRA"
"43";"108";"PINELL DE BRAI (EL)";"TERRA-ALTA"
"43";"109";"PIRA";"CONCA DE BARBERA"
"43";"110";"PLA DE SANTA MARIA (EL)";"CAMPO DE TARRAGONA"
"43";"111";"POBLA DE MAFUMET (LA)";"CAMPO DE TARRAGONA"
"43";"112";"POBLA DE MASSALUCA (LA)";"TERRA-ALTA"
"43";"113";"POBLA DE MONTORNES (LA)";"CAMPO DE TARRAGONA"
"43";"114";"POBOLEDA";"PRIORATO-PRADES"
"43";"115";"PONT D'ARMENTERA (EL)";"CAMPO DE TARRAGONA"
"43";"116";"PORRERA";"PRIORATO-PRADES"
"43";"117";"PRADELL DE LA TEIXETA";"PRIORATO-PRADES"
"43";"118";"PRADES";"PRIORATO-PRADES"
"43";"119";"PRAT DE COMTE";"TERRA-ALTA"
"43";"120";"PRATDIP";"CAMPO DE TARRAGONA"
"43";"121";"PUIGPELAT";"CAMPO DE TARRAGONA"
"43";"122";"QUEROL";"SEGARRA"
"43";"123";"RASQUERA";"RIBERA DE EBRO"
"43";"124";"RENAU";"CAMPO DE TARRAGONA"
"43";"125";"REUS";"CAMPO DE TARRAGONA"
"43";"126";"RIBA (LA)";"CAMPO DE TARRAGONA"
"43";"127";"RIBA-ROJA D'EBRE";"RIBERA DE EBRO"
"43";"128";"RIERA DE GAIA (LA)";"CAMPO DE TARRAGONA"
"43";"129";"RIUDECANYES";"CAMPO DE TARRAGONA"
"43";"130";"RIUDECOLS";"CAMPO DE TARRAGONA"
"43";"131";"RIUDOMS";"CAMPO DE TARRAGONA"
"43";"132";"ROCAFORT DE QUERALT";"CONCA DE BARBERA"
"43";"133";"RODA DE BERÀ";"BAJO PENEDES"
"43";"134";"RODONYA";"CAMPO DE TARRAGONA"
"43";"135";"ROQUETES";"BAJO EBRO"
"43";"136";"ROURELL (EL)";"CAMPO DE TARRAGONA"
"43";"137";"SALOMO";"CAMPO DE TARRAGONA"
"43";"138";"SANT CARLES DE LA RAPITA";"BAJO EBRO"
"43";"139";"SANT JAUME DELS DOMENYS";"BAJO PENEDES"
"43";"140";"SANTA BARBARA";"BAJO EBRO"
"43";"141";"SANTA COLOMA DE QUERALT";"SEGARRA"
"43";"142";"SANTA OLIVA";"BAJO PENEDES"
"43";"143";"PONTILS";"SEGARRA"
"43";"144";"SARRAL";"CONCA DE BARBERA"
"43";"145";"SAVALLA DEL COMTAT";"SEGARRA"
"43";"146";"SECUITA (LA)";"CAMPO DE TARRAGONA"
"43";"147";"SELVA DEL CAMP (LA)";"CAMPO DE TARRAGONA"
"43";"148";"SENAN";"CONCA DE BARBERA"
"43";"149";"SOLIVELLA";"CONCA DE BARBERA"
"43";"151";"TIVENYS";"BAJO EBRO"
"43";"152";"TIVISSA";"RIBERA DE EBRO"
"43";"153";"TORRE DE FONTAUBELLA (LA)";"PRIORATO-PRADES"
"43";"154";"TORRE DE L'ESPANYOL (LA)";"RIBERA DE EBRO"
"43";"155";"TORREDEMBARRA";"CAMPO DE TARRAGONA"
"43";"156";"TORROJA DEL PRIORAT";"PRIORATO-PRADES"
"43";"157";"TORTOSA";"BAJO EBRO"
"43";"158";"ULLDECONA";"BAJO EBRO"
"43";"159";"ULLDEMOLINS";"PRIORATO-PRADES"
"43";"160";"VALLCLARA";"CONCA DE BARBERA"
"43";"161";"VALLFOGONA DE RIUCORB";"SEGARRA"
"43";"162";"VALLMOLL";"CAMPO DE TARRAGONA"
"43";"163";"VALLS";"CAMPO DE TARRAGONA"
"43";"164";"VANDELLOS I L'HOSPITALET DE L'INFANT";"CAMPO DE TARRAGONA"
"43";"165";"VENDRELL (EL)";"BAJO PENEDES"
"43";"166";"VESPELLA DE GAIA";"CAMPO DE TARRAGONA"
"43";"167";"VILABELLA";"CAMPO DE TARRAGONA"
"43";"168";"VILALLONGA DEL CAMP";"CAMPO DE TARRAGONA"
"43";"169";"VILANOVA D'ESCORNALBOU";"CAMPO DE TARRAGONA"
"43";"170";"VILANOVA DE PRADES";"PRIORATO-PRADES"
"43";"171";"VILAPLANA";"CAMPO DE TARRAGONA"
"43";"172";"VILA-RODONA";"CAMPO DE TARRAGONA"
"43";"173";"VILA-SECA";"CAMPO DE TARRAGONA"
"43";"174";"VILAVERD";"CONCA DE BARBERA"
"43";"175";"VILELLA ALTA (LA)";"PRIORATO-PRADES"
"43";"176";"VILELLA BAIXA (LA)";"PRIORATO-PRADES"
"43";"177";"VILALBA DELS ARCS";"TERRA-ALTA"
"43";"178";"VIMBODI I POBLET";"CONCA DE BARBERA"
"43";"179";"VINEBRE";"RIBERA DE EBRO"
"43";"180";"VINYOLS I ELS ARCS";"CAMPO DE TARRAGONA"
"43";"181";"DELTEBRE";"BAJO EBRO"
"43";"182";"SANT JAUME D'ENVEJA";"BAJO EBRO"
"43";"183";"CAMARLES";"BAJO EBRO"
"43";"184";"ALDEA (L')";"BAJO EBRO"
"43";"185";"SALOU";"CAMPO DE TARRAGONA"
"43";"186";"AMPOLLA (L')";"BAJO EBRO"
"43";"900";"TARRAGONA";"CAMPO DE TARRAGONA"
"44";"001";"ABABUJ";"MAESTRAZGO"
"44";"002";"ABEJUELA";"HOYA DE TERUEL"
"44";"003";"AGUATON";"CUENCA DEL JILOCA"
"44";"004";"AGUAVIVA";"BAJO ARAGON"
"44";"005";"AGUILAR DEL ALFAMBRA";"MAESTRAZGO"
"44";"006";"ALACON";"BAJO ARAGON"
"44";"007";"ALBA";"CUENCA DEL JILOCA"
"44";"008";"ALBALATE DEL ARZOBISPO";"BAJO ARAGON"
"44";"009";"ALBARRACIN";"SERRANIA DE ALBARRACIN"
"44";"010";"ALBENTOSA";"HOYA DE TERUEL"
"44";"011";"ALCAINE";"SERRANIA DE MONTALBAN"
"44";"012";"ALCALA DE LA SELVA";"MAESTRAZGO"
"44";"013";"ALCAÑIZ";"BAJO ARAGON"
"44";"014";"ALCORISA";"BAJO ARAGON"
"44";"016";"ALFAMBRA";"HOYA DE TERUEL"
"44";"017";"ALIAGA";"SERRANIA DE MONTALBAN"
"44";"018";"ALMOHAJA";"SERRANIA DE ALBARRACIN"
"44";"019";"ALOBRAS";"SERRANIA DE ALBARRACIN"
"44";"020";"ALPEÑES";"SERRANIA DE MONTALBAN"
"44";"021";"ALLEPUZ";"MAESTRAZGO"
"44";"022";"ALLOZA";"BAJO ARAGON"
"44";"023";"ALLUEVA";"SERRANIA DE MONTALBAN"
"44";"024";"ANADON";"SERRANIA DE MONTALBAN"
"44";"025";"ANDORRA";"BAJO ARAGON"
"44";"026";"ARCOS DE LAS SALINAS";"HOYA DE TERUEL"
"44";"027";"ARENS DE LLEDO";"BAJO ARAGON"
"44";"028";"ARGENTE";"HOYA DE TERUEL"
"44";"029";"ARIÑO";"BAJO ARAGON"
"44";"030";"ARMILLAS";"SERRANIA DE MONTALBAN"
"44";"031";"AZAILA";"BAJO ARAGON"
"44";"032";"BADENAS";"SERRANIA DE MONTALBAN"
"44";"033";"BAGUENA";"CUENCA DEL JILOCA"
"44";"034";"BAÑON";"CUENCA DEL JILOCA"
"44";"035";"BARRACHINA";"CUENCA DEL JILOCA"
"44";"036";"BEA";"SERRANIA DE MONTALBAN"
"44";"037";"BECEITE";"BAJO ARAGON"
"44";"038";"BELMONTE DE SAN JOSE";"BAJO ARAGON"
"44";"039";"BELLO";"CUENCA DEL JILOCA"
"44";"040";"BERGE";"BAJO ARAGON"
"44";"041";"BEZAS";"SERRANIA DE ALBARRACIN"
"44";"042";"BLANCAS";"CUENCA DEL JILOCA"
"44";"043";"BLESA";"BAJO ARAGON"
"44";"044";"BORDON";"BAJO ARAGON"
"44";"045";"BRONCHALES";"SERRANIA DE ALBARRACIN"
"44";"046";"BUEÑA";"CUENCA DEL JILOCA"
"44";"047";"BURBAGUENA";"CUENCA DEL JILOCA"
"44";"048";"CABRA DE MORA";"MAESTRAZGO"
"44";"049";"CALACEITE";"BAJO ARAGON"
"44";"050";"CALAMOCHA";"CUENCA DEL JILOCA"
"44";"051";"CALANDA";"BAJO ARAGON"
"44";"052";"CALOMARDE";"SERRANIA DE ALBARRACIN"
"44";"053";"CAMAÑAS";"HOYA DE TERUEL"
"44";"054";"CAMARENA DE LA SIERRA";"HOYA DE TERUEL"
"44";"055";"CAMARILLAS";"SERRANIA DE MONTALBAN"
"44";"056";"CAMINREAL";"CUENCA DEL JILOCA"
"44";"058";"CAMPOS";"SERRANIA DE MONTALBAN"
"44";"059";"CANTAVIEJA";"MAESTRAZGO"
"44";"060";"CAÑADA DE BENATANDUZ";"MAESTRAZGO"
"44";"061";"CAÑADA DE VERICH (LA)";"BAJO ARAGON"
"44";"062";"CAÑADA VELLIDA";"SERRANIA DE MONTALBAN"
"44";"063";"CAÑIZAR DEL OLIVAR";"SERRANIA DE MONTALBAN"
"44";"064";"CASCANTE DEL RIO";"HOYA DE TERUEL"
"44";"065";"CASTEJON DE TORNOS";"CUENCA DEL JILOCA"
"44";"066";"CASTEL DE CABRA";"SERRANIA DE MONTALBAN"
"44";"067";"CASTELNOU";"BAJO ARAGON"
"44";"068";"CASTELSERAS";"BAJO ARAGON"
"44";"069";"CASTELVISPAL";"MAESTRAZGO"
"44";"070";"CASTELLAR (EL)";"MAESTRAZGO"
"44";"071";"CASTELLOTE";"BAJO ARAGON"
"44";"074";"CEDRILLAS";"MAESTRAZGO"
"44";"075";"CELADAS";"HOYA DE TERUEL"
"44";"076";"CELLA";"CUENCA DEL JILOCA"
"44";"077";"CEROLLERA (LA)";"BAJO ARAGON"
"44";"079";"CIRUJEDA";"SERRANIA DE MONTALBAN"
"44";"081";"CODOÑERA (LA)";"BAJO ARAGON"
"44";"082";"COLLADICO";"SERRANIA DE MONTALBAN"
"44";"084";"CORBALAN";"HOYA DE TERUEL"
"44";"086";"CORTES DE ARAGON";"SERRANIA DE MONTALBAN"
"44";"087";"COSA";"SERRANIA DE MONTALBAN"
"44";"088";"CRETAS";"BAJO ARAGON"
"44";"089";"CRIVILLEN";"SERRANIA DE MONTALBAN"
"44";"090";"CUBA (LA)";"MAESTRAZGO"
"44";"091";"CUBLA";"HOYA DE TERUEL"
"44";"092";"CUCALON";"SERRANIA DE MONTALBAN"
"44";"094";"CUERVO (EL)";"SERRANIA DE ALBARRACIN"
"44";"095";"CUEVAS DE ALMUDEN";"SERRANIA DE MONTALBAN"
"44";"098";"CUEVAS LABRADAS";"HOYA DE TERUEL"
"44";"101";"EJULVE";"SERRANIA DE MONTALBAN"
"44";"102";"ESCORIHUELA";"HOYA DE TERUEL"
"44";"104";"ESCUCHA";"SERRANIA DE MONTALBAN"
"44";"105";"ESTERCUEL";"SERRANIA DE MONTALBAN"
"44";"106";"FERRERUELA DE HUERVA";"SERRANIA DE MONTALBAN"
"44";"107";"FONFRIA";"SERRANIA DE MONTALBAN"
"44";"108";"FORMICHE ALTO";"MAESTRAZGO"
"44";"110";"FORNOLES";"BAJO ARAGON"
"44";"111";"FORTANETE";"MAESTRAZGO"
"44";"112";"FOZ-CALANDA";"BAJO ARAGON"
"44";"113";"FRESNEDA (LA)";"BAJO ARAGON"
"44";"114";"FRIAS DE ALBARRACIN";"SERRANIA DE ALBARRACIN"
"44";"115";"FUENFERRADA";"SERRANIA DE MONTALBAN"
"44";"116";"FUENTES CALIENTES";"SERRANIA DE MONTALBAN"
"44";"117";"FUENTES CLARAS";"CUENCA DEL JILOCA"
"44";"118";"FUENTES DE RUBIELOS";"MAESTRAZGO"
"44";"119";"FUENTESPALDA";"BAJO ARAGON"
"44";"120";"GALVE";"HOYA DE TERUEL"
"44";"121";"GARGALLO";"SERRANIA DE MONTALBAN"
"44";"122";"GEA DE ALBARRACIN";"SERRANIA DE ALBARRACIN"
"44";"123";"GINEBROSA (LA)";"BAJO ARAGON"
"44";"124";"GODOS";"SERRANIA DE MONTALBAN"
"44";"125";"GRIEGOS";"SERRANIA DE ALBARRACIN"
"44";"126";"GUADALAVIAR";"SERRANIA DE ALBARRACIN"
"44";"127";"GUDAR";"MAESTRAZGO"
"44";"128";"HIJAR";"BAJO ARAGON"
"44";"129";"HINOJOSA DE JARQUE";"SERRANIA DE MONTALBAN"
"44";"130";"HOZ DE LA VIEJA (LA)";"SERRANIA DE MONTALBAN"
"44";"131";"HUESA DEL COMUN";"SERRANIA DE MONTALBAN"
"44";"132";"IGLESUELA DEL CID (LA)";"MAESTRAZGO"
"44";"133";"JABALOYAS";"SERRANIA DE ALBARRACIN"
"44";"134";"JARQUE DE LA VAL";"SERRANIA DE MONTALBAN"
"44";"135";"JATIEL";"BAJO ARAGON"
"44";"136";"JORCAS";"MAESTRAZGO"
"44";"137";"JOSA";"SERRANIA DE MONTALBAN"
"44";"139";"LAGUERUELA";"SERRANIA DE MONTALBAN"
"44";"140";"LANZUELA";"SERRANIA DE MONTALBAN"
"44";"142";"LIBROS";"HOYA DE TERUEL"
"44";"143";"LIDON";"HOYA DE TERUEL"
"44";"144";"LINARES DE MORA";"MAESTRAZGO"
"44";"145";"LOSCOS";"SERRANIA DE MONTALBAN"
"44";"148";"LLEDO";"BAJO ARAGON"
"44";"149";"MAICAS";"SERRANIA DE MONTALBAN"
"44";"150";"MANZANERA";"HOYA DE TERUEL"
"44";"151";"MARTIN DEL RIO";"SERRANIA DE MONTALBAN"
"44";"152";"MAS DE LAS MATAS";"BAJO ARAGON"
"44";"153";"MATA DE LOS OLMOS (LA)";"BAJO ARAGON"
"44";"154";"MAZALEON";"BAJO ARAGON"
"44";"155";"MEZQUITA DE JARQUE";"SERRANIA DE MONTALBAN"
"44";"156";"MEZQUITA DE LOSCOS";"SERRANIA DE MONTALBAN"
"44";"157";"MIRAMBEL";"MAESTRAZGO"
"44";"158";"MIRAVETE DE LA SIERRA";"MAESTRAZGO"
"44";"159";"MOLINOS";"BAJO ARAGON"
"44";"160";"MONFORTE DE MOYUELA";"SERRANIA DE MONTALBAN"
"44";"161";"MONREAL DEL CAMPO";"CUENCA DEL JILOCA"
"44";"162";"MONROYO";"BAJO ARAGON"
"44";"163";"MONTALBAN";"SERRANIA DE MONTALBAN"
"44";"164";"MONTEAGUDO DEL CASTILLO";"MAESTRAZGO"
"44";"165";"MONTERDE DE ALBARRACIN";"SERRANIA DE ALBARRACIN"
"44";"166";"MONTORO DE MEZQUITA";"MAESTRAZGO"
"44";"167";"MORA DE RUBIELOS";"MAESTRAZGO"
"44";"168";"MOSCARDON";"SERRANIA DE ALBARRACIN"
"44";"169";"MOSQUERUELA";"MAESTRAZGO"
"44";"170";"MUNIESA";"BAJO ARAGON"
"44";"172";"NOGUERA DE ALBARRACIN";"SERRANIA DE ALBARRACIN"
"44";"173";"NOGUERAS";"SERRANIA DE MONTALBAN"
"44";"174";"NOGUERUELAS";"MAESTRAZGO"
"44";"176";"OBON";"SERRANIA DE MONTALBAN"
"44";"177";"ODON";"CUENCA DEL JILOCA"
"44";"178";"OJOS NEGROS";"CUENCA DEL JILOCA"
"44";"180";"OLBA";"HOYA DE TERUEL"
"44";"181";"OLIETE";"BAJO ARAGON"
"44";"182";"OLMOS (LOS)";"BAJO ARAGON"
"44";"183";"ORIHUELA DEL TREMEDAL";"SERRANIA DE ALBARRACIN"
"44";"184";"ORRIOS";"HOYA DE TERUEL"
"44";"185";"PALOMAR DE ARROYOS";"SERRANIA DE MONTALBAN"
"44";"186";"PANCRUDO";"SERRANIA DE MONTALBAN"
"44";"187";"PARRAS DE CASTELLOTE (LAS)";"BAJO ARAGON"
"44";"188";"PARRAS DE MARTIN (LAS)";"SERRANIA DE MONTALBAN"
"44";"189";"PEÑARROYA DE TASTAVINS";"BAJO ARAGON"
"44";"190";"PERACENSE";"SERRANIA DE ALBARRACIN"
"44";"191";"PERALEJOS";"HOYA DE TERUEL"
"44";"192";"PERALES DEL ALFAMBRA";"HOYA DE TERUEL"
"44";"193";"PIEDRAHITA";"SERRANIA DE MONTALBAN"
"44";"194";"PITARQUE";"MAESTRAZGO"
"44";"195";"PLOU";"SERRANIA DE MONTALBAN"
"44";"196";"POBO (EL)";"MAESTRAZGO"
"44";"198";"PORTELLADA (LA)";"BAJO ARAGON"
"44";"200";"POZONDON";"SERRANIA DE ALBARRACIN"
"44";"201";"POZUEL DEL CAMPO";"CUENCA DEL JILOCA"
"44";"202";"PUEBLA DE HIJAR (LA)";"BAJO ARAGON"
"44";"203";"PUEBLA DE VALVERDE (LA)";"HOYA DE TERUEL"
"44";"204";"PUERTOMINGALVO";"MAESTRAZGO"
"44";"205";"RAFALES";"BAJO ARAGON"
"44";"206";"RAMBLA DE MARTIN (LA)";"SERRANIA DE MONTALBAN"
"44";"207";"RILLO";"SERRANIA DE MONTALBAN"
"44";"208";"RIODEVA";"HOYA DE TERUEL"
"44";"209";"RODENAS";"SERRANIA DE ALBARRACIN"
"44";"210";"ROYUELA";"SERRANIA DE ALBARRACIN"
"44";"211";"RUBIALES";"SERRANIA DE ALBARRACIN"
"44";"212";"RUBIELOS DE LA CERIDA";"CUENCA DEL JILOCA"
"44";"213";"RUBIELOS DE MORA";"MAESTRAZGO"
"44";"214";"RUDILLA";"SERRANIA DE MONTALBAN"
"44";"215";"SALCEDILLO";"SERRANIA DE MONTALBAN"
"44";"216";"SALDON";"SERRANIA DE ALBARRACIN"
"44";"217";"SAMPER DE CALANDA";"BAJO ARAGON"
"44";"218";"SAN AGUSTIN";"HOYA DE TERUEL"
"44";"219";"SAN MARTIN DEL RIO";"CUENCA DEL JILOCA"
"44";"220";"SANTA CRUZ DE NOGUERAS";"SERRANIA DE MONTALBAN"
"44";"221";"SANTA EULALIA";"CUENCA DEL JILOCA"
"44";"223";"SARRION";"HOYA DE TERUEL"
"44";"224";"SEGURA DE LOS BAÑOS";"SERRANIA DE MONTALBAN"
"44";"225";"SENO";"BAJO ARAGON"
"44";"226";"SINGRA";"CUENCA DEL JILOCA"
"44";"228";"TERRIENTE";"SERRANIA DE ALBARRACIN"
"44";"230";"TORIL Y MASEGOSO";"SERRANIA DE ALBARRACIN"
"44";"231";"TORMON";"SERRANIA DE ALBARRACIN"
"44";"232";"TORNOS";"CUENCA DEL JILOCA"
"44";"233";"TORRALBA DE LOS SISONES";"CUENCA DEL JILOCA"
"44";"234";"TORRECILLA DE ALCAÑIZ";"BAJO ARAGON"
"44";"235";"TORRECILLA DEL REBOLLAR";"SERRANIA DE MONTALBAN"
"44";"236";"TORRE DE ARCAS";"BAJO ARAGON"
"44";"237";"TORRE DE LAS ARCAS";"SERRANIA DE MONTALBAN"
"44";"238";"TORRE DEL COMPTE";"BAJO ARAGON"
"44";"239";"TORRELACARCEL";"CUENCA DEL JILOCA"
"44";"240";"TORRE LOS NEGROS";"SERRANIA DE MONTALBAN"
"44";"241";"TORREMOCHA DE JILOCA";"CUENCA DEL JILOCA"
"44";"242";"TORRES DE ALBARRACIN";"SERRANIA DE ALBARRACIN"
"44";"243";"TORREVELILLA";"BAJO ARAGON"
"44";"244";"TORRIJAS";"HOYA DE TERUEL"
"44";"245";"TORRIJO DEL CAMPO";"CUENCA DEL JILOCA"
"44";"247";"TRAMACASTIEL";"HOYA DE TERUEL"
"44";"248";"TRAMACASTILLA";"SERRANIA DE ALBARRACIN"
"44";"249";"TRONCHON";"MAESTRAZGO"
"44";"250";"URREA DE GAEN";"BAJO ARAGON"
"44";"251";"UTRILLAS";"SERRANIA DE MONTALBAN"
"44";"252";"VALACLOCHE";"HOYA DE TERUEL"
"44";"253";"VALBONA";"HOYA DE TERUEL"
"44";"254";"VALDEALGORFA";"BAJO ARAGON"
"44";"256";"VALDECONEJOS";"SERRANIA DE MONTALBAN"
"44";"257";"VALDECUENCA";"SERRANIA DE ALBARRACIN"
"44";"258";"VALDELINARES";"MAESTRAZGO"
"44";"259";"VALDELTORMO";"BAJO ARAGON"
"44";"260";"VALDERROBRES";"BAJO ARAGON"
"44";"261";"VALJUNQUERA";"BAJO ARAGON"
"44";"263";"VALLECILLO (EL)";"SERRANIA DE ALBARRACIN"
"44";"264";"VEGUILLAS DE LA SIERRA";"SERRANIA DE ALBARRACIN"
"44";"265";"VILLAFRANCA DEL CAMPO";"CUENCA DEL JILOCA"
"44";"266";"VILLAHERMOSA DEL CAMPO";"SERRANIA DE MONTALBAN"
"44";"270";"VILLANUEVA DEL REBOLLAR DE LA SIERRA";"SERRANIA DE MONTALBAN"
"44";"271";"VILLAR DEL COBO";"SERRANIA DE ALBARRACIN"
"44";"272";"VILLAR DEL SALZ";"SERRANIA DE ALBARRACIN"
"44";"274";"VILLARLUENGO";"MAESTRAZGO"
"44";"275";"VILLARQUEMADO";"CUENCA DEL JILOCA"
"44";"276";"VILLARROYA DE LOS PINARES";"MAESTRAZGO"
"44";"277";"VILLASTAR";"HOYA DE TERUEL"
"44";"278";"VILLEL";"HOYA DE TERUEL"
"44";"279";"VINACEITE";"BAJO ARAGON"
"44";"280";"VISIEDO";"HOYA DE TERUEL"
"44";"281";"VIVEL DEL RIO MARTIN";"SERRANIA DE MONTALBAN"
"44";"282";"ZOMA (LA)";"SERRANIA DE MONTALBAN"
"44";"283";"COMUNIDAD PARDINA DE MERCADAL";"SERRANIA DE MONTALBAN"
"44";"900";"TERUEL";"HOYA DE TERUEL"
"44";"901";"TERUEL(Código Antiguo)";"HOYA DE TERUEL"
"45";"001";"AJOFRIN";"MONTE DE LOS YEBENES"
"45";"002";"ALAMEDA DE LA SAGRA";"SAGRA-TOLEDO"
"45";"003";"ALBARREAL DE TAJO";"TORRIJOS"
"45";"004";"ALCABON";"TORRIJOS"
"45";"005";"ALCAÑIZO";"TALAVERA"
"45";"006";"ALCAUDETE DE LA JARA";"LA JARA"
"45";"007";"ALCOLEA DE TAJO";"TALAVERA"
"45";"008";"ALDEA EN CABO";"TORRIJOS"
"45";"009";"ALDEANUEVA DE BARBARROYA";"LA JARA"
"45";"010";"ALDEANUEVA DE SAN BARTOLOME";"LA JARA"
"45";"011";"ALMENDRAL DE LA CAÑADA";"TALAVERA"
"45";"012";"ALMONACID DE TOLEDO";"LA MANCHA"
"45";"013";"ALMOROX";"TORRIJOS"
"45";"014";"AÑOVER DE TAJO";"SAGRA-TOLEDO"
"45";"015";"ARCICOLLAR";"TORRIJOS"
"45";"016";"ARGES";"SAGRA-TOLEDO"
"45";"017";"AZUTAN";"TALAVERA"
"45";"018";"BARCIENCE";"TORRIJOS"
"45";"019";"BARGAS";"SAGRA-TOLEDO"
"45";"020";"BELVIS DE LA JARA";"LA JARA"
"45";"021";"BOROX";"SAGRA-TOLEDO"
"45";"022";"BUENAVENTURA";"TALAVERA"
"45";"023";"BURGUILLOS DE TOLEDO";"SAGRA-TOLEDO"
"45";"024";"BURUJON";"TORRIJOS"
"45";"025";"CABAÑAS DE LA SAGRA";"SAGRA-TOLEDO"
"45";"026";"CABAÑAS DE YEPES";"LA MANCHA"
"45";"027";"CABEZAMESADA";"LA MANCHA"
"45";"028";"CALERA Y CHOZAS";"TALAVERA"
"45";"029";"CALERUELA";"TALAVERA"
"45";"030";"CALZADA DE OROPESA";"TALAVERA"
"45";"031";"CAMARENA";"TORRIJOS"
"45";"032";"CAMARENILLA";"TORRIJOS"
"45";"033";"CAMPILLO DE LA JARA (EL)";"LA JARA"
"45";"034";"CAMUÑAS";"LA MANCHA"
"45";"035";"CARDIEL DE LOS MONTES";"TALAVERA"
"45";"036";"CARMENA";"TORRIJOS"
"45";"037";"CARPIO DE TAJO (EL)";"TORRIJOS"
"45";"038";"CARRANQUE";"SAGRA-TOLEDO"
"45";"039";"CARRICHES";"TORRIJOS"
"45";"040";"CASAR DE ESCALONA (EL)";"TORRIJOS"
"45";"041";"CASARRUBIOS DEL MONTE";"SAGRA-TOLEDO"
"45";"042";"CASASBUENAS";"SAGRA-TOLEDO"
"45";"043";"CASTILLO DE BAYUELA";"TALAVERA"
"45";"045";"CAZALEGAS";"TALAVERA"
"45";"046";"CEBOLLA";"TALAVERA"
"45";"047";"CEDILLO DEL CONDADO";"SAGRA-TOLEDO"
"45";"048";"CERRALBOS (LOS)";"TALAVERA"
"45";"049";"CERVERA DE LOS MONTES";"TALAVERA"
"45";"050";"CIRUELOS";"LA MANCHA"
"45";"051";"COBEJA";"SAGRA-TOLEDO"
"45";"052";"COBISA";"SAGRA-TOLEDO"
"45";"053";"CONSUEGRA";"LA MANCHA"
"45";"054";"CORRAL DE ALMAGUER";"LA MANCHA"
"45";"055";"CUERVA";"SAGRA-TOLEDO"
"45";"056";"CHOZAS DE CANALES";"SAGRA-TOLEDO"
"45";"057";"CHUECA";"MONTE DE LOS YEBENES"
"45";"058";"DOMINGO PEREZ";"TORRIJOS"
"45";"059";"DOSBARRIOS";"LA MANCHA"
"45";"060";"ERUSTES";"TORRIJOS"
"45";"061";"ESCALONA";"TORRIJOS"
"45";"062";"ESCALONILLA";"TORRIJOS"
"45";"063";"ESPINOSO DEL REY";"LA JARA"
"45";"064";"ESQUIVIAS";"SAGRA-TOLEDO"
"45";"065";"ESTRELLA (LA)";"LA JARA"
"45";"066";"FUENSALIDA";"TORRIJOS"
"45";"067";"GALVEZ";"SAGRA-TOLEDO"
"45";"069";"GARCIOTUM";"TORRIJOS"
"45";"070";"GERINDOTE";"TORRIJOS"
"45";"071";"GUADAMUR";"SAGRA-TOLEDO"
"45";"072";"GUARDIA (LA)";"LA MANCHA"
"45";"073";"HERENCIAS (LAS)";"TALAVERA"
"45";"074";"HERRERUELA DE OROPESA";"TALAVERA"
"45";"075";"HINOJOSA DE SAN VICENTE";"TALAVERA"
"45";"076";"HONTANAR";"MONTES DE NAVAHERMOSA"
"45";"077";"HORMIGOS";"TORRIJOS"
"45";"078";"HUECAS";"TORRIJOS"
"45";"079";"HUERTA DE VALDECARABANOS";"LA MANCHA"
"45";"080";"IGLESUELA (LA)";"TALAVERA"
"45";"081";"ILLAN DE VACAS";"TALAVERA"
"45";"082";"ILLESCAS";"SAGRA-TOLEDO"
"45";"083";"LAGARTERA";"TALAVERA"
"45";"084";"LAYOS";"SAGRA-TOLEDO"
"45";"085";"LILLO";"LA MANCHA"
"45";"086";"LOMINCHAR";"SAGRA-TOLEDO"
"45";"087";"LUCILLOS";"TALAVERA"
"45";"088";"MADRIDEJOS";"LA MANCHA"
"45";"089";"MAGAN";"SAGRA-TOLEDO"
"45";"090";"MALPICA DE TAJO";"TALAVERA"
"45";"091";"MANZANEQUE";"LA MANCHA"
"45";"092";"MAQUEDA";"TORRIJOS"
"45";"093";"MARJALIZA";"MONTE DE LOS YEBENES"
"45";"094";"MARRUPE";"TALAVERA"
"45";"095";"MASCARAQUE";"LA MANCHA"
"45";"096";"MATA (LA)";"TORRIJOS"
"45";"097";"MAZARAMBROZ";"MONTE DE LOS YEBENES"
"45";"098";"MEJORADA";"TALAVERA"
"45";"099";"MENASALBAS";"MONTES DE NAVAHERMOSA"
"45";"100";"MENTRIDA";"TORRIJOS"
"45";"101";"MESEGAR DE TAJO";"TORRIJOS"
"45";"102";"MIGUEL ESTEBAN";"LA MANCHA"
"45";"103";"MOCEJON";"SAGRA-TOLEDO"
"45";"104";"MOHEDAS DE LA JARA";"LA JARA"
"45";"105";"MONTEARAGON";"TALAVERA"
"45";"106";"MONTESCLAROS";"TALAVERA"
"45";"107";"MORA";"LA MANCHA"
"45";"108";"NAMBROCA";"SAGRA-TOLEDO"
"45";"109";"NAVA DE RICOMALILLO (LA)";"LA JARA"
"45";"110";"NAVAHERMOSA";"MONTES DE NAVAHERMOSA"
"45";"111";"NAVALCAN";"TALAVERA"
"45";"112";"NAVALMORALEJO";"TALAVERA"
"45";"113";"NAVALMORALES (LOS)";"LA JARA"
"45";"114";"NAVALUCILLOS (LOS)";"LA JARA"
"45";"115";"NAVAMORCUENDE";"TALAVERA"
"45";"116";"NOBLEJAS";"LA MANCHA"
"45";"117";"NOEZ";"SAGRA-TOLEDO"
"45";"118";"NOMBELA";"TORRIJOS"
"45";"119";"NOVES";"TORRIJOS"
"45";"120";"NUMANCIA DE LA SAGRA";"SAGRA-TOLEDO"
"45";"121";"NUÑO GOMEZ";"TORRIJOS"
"45";"122";"OCAÑA";"LA MANCHA"
"45";"123";"OLIAS DEL REY";"SAGRA-TOLEDO"
"45";"124";"ONTIGOLA";"LA MANCHA"
"45";"125";"ORGAZ";"MONTE DE LOS YEBENES"
"45";"126";"OROPESA";"TALAVERA"
"45";"127";"OTERO";"TORRIJOS"
"45";"128";"PALOMEQUE";"SAGRA-TOLEDO"
"45";"129";"PANTOJA";"SAGRA-TOLEDO"
"45";"130";"PAREDES DE ESCALONA";"TORRIJOS"
"45";"131";"PARRILLAS";"TALAVERA"
"45";"132";"PELAHUSTAN";"TORRIJOS"
"45";"133";"PEPINO";"TALAVERA"
"45";"134";"POLAN";"SAGRA-TOLEDO"
"45";"135";"PORTILLO DE TOLEDO";"TORRIJOS"
"45";"136";"PUEBLA DE ALMORADIEL (LA)";"LA MANCHA"
"45";"137";"PUEBLA DE MONTALBAN (LA)";"TORRIJOS"
"45";"138";"PUEBLANUEVA (LA)";"TALAVERA"
"45";"139";"PUENTE DEL ARZOBISPO (EL)";"TALAVERA"
"45";"140";"PUERTO DE SAN VICENTE";"LA JARA"
"45";"141";"PULGAR";"SAGRA-TOLEDO"
"45";"142";"QUERO";"LA MANCHA"
"45";"143";"QUINTANAR DE LA ORDEN";"LA MANCHA"
"45";"144";"QUISMONDO";"TORRIJOS"
"45";"145";"REAL DE SAN VICENTE (EL)";"TALAVERA"
"45";"146";"RECAS";"SAGRA-TOLEDO"
"45";"147";"RETAMOSO";"LA JARA"
"45";"148";"RIELVES";"TORRIJOS"
"45";"149";"ROBLEDO DEL MAZO";"LA JARA"
"45";"150";"ROMERAL (EL)";"LA MANCHA"
"45";"151";"SAN BARTOLOME DE LAS ABIERTAS";"TALAVERA"
"45";"152";"SAN MARTIN DE MONTALBAN";"MONTES DE NAVAHERMOSA"
"45";"153";"SAN MARTIN DE PUSA";"LA JARA"
"45";"154";"SAN PABLO DE LOS MONTES";"MONTES DE NAVAHERMOSA"
"45";"155";"SAN ROMAN DE LOS MONTES";"TALAVERA"
"45";"156";"SANTA ANA DE PUSA";"LA JARA"
"45";"157";"SANTA CRUZ DE LA ZARZA";"LA MANCHA"
"45";"158";"SANTA CRUZ DEL RETAMAR";"TORRIJOS"
"45";"159";"SANTA OLALLA";"TORRIJOS"
"45";"160";"SARTAJADA";"TALAVERA"
"45";"161";"SEGURILLA";"TALAVERA"
"45";"162";"SESEÑA";"SAGRA-TOLEDO"
"45";"163";"SEVILLEJA DE LA JARA";"LA JARA"
"45";"164";"SONSECA";"MONTE DE LOS YEBENES"
"45";"165";"SOTILLO DE LAS PALOMAS";"TALAVERA"
"45";"166";"TALAVERA DE LA REINA";"TALAVERA"
"45";"167";"TEMBLEQUE";"LA MANCHA"
"45";"168";"TOBOSO (EL)";"LA MANCHA"
"45";"170";"TORRALBA DE OROPESA";"TALAVERA"
"45";"171";"TORRECILLA DE LA JARA";"LA JARA"
"45";"172";"TORRE DE ESTEBAN HAMBRAN (LA)";"TORRIJOS"
"45";"173";"TORRICO";"TALAVERA"
"45";"174";"TORRIJOS";"TORRIJOS"
"45";"175";"TOTANES";"SAGRA-TOLEDO"
"45";"176";"TURLEQUE";"LA MANCHA"
"45";"177";"UGENA";"SAGRA-TOLEDO"
"45";"178";"URDA";"LA MANCHA"
"45";"179";"SANTO DOMINGO-CAUDILLA";"TORRIJOS"
"45";"180";"VALDEVERDEJA";"TALAVERA"
"45";"181";"VALMOJADO";"SAGRA-TOLEDO"
"45";"182";"VELADA";"TALAVERA"
"45";"183";"VENTAS CON PEÑA AGUILERA (LAS)";"MONTES DE NAVAHERMOSA"
"45";"184";"VENTAS DE RETAMOSA (LAS)";"SAGRA-TOLEDO"
"45";"185";"VENTAS DE SAN JULIAN (LAS)";"TALAVERA"
"45";"186";"VILLACAÑAS";"LA MANCHA"
"45";"187";"VILLA DE DON FADRIQUE (LA)";"LA MANCHA"
"45";"188";"VILLAFRANCA DE LOS CABALLEROS";"LA MANCHA"
"45";"189";"VILLALUENGA DE LA SAGRA";"SAGRA-TOLEDO"
"45";"190";"VILLAMIEL DE TOLEDO";"TORRIJOS"
"45";"191";"VILLAMINAYA";"LA MANCHA"
"45";"192";"VILLAMUELAS";"LA MANCHA"
"45";"193";"VILLANUEVA DE ALCARDETE";"LA MANCHA"
"45";"194";"VILLANUEVA DE BOGAS";"LA MANCHA"
"45";"195";"VILLAREJO DE MONTALBAN";"LA JARA"
"45";"196";"VILLARRUBIA DE SANTIAGO";"LA MANCHA"
"45";"197";"VILLASECA DE LA SAGRA";"SAGRA-TOLEDO"
"45";"198";"VILLASEQUILLA";"LA MANCHA"
"45";"199";"VILLATOBAS";"LA MANCHA"
"45";"200";"VISO DE SAN JUAN (EL)";"SAGRA-TOLEDO"
"45";"201";"YEBENES (LOS)";"MONTE DE LOS YEBENES"
"45";"202";"YELES";"SAGRA-TOLEDO"
"45";"203";"YEPES";"LA MANCHA"
"45";"204";"YUNCLER";"SAGRA-TOLEDO"
"45";"205";"YUNCLILLOS";"SAGRA-TOLEDO"
"45";"206";"YUNCOS";"SAGRA-TOLEDO"
"45";"900";"TOLEDO";"SAGRA-TOLEDO"
"45";"901";"TOLEDO(Código Antiguo)";"SAGRA-TOLEDO"
"46";"001";"ADEMUZ";"RINCON DE ADEMUZ"
"46";"002";"ADOR";"GANDIA"
"46";"003";"ATZENETA D'ALBAIDA";"VALLES DE ALBAIDA"
"46";"004";"AGULLENT";"VALLES DE ALBAIDA"
"46";"005";"ALAQUAS";"HUERTA DE VALENCIA"
"46";"006";"ALBAIDA";"VALLES DE ALBAIDA"
"46";"007";"ALBAL";"HUERTA DE VALENCIA"
"46";"008";"ALBALAT DE LA RIBERA";"RIBERAS DEL JUCAR"
"46";"009";"ALBALAT DELS SORELLS";"HUERTA DE VALENCIA"
"46";"010";"ALBALAT DELS TARONGERS";"SAGUNTO"
"46";"011";"ALBERIC";"RIBERAS DEL JUCAR"
"46";"012";"ALBORACHE";"HOYA DE BUÑOL"
"46";"013";"ALBORAIA/ALBORAYA";"HUERTA DE VALENCIA"
"46";"014";"ALBUIXECH";"HUERTA DE VALENCIA"
"46";"015";"ALCASSER";"HUERTA DE VALENCIA"
"46";"016";"ALCANTERA DE XUQUER";"RIBERAS DEL JUCAR"
"46";"017";"ALZIRA";"RIBERAS DEL JUCAR"
"46";"018";"ALCUBLAS";"ALTO TURIA"
"46";"019";"ALCUDIA (L')";"RIBERAS DEL JUCAR"
"46";"020";"ALCUDIA DE CRESPINS (L')";"LA COSTERA DE JATIVA"
"46";"021";"ALDAIA";"HUERTA DE VALENCIA"
"46";"022";"ALFAFAR";"HUERTA DE VALENCIA"
"46";"023";"ALFAUIR";"GANDIA"
"46";"024";"ALFARA DE LA BARONIA";"SAGUNTO"
"46";"025";"ALFARA DEL PATRIARCA";"HUERTA DE VALENCIA"
"46";"026";"ALFARP";"HOYA DE BUÑOL"
"46";"027";"ALFARRASI";"VALLES DE ALBAIDA"
"46";"028";"ALGAR DE PALANCIA";"SAGUNTO"
"46";"029";"ALGEMESI";"RIBERAS DEL JUCAR"
"46";"030";"ALGIMIA DE ALFARA";"SAGUNTO"
"46";"031";"ALGINET";"RIBERAS DEL JUCAR"
"46";"032";"ALMASSERA";"HUERTA DE VALENCIA"
"46";"033";"ALMISERA";"GANDIA"
"46";"034";"ALMOINES";"GANDIA"
"46";"035";"ALMUSSAFES";"RIBERAS DEL JUCAR"
"46";"036";"ALPUENTE";"ALTO TURIA"
"46";"037";"L'ALQUERIA DE LA COMTESSA";"GANDIA"
"46";"038";"ANDILLA";"ALTO TURIA"
"46";"039";"ANNA";"ENGUERA Y LA CANAL"
"46";"040";"ANTELLA";"RIBERAS DEL JUCAR"
"46";"041";"ARAS DE LOS OLMOS";"ALTO TURIA"
"46";"042";"AIELO DE MALFERIT";"VALLES DE ALBAIDA"
"46";"043";"AIELO DE RUGAT";"VALLES DE ALBAIDA"
"46";"044";"AYORA";"VALLE DE AYORA"
"46";"045";"BARXETA";"LA COSTERA DE JATIVA"
"46";"046";"BARX";"GANDIA"
"46";"047";"BELGIDA";"VALLES DE ALBAIDA"
"46";"048";"BELLREGUARD";"GANDIA"
"46";"049";"BELLUS";"VALLES DE ALBAIDA"
"46";"050";"BENAGEBER";"ALTO TURIA"
"46";"051";"BENAGUASIL";"CAMPOS DE LIRIA"
"46";"052";"BENAVITES";"SAGUNTO"
"46";"053";"BENEIXIDA";"RIBERAS DEL JUCAR"
"46";"054";"BENETUSSER";"HUERTA DE VALENCIA"
"46";"055";"BENIARJO";"GANDIA"
"46";"056";"BENIATJAR";"VALLES DE ALBAIDA"
"46";"057";"BENICOLET";"VALLES DE ALBAIDA"
"46";"058";"BENIFAIRO DE LES VALLS";"SAGUNTO"
"46";"059";"BENIFAIRO DE LA VALLDIGNA";"GANDIA"
"46";"060";"BENIFAIO";"RIBERAS DEL JUCAR"
"46";"061";"BENIFLA";"GANDIA"
"46";"062";"BENIGANIM";"VALLES DE ALBAIDA"
"46";"063";"BENIMODO";"RIBERAS DEL JUCAR"
"46";"064";"BENIMUSLEM";"RIBERAS DEL JUCAR"
"46";"066";"BENIPARRELL";"HUERTA DE VALENCIA"
"46";"068";"BENIRREDRA";"GANDIA"
"46";"069";"BENISSANO";"CAMPOS DE LIRIA"
"46";"070";"BENISSODA";"VALLES DE ALBAIDA"
"46";"071";"BENISSUERA";"VALLES DE ALBAIDA"
"46";"072";"BETERA";"CAMPOS DE LIRIA"
"46";"073";"BICORP";"ENGUERA Y LA CANAL"
"46";"074";"BOCAIRENT";"VALLES DE ALBAIDA"
"46";"075";"BOLBAITE";"ENGUERA Y LA CANAL"
"46";"076";"BONREPOS I MIRAMBELL";"HUERTA DE VALENCIA"
"46";"077";"BUFALI";"VALLES DE ALBAIDA"
"46";"078";"BUGARRA";"CAMPOS DE LIRIA"
"46";"079";"BUÑOL";"HOYA DE BUÑOL"
"46";"080";"BURJASSOT";"HUERTA DE VALENCIA"
"46";"081";"CALLES";"ALTO TURIA"
"46";"082";"CAMPORROBLES";"REQUENA-UTIEL"
"46";"083";"CANALS";"LA COSTERA DE JATIVA"
"46";"084";"CANET D'EN BERENGUER";"SAGUNTO"
"46";"085";"CARCAIXENT";"RIBERAS DEL JUCAR"
"46";"086";"CARCER";"RIBERAS DEL JUCAR"
"46";"087";"CARLET";"RIBERAS DEL JUCAR"
"46";"088";"CARRICOLA";"VALLES DE ALBAIDA"
"46";"089";"CASAS ALTAS";"RINCON DE ADEMUZ"
"46";"090";"CASAS BAJAS";"RINCON DE ADEMUZ"
"46";"091";"CASINOS";"CAMPOS DE LIRIA"
"46";"092";"CASTELLO DE RUGAT";"VALLES DE ALBAIDA"
"46";"093";"CASTELLONET DE LA CONQUESTA";"GANDIA"
"46";"094";"CASTIELFABIB";"RINCON DE ADEMUZ"
"46";"095";"CATADAU";"HOYA DE BUÑOL"
"46";"096";"CATARROJA";"HUERTA DE VALENCIA"
"46";"097";"CAUDETE DE LAS FUENTES";"REQUENA-UTIEL"
"46";"098";"CERDA";"LA COSTERA DE JATIVA"
"46";"099";"COFRENTES";"VALLE DE AYORA"
"46";"100";"CORBERA";"RIBERAS DEL JUCAR"
"46";"101";"CORTES DE PALLAS";"HOYA DE BUÑOL"
"46";"102";"COTES";"RIBERAS DEL JUCAR"
"46";"103";"QUART DE LES VALLS";"SAGUNTO"
"46";"104";"QUART DE POBLET";"HUERTA DE VALENCIA"
"46";"105";"QUARTELL";"SAGUNTO"
"46";"106";"QUATRETONDA";"VALLES DE ALBAIDA"
"46";"107";"CULLERA";"RIBERAS DEL JUCAR"
"46";"108";"CHELVA";"ALTO TURIA"
"46";"109";"CHELLA";"ENGUERA Y LA CANAL"
"46";"110";"CHERA";"REQUENA-UTIEL"
"46";"111";"CHESTE";"HOYA DE BUÑOL"
"46";"112";"XIRIVELLA";"HUERTA DE VALENCIA"
"46";"113";"CHIVA";"HOYA DE BUÑOL"
"46";"114";"CHULILLA";"ALTO TURIA"
"46";"115";"DAIMUS";"GANDIA"
"46";"116";"DOMEÑO";"ALTO TURIA"
"46";"117";"DOS AGUAS";"HOYA DE BUÑOL"
"46";"118";"ELIANA (L')";"HUERTA DE VALENCIA"
"46";"119";"EMPERADOR";"SAGUNTO"
"46";"120";"ENGUERA";"ENGUERA Y LA CANAL"
"46";"121";"ENOVA (L')";"LA COSTERA DE JATIVA"
"46";"122";"ESTIVELLA";"SAGUNTO"
"46";"123";"ESTUBENY";"ENGUERA Y LA CANAL"
"46";"124";"FAURA";"SAGUNTO"
"46";"125";"FAVARA";"RIBERAS DEL JUCAR"
"46";"126";"FONTANARS DELS ALFORINS";"VALLES DE ALBAIDA"
"46";"127";"FORTALENY";"RIBERAS DEL JUCAR"
"46";"128";"FOIOS";"HUERTA DE VALENCIA"
"46";"129";"FONT D'EN CARROS (LA)";"GANDIA"
"46";"130";"FONT DE LA FIGUERA (LA)";"LA COSTERA DE JATIVA"
"46";"131";"FUENTERROBLES";"REQUENA-UTIEL"
"46";"132";"GAVARDA";"RIBERAS DEL JUCAR"
"46";"133";"GANDIA";"GANDIA"
"46";"134";"GENOVES";"LA COSTERA DE JATIVA"
"46";"135";"GESTALGAR";"CAMPOS DE LIRIA"
"46";"136";"GILET";"SAGUNTO"
"46";"137";"GODELLA";"HUERTA DE VALENCIA"
"46";"138";"GODELLETA";"HOYA DE BUÑOL"
"46";"139";"GRANJA DE LA COSTERA (LA)";"LA COSTERA DE JATIVA"
"46";"140";"GUADASSEQUIES";"VALLES DE ALBAIDA"
"46";"141";"GUADASSUAR";"RIBERAS DEL JUCAR"
"46";"142";"GUARDAMAR DE LA SAFOR";"GANDIA"
"46";"143";"HIGUERUELAS";"ALTO TURIA"
"46";"144";"JALANCE";"VALLE DE AYORA"
"46";"145";"XERACO";"GANDIA"
"46";"146";"JARAFUEL";"VALLE DE AYORA"
"46";"147";"XATIVA";"LA COSTERA DE JATIVA"
"46";"148";"XERESA";"GANDIA"
"46";"149";"LLIRIA";"CAMPOS DE LIRIA"
"46";"150";"LORIGUILLA";"ALTO TURIA"
"46";"151";"LOSA DEL OBISPO";"ALTO TURIA"
"46";"152";"LLUTXENT";"VALLES DE ALBAIDA"
"46";"153";"LLOCNOU D`EN FENOLLET";"LA COSTERA DE JATIVA"
"46";"154";"LLOCNOU DE LA CORONA";"LA COSTERA DE JATIVA"
"46";"155";"LLOCNOU DE SANT JERONI";"GANDIA"
"46";"156";"LLANERA DE RANES";"LA COSTERA DE JATIVA"
"46";"157";"LLAURI";"RIBERAS DEL JUCAR"
"46";"158";"LLOMBAI";"HOYA DE BUÑOL"
"46";"159";"LLOSA DE RANES (LA)";"LA COSTERA DE JATIVA"
"46";"160";"MACASTRE";"HOYA DE BUÑOL"
"46";"161";"MANISES";"HUERTA DE VALENCIA"
"46";"162";"MANUEL";"LA COSTERA DE JATIVA"
"46";"163";"MARINES";"CAMPOS DE LIRIA"
"46";"164";"MASSALAVES";"RIBERAS DEL JUCAR"
"46";"165";"MASSALFASSAR";"SAGUNTO"
"46";"166";"MASSAMAGRELL";"SAGUNTO"
"46";"167";"MASSANASSA";"HUERTA DE VALENCIA"
"46";"168";"MELIANA";"HUERTA DE VALENCIA"
"46";"169";"MILLARES";"ENGUERA Y LA CANAL"
"46";"170";"MIRAMAR";"GANDIA"
"46";"171";"MISLATA";"HUERTA DE VALENCIA"
"46";"172";"MOGENTE/MOIXENT";"LA COSTERA DE JATIVA"
"46";"173";"MONCADA";"HUERTA DE VALENCIA"
"46";"174";"MONTSERRAT";"HOYA DE BUÑOL"
"46";"175";"MONTAVERNER";"VALLES DE ALBAIDA"
"46";"176";"MONTESA";"LA COSTERA DE JATIVA"
"46";"177";"MONTITXELVO/MONTICHELVO";"VALLES DE ALBAIDA"
"46";"178";"MONTROI/MONTROY";"HOYA DE BUÑOL"
"46";"179";"MUSEROS";"SAGUNTO"
"46";"180";"NAQUERA";"SAGUNTO"
"46";"181";"NAVARRES";"ENGUERA Y LA CANAL"
"46";"182";"NOVELE/NOVETLE";"LA COSTERA DE JATIVA"
"46";"183";"OLIVA";"GANDIA"
"46";"184";"OLOCAU";"CAMPOS DE LIRIA"
"46";"185";"OLLERIA (L')";"VALLES DE ALBAIDA"
"46";"186";"ONTINYENT";"VALLES DE ALBAIDA"
"46";"187";"OTOS";"VALLES DE ALBAIDA"
"46";"188";"PAIPORTA";"HUERTA DE VALENCIA"
"46";"189";"PALMA DE GANDIA";"GANDIA"
"46";"190";"PALMERA";"GANDIA"
"46";"191";"PALOMAR(EL)";"VALLES DE ALBAIDA"
"46";"192";"PATERNA";"HUERTA DE VALENCIA"
"46";"193";"PEDRALBA";"CAMPOS DE LIRIA"
"46";"194";"PETRES";"SAGUNTO"
"46";"195";"PICANYA";"HUERTA DE VALENCIA"
"46";"196";"PICASSENT";"HUERTA DE VALENCIA"
"46";"197";"PILES";"GANDIA"
"46";"198";"PINET";"VALLES DE ALBAIDA"
"46";"199";"POLINYA DE XUQUER";"RIBERAS DEL JUCAR"
"46";"200";"POTRIES";"GANDIA"
"46";"201";"POBLA DE FARNALS (LA)";"SAGUNTO"
"46";"202";"POBLA DEL DUC (LA)";"VALLES DE ALBAIDA"
"46";"203";"PUEBLA DE SAN MIGUEL";"RINCON DE ADEMUZ"
"46";"204";"POBLA DE VALLBONA (LA)";"CAMPOS DE LIRIA"
"46";"205";"POBLA LLARGA (LA)";"RIBERAS DEL JUCAR"
"46";"206";"EL PUIG DE SANTA MARIA";"SAGUNTO"
"46";"207";"PUÇOL";"SAGUNTO"
"46";"208";"QUESA";"ENGUERA Y LA CANAL"
"46";"209";"RAFELBUNYOL";"SAGUNTO"
"46";"210";"RAFELCOFER";"GANDIA"
"46";"211";"RAFELGUARAF";"LA COSTERA DE JATIVA"
"46";"212";"RAFOL DE SALEM";"VALLES DE ALBAIDA"
"46";"213";"EL REAL DE GANDIA";"GANDIA"
"46";"214";"REAL";"HOYA DE BUÑOL"
"46";"215";"REQUENA";"REQUENA-UTIEL"
"46";"216";"RIBA-ROJA DE TURIA";"CAMPOS DE LIRIA"
"46";"217";"RIOLA";"RIBERAS DEL JUCAR"
"46";"218";"ROCAFORT";"HUERTA DE VALENCIA"
"46";"219";"ROTGLA I CORBERA";"LA COSTERA DE JATIVA"
"46";"220";"ROTOVA";"GANDIA"
"46";"221";"RUGAT";"VALLES DE ALBAIDA"
"46";"222";"SAGUNTO/SAGUNT";"SAGUNTO"
"46";"223";"SALEM";"VALLES DE ALBAIDA"
"46";"224";"SANT JOANET";"RIBERAS DEL JUCAR"
"46";"225";"SEDAVI";"HUERTA DE VALENCIA"
"46";"226";"SEGART";"SAGUNTO"
"46";"227";"SELLENT";"RIBERAS DEL JUCAR"
"46";"228";"SEMPERE";"VALLES DE ALBAIDA"
"46";"229";"SENYERA";"RIBERAS DEL JUCAR"
"46";"230";"SERRA";"SAGUNTO"
"46";"231";"SIETE AGUAS";"REQUENA-UTIEL"
"46";"232";"SILLA";"HUERTA DE VALENCIA"
"46";"233";"SIMAT DE LA VALLDIGNA";"GANDIA"
"46";"234";"SINARCAS";"REQUENA-UTIEL"
"46";"235";"SOLLANA";"RIBERAS DEL JUCAR"
"46";"236";"SOT DE CHERA";"ALTO TURIA"
"46";"237";"SUECA";"RIBERAS DEL JUCAR"
"46";"238";"SUMACARCER";"RIBERAS DEL JUCAR"
"46";"239";"TAVERNES BLANQUES";"HUERTA DE VALENCIA"
"46";"240";"TAVERNES DE LA VALLDIGNA";"GANDIA"
"46";"241";"TERESA DE COFRENTES";"VALLE DE AYORA"
"46";"242";"TERRATEIG";"VALLES DE ALBAIDA"
"46";"243";"TITAGUAS";"ALTO TURIA"
"46";"244";"TORREBAJA";"RINCON DE ADEMUZ"
"46";"245";"TORRELLA";"LA COSTERA DE JATIVA"
"46";"246";"TORRENT";"HUERTA DE VALENCIA"
"46";"247";"TORRES TORRES";"SAGUNTO"
"46";"248";"TOUS";"RIBERAS DEL JUCAR"
"46";"249";"TUEJAR";"ALTO TURIA"
"46";"250";"TURIS";"HOYA DE BUÑOL"
"46";"251";"UTIEL";"REQUENA-UTIEL"
"46";"253";"VALLADA";"LA COSTERA DE JATIVA"
"46";"254";"VALLANCA";"RINCON DE ADEMUZ"
"46";"255";"VALLES";"LA COSTERA DE JATIVA"
"46";"256";"VENTA DEL MORO";"REQUENA-UTIEL"
"46";"257";"VILALLONGA/VILLALONGA";"GANDIA"
"46";"258";"VILAMARXANT";"CAMPOS DE LIRIA"
"46";"259";"VILLANUEVA DE CASTELLON";"RIBERAS DEL JUCAR"
"46";"260";"VILLAR DEL ARZOBISPO";"ALTO TURIA"
"46";"261";"VILLARGORDO DEL CABRIEL";"REQUENA-UTIEL"
"46";"262";"VINALESA";"HUERTA DE VALENCIA"
"46";"263";"YATOVA";"HOYA DE BUÑOL"
"46";"264";"YESA (LA)";"ALTO TURIA"
"46";"265";"ZARRA";"VALLE DE AYORA"
"46";"266";"GATOVA";"CAMPOS DE LIRIA"
"46";"267";"SAN ANTONIO DE BENAGEBER";"HUERTA DE VALENCIA"
"46";"268";"BENICULL DE XÚQUER";"RIBERAS DEL JUCAR"
"46";"900";"VALENCIA";"HUERTA DE VALENCIA"
"47";"001";"ADALIA";"CENTRO"
"47";"002";"AGUASAL";"SURESTE"
"47";"003";"AGUILAR DE CAMPOS";"TIERRA DE CAMPOS"
"47";"004";"ALAEJOS";"SUR"
"47";"005";"ALCAZAREN";"SURESTE"
"47";"006";"ALDEA DE SAN MIGUEL";"SURESTE"
"47";"007";"ALDEAMAYOR DE SAN MARTIN";"SURESTE"
"47";"009";"ALMENARA DE ADAJA";"SURESTE"
"47";"010";"AMUSQUILLO";"CENTRO"
"47";"011";"ARROYO DE LA ENCOMIENDA";"CENTRO"
"47";"012";"ATAQUINES";"SUR"
"47";"013";"BAHABON";"SURESTE"
"47";"014";"BARCIAL DE LA LOMA";"TIERRA DE CAMPOS"
"47";"015";"BARRUELO DEL VALLE";"CENTRO"
"47";"016";"BECILLA DE VALDERADUEY";"TIERRA DE CAMPOS"
"47";"017";"BENAFARCES";"CENTRO"
"47";"018";"BERCERO";"CENTRO"
"47";"019";"BERCERUELO";"CENTRO"
"47";"020";"BERRUECES";"TIERRA DE CAMPOS"
"47";"021";"BOBADILLA DEL CAMPO";"SUR"
"47";"022";"BOCIGAS";"SURESTE"
"47";"023";"BOCOS DE DUERO";"SURESTE"
"47";"024";"BOECILLO";"CENTRO"
"47";"025";"BOLAÑOS DE CAMPOS";"TIERRA DE CAMPOS"
"47";"026";"BRAHOJOS DE MEDINA";"SUR"
"47";"027";"BUSTILLO DE CHAVES";"TIERRA DE CAMPOS"
"47";"028";"CABEZON DE PISUERGA";"CENTRO"
"47";"029";"CABEZON DE VALDERADUEY";"TIERRA DE CAMPOS"
"47";"030";"CABREROS DEL MONTE";"TIERRA DE CAMPOS"
"47";"031";"CAMPASPERO";"SURESTE"
"47";"032";"CAMPILLO (EL)";"SUR"
"47";"033";"CAMPORREDONDO";"SURESTE"
"47";"034";"CANALEJAS DE PEÑAFIEL";"SURESTE"
"47";"035";"CANILLAS DE ESGUEVA";"CENTRO"
"47";"036";"CARPIO";"SUR"
"47";"037";"CASASOLA DE ARION";"CENTRO"
"47";"038";"CASTREJON DE TRABANCOS";"SUR"
"47";"039";"CASTRILLO DE DUERO";"SURESTE"
"47";"040";"CASTRILLO-TEJERIEGO";"CENTRO"
"47";"041";"CASTROBOL";"TIERRA DE CAMPOS"
"47";"042";"CASTRODEZA";"CENTRO"
"47";"043";"CASTROMEMBIBRE";"CENTRO"
"47";"044";"CASTROMONTE";"CENTRO"
"47";"045";"CASTRONUEVO DE ESGUEVA";"CENTRO"
"47";"046";"CASTRONUÑO";"SUR"
"47";"047";"CASTROPONCE";"TIERRA DE CAMPOS"
"47";"048";"CASTROVERDE DE CERRATO";"CENTRO"
"47";"049";"CEINOS DE CAMPOS";"TIERRA DE CAMPOS"
"47";"050";"CERVILLEGO DE LA CRUZ";"SUR"
"47";"051";"CIGALES";"CENTRO"
"47";"052";"CIGUÑUELA";"CENTRO"
"47";"053";"CISTERNIGA";"CENTRO"
"47";"054";"COGECES DE ISCAR";"SURESTE"
"47";"055";"COGECES DEL MONTE";"SURESTE"
"47";"056";"CORCOS";"CENTRO"
"47";"057";"CORRALES DE DUERO";"SURESTE"
"47";"058";"CUBILLAS DE SANTA MARTA";"CENTRO"
"47";"059";"CUENCA DE CAMPOS";"TIERRA DE CAMPOS"
"47";"060";"CURIEL DE DUERO";"SURESTE"
"47";"061";"ENCINAS DE ESGUEVA";"CENTRO"
"47";"062";"ESGUEVILLAS DE ESGUEVA";"CENTRO"
"47";"063";"FOMBELLIDA";"CENTRO"
"47";"064";"FOMPEDRAZA";"SURESTE"
"47";"065";"FONTIHOYUELO";"TIERRA DE CAMPOS"
"47";"066";"FRESNO EL VIEJO";"SUR"
"47";"067";"FUENSALDAÑA";"CENTRO"
"47";"068";"FUENTE EL SOL";"SUR"
"47";"069";"FUENTE-OLMEDO";"SURESTE"
"47";"070";"GALLEGOS DE HORNIJA";"CENTRO"
"47";"071";"GATON DE CAMPOS";"TIERRA DE CAMPOS"
"47";"072";"GERIA";"CENTRO"
"47";"074";"HERRIN DE CAMPOS";"TIERRA DE CAMPOS"
"47";"075";"HORNILLOS DE ERESMA";"SURESTE"
"47";"076";"ISCAR";"SURESTE"
"47";"077";"LAGUNA DE DUERO";"CENTRO"
"47";"078";"LANGAYO";"SURESTE"
"47";"079";"LOMOVIEJO";"SUR"
"47";"080";"LLANO DE OLMEDO";"SURESTE"
"47";"081";"MANZANILLO";"SURESTE"
"47";"082";"MARZALES";"CENTRO"
"47";"083";"MATAPOZUELOS";"SUR"
"47";"084";"MATILLA DE LOS CAÑOS";"CENTRO"
"47";"085";"MAYORGA";"TIERRA DE CAMPOS"
"47";"086";"MEDINA DEL CAMPO";"SUR"
"47";"087";"MEDINA DE RIOSECO";"TIERRA DE CAMPOS"
"47";"088";"MEGECES";"SURESTE"
"47";"089";"MELGAR DE ABAJO";"TIERRA DE CAMPOS"
"47";"090";"MELGAR DE ARRIBA";"TIERRA DE CAMPOS"
"47";"091";"MOJADOS";"SURESTE"
"47";"092";"MONASTERIO DE VEGA";"TIERRA DE CAMPOS"
"47";"093";"MONTEALEGRE DE CAMPOS";"TIERRA DE CAMPOS"
"47";"094";"MONTEMAYOR DE PILILLA";"SURESTE"
"47";"095";"MORAL DE LA REINA";"TIERRA DE CAMPOS"
"47";"096";"MORALEJA DE LAS PANADERAS";"SUR"
"47";"097";"MORALES DE CAMPOS";"TIERRA DE CAMPOS"
"47";"098";"MOTA DEL MARQUES";"CENTRO"
"47";"099";"MUCIENTES";"CENTRO"
"47";"100";"MUDARRA (LA)";"CENTRO"
"47";"101";"MURIEL";"SUR"
"47";"102";"NAVA DEL REY";"SUR"
"47";"103";"NUEVA VILLA DE LAS TORRES";"SUR"
"47";"104";"OLIVARES DE DUERO";"CENTRO"
"47";"105";"OLMEDO";"SURESTE"
"47";"106";"OLMOS DE ESGUEVA";"CENTRO"
"47";"107";"OLMOS DE PEÑAFIEL";"SURESTE"
"47";"110";"PALAZUELO DE VEDIJA";"TIERRA DE CAMPOS"
"47";"111";"PARRILLA (LA)";"SURESTE"
"47";"112";"PEDRAJA DE PORTILLO (LA)";"SURESTE"
"47";"113";"PEDRAJAS DE SAN ESTEBAN";"SURESTE"
"47";"114";"PEDROSA DEL REY";"CENTRO"
"47";"115";"PEÑAFIEL";"SURESTE"
"47";"116";"PEÑAFLOR DE HORNIJA";"CENTRO"
"47";"117";"PESQUERA DE DUERO";"SURESTE"
"47";"118";"PIÑA DE ESGUEVA";"CENTRO"
"47";"119";"PIÑEL DE ABAJO";"SURESTE"
"47";"120";"PIÑEL DE ARRIBA";"SURESTE"
"47";"122";"POLLOS";"SUR"
"47";"123";"PORTILLO";"SURESTE"
"47";"124";"POZAL DE GALLINAS";"SUR"
"47";"125";"POZALDEZ";"SUR"
"47";"126";"POZUELO DE LA ORDEN";"TIERRA DE CAMPOS"
"47";"127";"PURAS";"SURESTE"
"47";"128";"QUINTANILLA DE ARRIBA";"SURESTE"
"47";"129";"QUINTANILLA DEL MOLAR";"TIERRA DE CAMPOS"
"47";"130";"QUINTANILLA DE ONESIMO";"SURESTE"
"47";"131";"QUINTANILLA DE TRIGUEROS";"CENTRO"
"47";"132";"RABANO";"SURESTE"
"47";"133";"RAMIRO";"SURESTE"
"47";"134";"RENEDO DE ESGUEVA";"CENTRO"
"47";"135";"ROALES DE CAMPOS";"TIERRA DE CAMPOS"
"47";"136";"ROBLADILLO";"CENTRO"
"47";"138";"ROTURAS";"SURESTE"
"47";"139";"RUBI DE BRACAMONTE";"SUR"
"47";"140";"RUEDA";"SUR"
"47";"141";"SAELICES DE MAYORGA";"TIERRA DE CAMPOS"
"47";"142";"SALVADOR DE ZAPARDIEL";"SUR"
"47";"143";"SAN CEBRIAN DE MAZOTE";"CENTRO"
"47";"144";"SAN LLORENTE";"SURESTE"
"47";"145";"SAN MARTIN DE VALVENI";"CENTRO"
"47";"146";"SAN MIGUEL DEL ARROYO";"SURESTE"
"47";"147";"SAN MIGUEL DEL PINO";"SUR"
"47";"148";"SAN PABLO DE LA MORALEJA";"SUR"
"47";"149";"SAN PEDRO DE LATARCE";"TIERRA DE CAMPOS"
"47";"150";"SAN PELAYO";"CENTRO"
"47";"151";"SAN ROMAN DE HORNIJA";"SUR"
"47";"152";"SAN SALVADOR";"CENTRO"
"47";"153";"SANTA EUFEMIA DEL ARROYO";"TIERRA DE CAMPOS"
"47";"154";"SANTERVAS DE CAMPOS";"TIERRA DE CAMPOS"
"47";"155";"SANTIBAÑEZ DE VALCORBA";"SURESTE"
"47";"156";"SANTOVENIA DE PISUERGA";"CENTRO"
"47";"157";"SAN VICENTE DEL PALACIO";"SUR"
"47";"158";"SARDON DE DUERO";"SURESTE"
"47";"159";"SECA (LA)";"SUR"
"47";"160";"SERRADA";"SUR"
"47";"161";"SIETE IGLESIAS DE TRABANCOS";"SUR"
"47";"162";"SIMANCAS";"CENTRO"
"47";"163";"TAMARIZ DE CAMPOS";"TIERRA DE CAMPOS"
"47";"164";"TIEDRA";"CENTRO"
"47";"165";"TORDEHUMOS";"TIERRA DE CAMPOS"
"47";"166";"TORDESILLAS";"SUR"
"47";"167";"TORRECILLA DE LA ABADESA";"SUR"
"47";"168";"TORRECILLA DE LA ORDEN";"SUR"
"47";"169";"TORRECILLA DE LA TORRE";"CENTRO"
"47";"170";"TORRE DE ESGUEVA";"CENTRO"
"47";"171";"TORRE DE PEÑAFIEL";"SURESTE"
"47";"172";"TORRELOBATON";"CENTRO"
"47";"173";"TORRESCARCELA";"SURESTE"
"47";"174";"TRASPINEDO";"SURESTE"
"47";"175";"TRIGUEROS DEL VALLE";"CENTRO"
"47";"176";"TUDELA DE DUERO";"CENTRO"
"47";"177";"UNION DE CAMPOS (LA)";"TIERRA DE CAMPOS"
"47";"178";"URONES DE CASTROPONCE";"TIERRA DE CAMPOS"
"47";"179";"URUEÑA";"TIERRA DE CAMPOS"
"47";"180";"VALBUENA DE DUERO";"SURESTE"
"47";"181";"VALDEARCOS DE LA VEGA";"SURESTE"
"47";"182";"VALDENEBRO DE LOS VALLES";"TIERRA DE CAMPOS"
"47";"183";"VALDESTILLAS";"SUR"
"47";"184";"VALDUNQUILLO";"TIERRA DE CAMPOS"
"47";"185";"VALORIA LA BUENA";"CENTRO"
"47";"186";"VALVERDE DE CAMPOS";"TIERRA DE CAMPOS"
"47";"188";"VEGA DE RUIPONCE";"TIERRA DE CAMPOS"
"47";"189";"VEGA DE VALDETRONCO";"CENTRO"
"47";"190";"VELASCALVARO";"SUR"
"47";"191";"VELILLA";"CENTRO"
"47";"192";"VELLIZA";"CENTRO"
"47";"193";"VENTOSA DE LA CUESTA";"SUR"
"47";"194";"VIANA DE CEGA";"CENTRO"
"47";"195";"VILORIA";"SURESTE"
"47";"196";"VILLABAÑEZ";"CENTRO"
"47";"197";"VILLABARUZ DE CAMPOS";"TIERRA DE CAMPOS"
"47";"198";"VILLABRAGIMA";"TIERRA DE CAMPOS"
"47";"199";"VILLACARRALON";"TIERRA DE CAMPOS"
"47";"200";"VILLACID DE CAMPOS";"TIERRA DE CAMPOS"
"47";"201";"VILLACO";"CENTRO"
"47";"204";"VILLAFRADES DE CAMPOS";"TIERRA DE CAMPOS"
"47";"205";"VILLAFRANCA DE DUERO";"SUR"
"47";"206";"VILLAFRECHOS";"TIERRA DE CAMPOS"
"47";"207";"VILLAFUERTE";"CENTRO"
"47";"208";"VILLAGARCIA DE CAMPOS";"TIERRA DE CAMPOS"
"47";"209";"VILLAGOMEZ LA NUEVA";"TIERRA DE CAMPOS"
"47";"210";"VILLALAN DE CAMPOS";"TIERRA DE CAMPOS"
"47";"211";"VILLALAR DE LOS COMUNEROS";"CENTRO"
"47";"212";"VILLALBA DE LA LOMA";"TIERRA DE CAMPOS"
"47";"213";"VILLALBA DE LOS ALCORES";"CENTRO"
"47";"214";"VILLALBARBA";"CENTRO"
"47";"215";"VILLALON DE CAMPOS";"TIERRA DE CAMPOS"
"47";"216";"VILLAMURIEL DE CAMPOS";"TIERRA DE CAMPOS"
"47";"217";"VILLAN DE TORDESILLAS";"CENTRO"
"47";"218";"VILLANUBLA";"CENTRO"
"47";"219";"VILLANUEVA DE DUERO";"SUR"
"47";"220";"VILLANUEVA DE LA CONDESA";"TIERRA DE CAMPOS"
"47";"221";"VILLANUEVA DE LOS CABALLEROS";"TIERRA DE CAMPOS"
"47";"222";"VILLANUEVA DE LOS INFANTES";"CENTRO"
"47";"223";"VILLANUEVA DE SAN MANCIO";"TIERRA DE CAMPOS"
"47";"224";"VILLARDEFRADES";"TIERRA DE CAMPOS"
"47";"225";"VILLARMENTERO DE ESGUEVA";"CENTRO"
"47";"226";"VILLASEXMIR";"CENTRO"
"47";"227";"VILLAVAQUERIN";"CENTRO"
"47";"228";"VILLAVELLID";"TIERRA DE CAMPOS"
"47";"229";"VILLAVERDE DE MEDINA";"SUR"
"47";"230";"VILLAVICENCIO DE LOS CABALLEROS";"TIERRA DE CAMPOS"
"47";"231";"WAMBA";"CENTRO"
"47";"232";"ZARATAN";"CENTRO"
"47";"233";"ZARZA (LA)";"SURESTE"
"47";"900";"VALLADOLID";"CENTRO"
"48";"001";"ABADIÐO";"VIZCAYA"
"48";"002";"ABANTO Y CIÉRVANA-ABANTO ZIERBENA";"VIZCAYA"
"48";"003";"AMOREBIETA-ETXANO";"VIZCAYA"
"48";"004";"AMOROTO";"VIZCAYA"
"48";"005";"ARAKALDO";"VIZCAYA"
"48";"006";"ARANTZAZU";"VIZCAYA"
"48";"007";"MUNITIBAR-ARBATZEGI GERRIKAITZ";"VIZCAYA"
"48";"008";"ARTZENTALES";"VIZCAYA"
"48";"009";"ARRANKUDIAGA";"VIZCAYA"
"48";"010";"ARRIETA";"VIZCAYA"
"48";"011";"ARRIGORRIAGA";"VIZCAYA"
"48";"012";"BAKIO";"VIZCAYA"
"48";"013";"BARAKALDO";"VIZCAYA"
"48";"014";"BARRIKA";"VIZCAYA"
"48";"015";"BASAURI";"VIZCAYA"
"48";"016";"BERANGO";"VIZCAYA"
"48";"017";"BERMEO";"VIZCAYA"
"48";"018";"BERRIATUA";"VIZCAYA"
"48";"019";"BERRIZ";"VIZCAYA"
"48";"020";"BILBAO";"VIZCAYA"
"48";"021";"BUSTURIA";"VIZCAYA"
"48";"022";"KARRANTZA HARANA/VALLE DE CARRANZA";"VIZCAYA"
"48";"023";"ARTEA";"VIZCAYA"
"48";"024";"ZEANURI";"VIZCAYA"
"48";"025";"ZEBERIO";"VIZCAYA"
"48";"026";"DIMA";"VIZCAYA"
"48";"027";"DURANGO";"VIZCAYA"
"48";"028";"EA";"VIZCAYA"
"48";"029";"ETXEBARRI ANTEIGLESIA DE SAN ESTEBAN-ETXEBARRI DONEZTEBEKO ELIZATEA";"VIZCAYA"
"48";"030";"ETXEBARRIA";"VIZCAYA"
"48";"031";"ELANTXOBE";"VIZCAYA"
"48";"032";"ELORRIO";"VIZCAYA"
"48";"033";"EREÐO";"VIZCAYA"
"48";"034";"ERMUA";"VIZCAYA"
"48";"035";"FRUIZ";"VIZCAYA"
"48";"036";"GALDAKAO";"VIZCAYA"
"48";"037";"GALDAMES";"VIZCAYA"
"48";"038";"GAMIZ-FIKA";"VIZCAYA"
"48";"039";"GARAY";"VIZCAYA"
"48";"040";"GATIKA";"VIZCAYA"
"48";"041";"GAUTEGIZ ARTEAGA";"VIZCAYA"
"48";"042";"GORDEXOLA";"VIZCAYA"
"48";"043";"GORLIZ";"VIZCAYA"
"48";"044";"GETXO";"VIZCAYA"
"48";"045";"G_EÐES";"VIZCAYA"
"48";"046";"GERNIKA-LUMO";"VIZCAYA"
"48";"047";"GIZABURUAGA";"VIZCAYA"
"48";"048";"IBARRANGELU";"VIZCAYA"
"48";"049";"ISPASTER";"VIZCAYA"
"48";"050";"IZURTZA";"VIZCAYA"
"48";"051";"LANESTOSA";"VIZCAYA"
"48";"052";"LARRABETZU";"VIZCAYA"
"48";"053";"LAUKIZ";"VIZCAYA"
"48";"054";"LEIOA";"VIZCAYA"
"48";"055";"LEMOA";"VIZCAYA"
"48";"056";"LEMOIZ";"VIZCAYA"
"48";"057";"LEKEITIO";"VIZCAYA"
"48";"058";"MALLABIA";"VIZCAYA"
"48";"059";"MAÐARIA";"VIZCAYA"
"48";"060";"MARKINA-XEMEIN";"VIZCAYA"
"48";"061";"MARURI-JATABE";"VIZCAYA"
"48";"062";"MENDATA";"VIZCAYA"
"48";"063";"MENDEXA";"VIZCAYA"
"48";"064";"MEÐAKA";"VIZCAYA"
"48";"065";"UGAO-MIRABALLES";"VIZCAYA"
"48";"066";"MORGA";"VIZCAYA"
"48";"067";"MUXIKA";"VIZCAYA"
"48";"068";"MUNDAKA";"VIZCAYA"
"48";"069";"MUNGIA";"VIZCAYA"
"48";"070";"AULESTI";"VIZCAYA"
"48";"071";"MUSKIZ";"VIZCAYA"
"48";"072";"OTXANDIO";"VIZCAYA"
"48";"073";"ONDARROA";"VIZCAYA"
"48";"074";"URDUÐA-ORDUÐA";"VIZCAYA"
"48";"075";"OROZKO";"VIZCAYA"
"48";"076";"SUKARRIETA";"VIZCAYA"
"48";"077";"PLENTZIA";"VIZCAYA"
"48";"078";"PORTUGALETE";"VIZCAYA"
"48";"079";"ERRIGOITI";"VIZCAYA"
"48";"080";"VALLE DE TRÁPAGA-TRAPAGARAN";"VIZCAYA"
"48";"081";"LEZAMA";"VIZCAYA"
"48";"082";"SANTURTZI";"VIZCAYA"
"48";"083";"ORTUELLA";"VIZCAYA"
"48";"084";"SESTAO";"VIZCAYA"
"48";"085";"Sopela";"VIZCAYA"
"48";"086";"SOPUERTA";"VIZCAYA"
"48";"087";"TRUCIOS-TURTZIOZ";"VIZCAYA"
"48";"088";"UBIDE";"VIZCAYA"
"48";"089";"URDULIZ";"VIZCAYA"
"48";"090";"BALMASEDA";"VIZCAYA"
"48";"091";"ATXONDO";"VIZCAYA"
"48";"092";"BEDIA";"VIZCAYA"
"48";"093";"AREATZA";"VIZCAYA"
"48";"094";"IGORRE";"VIZCAYA"
"48";"095";"ZALDIBAR";"VIZCAYA"
"48";"096";"ZALLA";"VIZCAYA"
"48";"097";"ZARATAMO";"VIZCAYA"
"48";"901";"DERIO";"VIZCAYA"
"48";"902";"ERANDIO";"VIZCAYA"
"48";"903";"LOIU";"VIZCAYA"
"48";"904";"SONDIKA";"VIZCAYA"
"48";"905";"ZAMUDIO";"VIZCAYA"
"48";"906";"FORUA";"VIZCAYA"
"48";"907";"KORTEZUBI";"VIZCAYA"
"48";"908";"MURUETA";"VIZCAYA"
"48";"909";"NABARNIZ";"VIZCAYA"
"48";"910";"IURRETA";"VIZCAYA"
"48";"911";"AJANGIZ";"VIZCAYA"
"48";"912";"ALONSOTEGI";"VIZCAYA"
"48";"913";"ZIERBENA";"VIZCAYA"
"48";"914";"ARRATZU";"VIZCAYA"
"48";"915";"ZIORTZA-BOLIBAR";"VIZCAYA"
"48";"916";"USANSOLO";
"49";"002";"ABEZAMES";"CAMPOS-PAN"
"49";"003";"ALCAÑICES";"ALISTE"
"49";"004";"ALCUBILLA DE NOGALES";"BENAVENTE Y LOS VALLES"
"49";"005";"ALFARAZ DE SAYAGO";"SAYAGO"
"49";"006";"ALGODRE";"CAMPOS-PAN"
"49";"007";"ALMARAZ DE DUERO";"CAMPOS-PAN"
"49";"008";"ALMEIDA DE SAYAGO";"SAYAGO"
"49";"009";"ANDAVIAS";"CAMPOS-PAN"
"49";"010";"ARCENILLAS";"DUERO BAJO"
"49";"011";"ARCOS DE LA POLVOROSA";"BENAVENTE Y LOS VALLES"
"49";"012";"ARGAÑIN";"SAYAGO"
"49";"013";"ARGUJILLO";"DUERO BAJO"
"49";"015";"ARQUILLINOS";"CAMPOS-PAN"
"49";"016";"ARRABALDE";"BENAVENTE Y LOS VALLES"
"49";"017";"ASPARIEGOS";"CAMPOS-PAN"
"49";"018";"ASTURIANOS";"SANABRIA"
"49";"019";"AYOO DE VIDRIALES";"BENAVENTE Y LOS VALLES"
"49";"021";"BARCIAL DEL BARCO";"BENAVENTE Y LOS VALLES"
"49";"022";"BELVER DE LOS MONTES";"CAMPOS-PAN"
"49";"023";"BENAVENTE";"BENAVENTE Y LOS VALLES"
"49";"024";"BENEGILES";"CAMPOS-PAN"
"49";"026";"BERMILLO DE SAYAGO";"SAYAGO"
"49";"027";"BOVEDA DE TORO (LA)";"DUERO BAJO"
"49";"029";"BRETO";"BENAVENTE Y LOS VALLES"
"49";"030";"BRETOCINO";"BENAVENTE Y LOS VALLES"
"49";"031";"BRIME DE SOG";"BENAVENTE Y LOS VALLES"
"49";"032";"BRIME DE URZ";"BENAVENTE Y LOS VALLES"
"49";"033";"BURGANES DE VALVERDE";"BENAVENTE Y LOS VALLES"
"49";"034";"BUSTILLO DEL ORO";"CAMPOS-PAN"
"49";"035";"CABAÑAS DE SAYAGO";"SAYAGO"
"49";"036";"CALZADILLA DE TERA";"BENAVENTE Y LOS VALLES"
"49";"037";"CAMARZANA DE TERA";"BENAVENTE Y LOS VALLES"
"49";"038";"CAÑIZAL";"DUERO BAJO"
"49";"039";"CAÑIZO";"CAMPOS-PAN"
"49";"040";"CARBAJALES DE ALBA";"ALISTE"
"49";"041";"CARBELLINO";"SAYAGO"
"49";"043";"CASASECA DE CAMPEAN";"DUERO BAJO"
"49";"044";"CASASECA DE LAS CHANAS";"DUERO BAJO"
"49";"045";"CASTRILLO DE LA GUAREÑA";"DUERO BAJO"
"49";"046";"CASTROGONZALO";"BENAVENTE Y LOS VALLES"
"49";"047";"CASTRONUEVO";"CAMPOS-PAN"
"49";"048";"CASTROVERDE DE CAMPOS";"CAMPOS-PAN"
"49";"049";"CAZURRA";"DUERO BAJO"
"49";"051";"CERECINOS DE CAMPOS";"CAMPOS-PAN"
"49";"052";"CERECINOS DEL CARRIZAL";"CAMPOS-PAN"
"49";"054";"CERNADILLA";"SANABRIA"
"49";"057";"COBREROS";"SANABRIA"
"49";"058";"CODESAL";"SANABRIA"
"49";"060";"COOMONTE";"BENAVENTE Y LOS VALLES"
"49";"061";"CORESES";"CAMPOS-PAN"
"49";"062";"CORRALES DEL VINO";"DUERO BAJO"
"49";"063";"COTANES DEL MONTE";"CAMPOS-PAN"
"49";"064";"CUBILLOS";"CAMPOS-PAN"
"49";"065";"CUBO DE BENAVENTE";"BENAVENTE Y LOS VALLES"
"49";"066";"CUBO DE TIERRA DEL VINO (EL)";"DUERO BAJO"
"49";"067";"CUELGAMURES";"DUERO BAJO"
"49";"069";"DONADO";"SANABRIA"
"49";"070";"ENTRALA";"DUERO BAJO"
"49";"072";"ESPADAÑEDO";"SANABRIA"
"49";"074";"FARAMONTANOS DE TABARA";"ALISTE"
"49";"075";"FARIZA";"SAYAGO"
"49";"076";"FERMOSELLE";"SAYAGO"
"49";"077";"FERRERAS DE ABAJO";"ALISTE"
"49";"078";"FERRERAS DE ARRIBA";"SANABRIA"
"49";"079";"FERRERUELA";"ALISTE"
"49";"080";"FIGUERUELA DE ABAJO";"ALISTE"
"49";"081";"FIGUERUELA DE ARRIBA";"ALISTE"
"49";"082";"FIGUERUELA DE SAYAGO";"SAYAGO"
"49";"083";"FONFRIA";"ALISTE"
"49";"087";"FRESNO DE LA POLVOROSA";"BENAVENTE Y LOS VALLES"
"49";"088";"FRESNO DE LA RIBERA";"CAMPOS-PAN"
"49";"089";"FRESNO DE SAYAGO";"SAYAGO"
"49";"090";"FRIERA DE VALVERDE";"BENAVENTE Y LOS VALLES"
"49";"092";"FUENTE ENCALADA";"BENAVENTE Y LOS VALLES"
"49";"093";"FUENTELAPEÑA";"DUERO BAJO"
"49";"094";"FUENTESAUCO";"DUERO BAJO"
"49";"095";"FUENTES DE ROPEL";"BENAVENTE Y LOS VALLES"
"49";"096";"FUENTESECAS";"CAMPOS-PAN"
"49";"097";"FUENTESPREADAS";"DUERO BAJO"
"49";"098";"GALENDE";"SANABRIA"
"49";"099";"GALLEGOS DEL PAN";"CAMPOS-PAN"
"49";"100";"GALLEGOS DEL RIO";"ALISTE"
"49";"101";"GAMONES";"SAYAGO"
"49";"103";"GEMA";"DUERO BAJO"
"49";"104";"GRANJA DE MORERUELA";"BENAVENTE Y LOS VALLES"
"49";"105";"GRANUCILLO";"BENAVENTE Y LOS VALLES"
"49";"106";"GUARRATE";"DUERO BAJO"
"49";"107";"HERMISENDE";"SANABRIA"
"49";"108";"HINIESTA (LA)";"CAMPOS-PAN"
"49";"109";"JAMBRINA";"DUERO BAJO"
"49";"110";"JUSTEL";"SANABRIA"
"49";"111";"LOSACINO";"ALISTE"
"49";"112";"LOSACIO";"ALISTE"
"49";"113";"LUBIAN";"SANABRIA"
"49";"114";"LUELMO";"SAYAGO"
"49";"115";"MADERAL (EL)";"DUERO BAJO"
"49";"116";"MADRIDANOS";"DUERO BAJO"
"49";"117";"MAHIDE";"ALISTE"
"49";"118";"MAIRE DE CASTROPONCE";"BENAVENTE Y LOS VALLES"
"49";"120";"MALVA";"CAMPOS-PAN"
"49";"121";"MANGANESES DE LA LAMPREANA";"CAMPOS-PAN"
"49";"122";"MANGANESES DE LA POLVOROSA";"BENAVENTE Y LOS VALLES"
"49";"123";"MANZANAL DE ARRIBA";"SANABRIA"
"49";"124";"MANZANAL DEL BARCO";"ALISTE"
"49";"125";"MANZANAL DE LOS INFANTES";"SANABRIA"
"49";"126";"MATILLA DE ARZON";"BENAVENTE Y LOS VALLES"
"49";"127";"MATILLA LA SECA";"CAMPOS-PAN"
"49";"128";"MAYALDE";"SAYAGO"
"49";"129";"MELGAR DE TERA";"BENAVENTE Y LOS VALLES"
"49";"130";"MICERECES DE TERA";"BENAVENTE Y LOS VALLES"
"49";"131";"MILLES DE LA POLVOROSA";"BENAVENTE Y LOS VALLES"
"49";"133";"MOLACILLOS";"CAMPOS-PAN"
"49";"134";"MOLEZUELAS DE LA CARBALLEDA";"SANABRIA"
"49";"135";"MOMBUEY";"SANABRIA"
"49";"136";"MONFARRACINOS";"CAMPOS-PAN"
"49";"137";"MONTAMARTA";"CAMPOS-PAN"
"49";"138";"MORAL DE SAYAGO";"SAYAGO"
"49";"139";"MORALEJA DEL VINO";"DUERO BAJO"
"49";"140";"MORALEJA DE SAYAGO";"SAYAGO"
"49";"141";"MORALES DEL VINO";"DUERO BAJO"
"49";"142";"MORALES DE REY";"BENAVENTE Y LOS VALLES"
"49";"143";"MORALES DE TORO";"DUERO BAJO"
"49";"144";"MORALES DE VALVERDE";"BENAVENTE Y LOS VALLES"
"49";"145";"MORALINA";"SAYAGO"
"49";"146";"MORERUELA DE LOS INFANZONES";"CAMPOS-PAN"
"49";"147";"MORERUELA DE TABARA";"ALISTE"
"49";"148";"MUELAS DE LOS CABALLEROS";"SANABRIA"
"49";"149";"MUELAS DEL PAN";"CAMPOS-PAN"
"49";"150";"MUGA DE SAYAGO";"SAYAGO"
"49";"151";"NAVIANOS DE VALVERDE";"BENAVENTE Y LOS VALLES"
"49";"152";"OLMILLOS DE CASTRO";"ALISTE"
"49";"153";"OTERO DE BODAS";"SANABRIA"
"49";"156";"PAJARES DE LA LAMPREANA";"CAMPOS-PAN"
"49";"157";"PALACIOS DEL PAN";"CAMPOS-PAN"
"49";"158";"PALACIOS DE SANABRIA";"SANABRIA"
"49";"160";"PEDRALBA DE LA PRADERIA";"SANABRIA"
"49";"161";"PEGO (EL)";"DUERO BAJO"
"49";"162";"PELEAGONZALO";"DUERO BAJO"
"49";"163";"PELEAS DE ABAJO";"DUERO BAJO"
"49";"165";"PEÑAUSENDE";"SAYAGO"
"49";"166";"PEQUE";"SANABRIA"
"49";"167";"PERDIGON (EL)";"DUERO BAJO"
"49";"168";"PERERUELA";"SAYAGO"
"49";"169";"PERILLA DE CASTRO";"ALISTE"
"49";"170";"PIAS";"SANABRIA"
"49";"171";"PIEDRAHITA DE CASTRO";"CAMPOS-PAN"
"49";"172";"PINILLA DE TORO";"CAMPOS-PAN"
"49";"173";"PINO DEL ORO";"ALISTE"
"49";"174";"PIÑERO (EL)";"DUERO BAJO"
"49";"176";"POBLADURA DEL VALLE";"BENAVENTE Y LOS VALLES"
"49";"177";"POBLADURA DE VALDERADUEY";"CAMPOS-PAN"
"49";"179";"PORTO";"SANABRIA"
"49";"180";"POZOANTIGUO";"CAMPOS-PAN"
"49";"181";"POZUELO DE TABARA";"ALISTE"
"49";"183";"PRADO";"CAMPOS-PAN"
"49";"184";"PUEBLA DE SANABRIA";"SANABRIA"
"49";"185";"PUEBLICA DE VALVERDE";"BENAVENTE Y LOS VALLES"
"49";"186";"QUINTANILLA DEL MONTE";"CAMPOS-PAN"
"49";"187";"QUINTANILLA DEL OLMO";"CAMPOS-PAN"
"49";"188";"QUINTANILLA DE URZ";"BENAVENTE Y LOS VALLES"
"49";"189";"QUIRUELAS DE VIDRIALES";"BENAVENTE Y LOS VALLES"
"49";"190";"RABANALES";"ALISTE"
"49";"191";"RABANO DE ALISTE";"ALISTE"
"49";"192";"REQUEJO";"SANABRIA"
"49";"193";"REVELLINOS";"CAMPOS-PAN"
"49";"196";"RIOFRIO DE ALISTE";"ALISTE"
"49";"197";"RIONEGRO DEL PUENTE";"SANABRIA"
"49";"198";"ROALES";"CAMPOS-PAN"
"49";"199";"ROBLEDA-CERVANTES";"SANABRIA"
"49";"200";"ROELOS DE SAYAGO";"SAYAGO"
"49";"201";"ROSINOS DE LA REQUEJADA";"SANABRIA"
"49";"203";"SALCE";"SAYAGO"
"49";"204";"SAMIR DE LOS CAÑOS";"ALISTE"
"49";"205";"SAN AGUSTIN DEL POZO";"CAMPOS-PAN"
"49";"206";"SAN CEBRIAN DE CASTRO";"CAMPOS-PAN"
"49";"208";"SAN CRISTOBAL DE ENTREVIÑAS";"BENAVENTE Y LOS VALLES"
"49";"209";"SAN ESTEBAN DEL MOLAR";"CAMPOS-PAN"
"49";"210";"SAN JUSTO";"SANABRIA"
"49";"212";"SAN MARTIN DE VALDERADUEY";"CAMPOS-PAN"
"49";"213";"SAN MIGUEL DE LA RIBERA";"DUERO BAJO"
"49";"214";"SAN MIGUEL DEL VALLE";"BENAVENTE Y LOS VALLES"
"49";"215";"SAN PEDRO DE CEQUE";"BENAVENTE Y LOS VALLES"
"49";"216";"SAN PEDRO DE LA NAVE-ALMENDRA";"CAMPOS-PAN"
"49";"220";"SANTA CLARA DE AVEDILLO";"DUERO BAJO"
"49";"222";"SANTA COLOMBA DE LAS MONJAS";"BENAVENTE Y LOS VALLES"
"49";"223";"SANTA CRISTINA DE LA POLVOROSA";"BENAVENTE Y LOS VALLES"
"49";"224";"SANTA CROYA DE TERA";"BENAVENTE Y LOS VALLES"
"49";"225";"SANTA EUFEMIA DEL BARCO";"ALISTE"
"49";"226";"SANTA MARIA DE LA VEGA";"BENAVENTE Y LOS VALLES"
"49";"227";"SANTA MARIA DE VALVERDE";"BENAVENTE Y LOS VALLES"
"49";"228";"SANTIBAÑEZ DE TERA";"BENAVENTE Y LOS VALLES"
"49";"229";"SANTIBAÑEZ DE VIDRIALES";"BENAVENTE Y LOS VALLES"
"49";"230";"SANTOVENIA";"BENAVENTE Y LOS VALLES"
"49";"231";"SAN VICENTE DE LA CABEZA";"ALISTE"
"49";"232";"SAN VITERO";"ALISTE"
"49";"233";"SANZOLES";"DUERO BAJO"
"49";"237";"TABARA";"ALISTE"
"49";"239";"TAMAME";"SAYAGO"
"49";"240";"TAPIOLES";"CAMPOS-PAN"
"49";"244";"TORO";"DUERO BAJO"
"49";"245";"TORRE DEL VALLE (LA)";"BENAVENTE Y LOS VALLES"
"49";"247";"TORREGAMONES";"SAYAGO"
"49";"248";"TORRES DEL CARRIZAL";"CAMPOS-PAN"
"49";"249";"TRABAZOS";"ALISTE"
"49";"250";"TREFACIO";"SANABRIA"
"49";"253";"UÑA DE QUINTANA";"BENAVENTE Y LOS VALLES"
"49";"254";"VADILLO DE LA GUAREÑA";"DUERO BAJO"
"49";"255";"VALCABADO";"CAMPOS-PAN"
"49";"256";"VALDEFINJAS";"DUERO BAJO"
"49";"257";"VALDESCORRIEL";"BENAVENTE Y LOS VALLES"
"49";"258";"VALPARAISO";"SANABRIA"
"49";"259";"VALLESA DE LA GUAREÑA";"DUERO BAJO"
"49";"260";"VEGA DE TERA";"BENAVENTE Y LOS VALLES"
"49";"261";"VEGA DE VILLALOBOS";"CAMPOS-PAN"
"49";"262";"VEGALATRAVE";"ALISTE"
"49";"263";"VENIALBO";"DUERO BAJO"
"49";"264";"VEZDEMARBAN";"CAMPOS-PAN"
"49";"265";"VIDAYANES";"CAMPOS-PAN"
"49";"266";"VIDEMALA";"ALISTE"
"49";"267";"VILLABRAZARO";"BENAVENTE Y LOS VALLES"
"49";"268";"VILLABUENA DEL PUENTE";"DUERO BAJO"
"49";"269";"VILLADEPERA";"SAYAGO"
"49";"270";"VILLAESCUSA";"DUERO BAJO"
"49";"271";"VILLAFAFILA";"CAMPOS-PAN"
"49";"272";"VILLAFERRUEÑA";"BENAVENTE Y LOS VALLES"
"49";"273";"VILLAGERIZ";"BENAVENTE Y LOS VALLES"
"49";"274";"VILLALAZAN";"DUERO BAJO"
"49";"275";"VILLALBA DE LA LAMPREANA";"CAMPOS-PAN"
"49";"276";"VILLALCAMPO";"ALISTE"
"49";"277";"VILLALOBOS";"CAMPOS-PAN"
"49";"278";"VILLALONSO";"CAMPOS-PAN"
"49";"279";"VILLALPANDO";"CAMPOS-PAN"
"49";"280";"VILLALUBE";"CAMPOS-PAN"
"49";"281";"VILLAMAYOR DE CAMPOS";"CAMPOS-PAN"
"49";"284";"VILLAMOR DE LOS ESCUDEROS";"DUERO BAJO"
"49";"285";"VILLANAZAR";"BENAVENTE Y LOS VALLES"
"49";"286";"VILLANUEVA DE AZOAGUE";"BENAVENTE Y LOS VALLES"
"49";"287";"VILLANUEVA DE CAMPEAN";"DUERO BAJO"
"49";"288";"VILLANUEVA DE LAS PERAS";"BENAVENTE Y LOS VALLES"
"49";"289";"VILLANUEVA DEL CAMPO";"CAMPOS-PAN"
"49";"290";"VILLARALBO";"DUERO BAJO"
"49";"291";"VILLARDECIERVOS";"SANABRIA"
"49";"292";"VILLAR DE FALLAVES";"CAMPOS-PAN"
"49";"293";"VILLAR DEL BUEY";"SAYAGO"
"49";"294";"VILLARDIEGUA DE LA RIBERA";"SAYAGO"
"49";"295";"VILLARDIGA";"CAMPOS-PAN"
"49";"296";"VILLARDONDIEGO";"CAMPOS-PAN"
"49";"297";"VILLARRIN DE CAMPOS";"CAMPOS-PAN"
"49";"298";"VILLASECO DEL PAN";"CAMPOS-PAN"
"49";"299";"VILLAVENDIMIO";"CAMPOS-PAN"
"49";"300";"VILLAVEZA DEL AGUA";"BENAVENTE Y LOS VALLES"
"49";"301";"VILLAVEZA DE VALVERDE";"BENAVENTE Y LOS VALLES"
"49";"302";"VIÑAS";"ALISTE"
"49";"900";"ZAMORA";"CAMPOS-PAN"
"50";"001";"ABANTO";"DAROCA"
"50";"002";"ACERED";"DAROCA"
"50";"003";"AGON";"BORJA"
"50";"004";"AGUARON";"LA ALMUNIA DE DOÑA GODINA"
"50";"005";"AGUILON";"LA ALMUNIA DE DOÑA GODINA"
"50";"006";"AINZON";"BORJA"
"50";"007";"ALADREN";"DAROCA"
"50";"008";"ALAGON";"ZARAGOZA"
"50";"009";"ALARBA";"CALATAYUD"
"50";"010";"ALBERITE DE SAN JUAN";"BORJA"
"50";"011";"ALBETA";"BORJA"
"50";"012";"ALBORGE";"CASPE"
"50";"013";"ALCALA DE EBRO";"ZARAGOZA"
"50";"014";"ALCALA DE MONCAYO";"BORJA"
"50";"015";"ALCONCHEL DE ARIZA";"CALATAYUD"
"50";"016";"ALDEHUELA DE LIESTOS";"DAROCA"
"50";"017";"ALFAJARIN";"ZARAGOZA"
"50";"018";"ALFAMEN";"LA ALMUNIA DE DOÑA GODINA"
"50";"019";"ALFORQUE";"CASPE"
"50";"020";"ALHAMA DE ARAGON";"CALATAYUD"
"50";"021";"ALMOCHUEL";"ZARAGOZA"
"50";"022";"ALMOLDA (LA)";"CASPE"
"50";"023";"ALMONACID DE LA CUBA";"ZARAGOZA"
"50";"024";"ALMONACID DE LA SIERRA";"LA ALMUNIA DE DOÑA GODINA"
"50";"025";"ALMUNIA DE DOÑA GODINA (LA)";"LA ALMUNIA DE DOÑA GODINA"
"50";"026";"ALPARTIR";"LA ALMUNIA DE DOÑA GODINA"
"50";"027";"AMBEL";"BORJA"
"50";"028";"ANENTO";"DAROCA"
"50";"029";"ANIÑON";"CALATAYUD"
"50";"030";"AÑON DE MONCAYO";"BORJA"
"50";"031";"ARANDA DE MONCAYO";"CALATAYUD"
"50";"032";"ARANDIGA";"LA ALMUNIA DE DOÑA GODINA"
"50";"033";"ARDISA";"EGEA DE LOS CABALLEROS"
"50";"034";"ARIZA";"CALATAYUD"
"50";"035";"ARTIEDA";"EGEA DE LOS CABALLEROS"
"50";"036";"ASIN";"EGEA DE LOS CABALLEROS"
"50";"037";"ATEA";"DAROCA"
"50";"038";"ATECA";"CALATAYUD"
"50";"039";"AZUARA";"ZARAGOZA"
"50";"040";"BADULES";"DAROCA"
"50";"041";"BAGÜES";"EGEA DE LOS CABALLEROS"
"50";"042";"BALCONCHAN";"DAROCA"
"50";"043";"BARBOLES";"ZARAGOZA"
"50";"044";"BARDALLUR";"ZARAGOZA"
"50";"045";"BELCHITE";"ZARAGOZA"
"50";"046";"BELMONTE DE GRACIAN";"CALATAYUD"
"50";"047";"BERDEJO";"CALATAYUD"
"50";"048";"BERRUECO";"DAROCA"
"50";"049";"BIEL-FUENCALDERAS";"EGEA DE LOS CABALLEROS"
"50";"050";"BIJUESCA";"CALATAYUD"
"50";"051";"BIOTA";"EGEA DE LOS CABALLEROS"
"50";"052";"BISIMBRE";"BORJA"
"50";"053";"BOQUIÑENI";"ZARAGOZA"
"50";"054";"BORDALBA";"CALATAYUD"
"50";"055";"BORJA";"BORJA"
"50";"056";"BOTORRITA";"ZARAGOZA"
"50";"057";"BREA DE ARAGON";"CALATAYUD"
"50";"058";"BUBIERCA";"CALATAYUD"
"50";"059";"BUJARALOZ";"CASPE"
"50";"060";"BULBUENTE";"BORJA"
"50";"061";"BURETA";"BORJA"
"50";"062";"BURGO DE EBRO (EL)";"ZARAGOZA"
"50";"063";"BUSTE (EL)";"BORJA"
"50";"064";"CABAÑAS DE EBRO";"ZARAGOZA"
"50";"065";"CABOLAFUENTE";"CALATAYUD"
"50";"066";"CADRETE";"ZARAGOZA"
"50";"067";"CALATAYUD";"CALATAYUD"
"50";"068";"CALATORAO";"LA ALMUNIA DE DOÑA GODINA"
"50";"069";"CALCENA";"LA ALMUNIA DE DOÑA GODINA"
"50";"070";"CALMARZA";"CALATAYUD"
"50";"071";"CAMPILLO DE ARAGON";"CALATAYUD"
"50";"072";"CARENAS";"CALATAYUD"
"50";"073";"CARIÑENA";"LA ALMUNIA DE DOÑA GODINA"
"50";"074";"CASPE";"CASPE"
"50";"075";"CASTEJON DE ALARBA";"CALATAYUD"
"50";"076";"CASTEJON DE LAS ARMAS";"CALATAYUD"
"50";"077";"CASTEJON DE VALDEJASA";"EGEA DE LOS CABALLEROS"
"50";"078";"CASTILISCAR";"EGEA DE LOS CABALLEROS"
"50";"079";"CERVERA DE LA CAÑADA";"CALATAYUD"
"50";"080";"CERVERUELA";"DAROCA"
"50";"081";"CETINA";"CALATAYUD"
"50";"082";"CIMBALLA";"CALATAYUD"
"50";"083";"CINCO OLIVAS";"CASPE"
"50";"084";"CLARES DE RIBOTA";"CALATAYUD"
"50";"085";"CODO";"ZARAGOZA"
"50";"086";"CODOS";"LA ALMUNIA DE DOÑA GODINA"
"50";"087";"CONTAMINA";"CALATAYUD"
"50";"088";"COSUENDA";"LA ALMUNIA DE DOÑA GODINA"
"50";"089";"CUARTE DE HUERVA";"ZARAGOZA"
"50";"090";"CUBEL";"DAROCA"
"50";"091";"CUERLAS (LAS)";"DAROCA"
"50";"092";"CHIPRANA";"CASPE"
"50";"093";"CHODES";"LA ALMUNIA DE DOÑA GODINA"
"50";"094";"DAROCA";"DAROCA"
"50";"095";"EJEA DE LOS CABALLEROS";"EGEA DE LOS CABALLEROS"
"50";"096";"EMBID DE ARIZA";"CALATAYUD"
"50";"098";"ENCINACORBA";"LA ALMUNIA DE DOÑA GODINA"
"50";"099";"EPILA";"LA ALMUNIA DE DOÑA GODINA"
"50";"100";"ERLA";"EGEA DE LOS CABALLEROS"
"50";"101";"ESCATRON";"CASPE"
"50";"103";"FABARA";"CASPE"
"50";"105";"FARLETE";"ZARAGOZA"
"50";"106";"FAYON";"CASPE"
"50";"107";"FAYOS (LOS)";"BORJA"
"50";"108";"FIGUERUELAS";"ZARAGOZA"
"50";"109";"FOMBUENA";"DAROCA"
"50";"110";"FRAGO (EL)";"EGEA DE LOS CABALLEROS"
"50";"111";"FRASNO (EL)";"CALATAYUD"
"50";"112";"FRESCANO";"BORJA"
"50";"114";"FUENDEJALON";"BORJA"
"50";"115";"FUENDETODOS";"ZARAGOZA"
"50";"116";"FUENTES DE EBRO";"ZARAGOZA"
"50";"117";"FUENTES DE JILOCA";"CALATAYUD"
"50";"118";"GALLOCANTA";"DAROCA"
"50";"119";"GALLUR";"BORJA"
"50";"120";"GELSA";"ZARAGOZA"
"50";"121";"GODOJOS";"CALATAYUD"
"50";"122";"GOTOR";"CALATAYUD"
"50";"123";"GRISEL";"BORJA"
"50";"124";"GRISEN";"ZARAGOZA"
"50";"125";"HERRERA DE LOS NAVARROS";"DAROCA"
"50";"126";"IBDES";"CALATAYUD"
"50";"127";"ILLUECA";"CALATAYUD"
"50";"129";"ISUERRE";"EGEA DE LOS CABALLEROS"
"50";"130";"JARABA";"CALATAYUD"
"50";"131";"JARQUE";"CALATAYUD"
"50";"132";"JAULIN";"ZARAGOZA"
"50";"133";"JOYOSA (LA)";"ZARAGOZA"
"50";"134";"LAGATA";"ZARAGOZA"
"50";"135";"LANGA DEL CASTILLO";"DAROCA"
"50";"136";"LAYANA";"EGEA DE LOS CABALLEROS"
"50";"137";"LECERA";"ZARAGOZA"
"50";"138";"LECIÑENA";"ZARAGOZA"
"50";"139";"LECHON";"DAROCA"
"50";"140";"LETUX";"ZARAGOZA"
"50";"141";"LITAGO";"BORJA"
"50";"142";"LITUENIGO";"BORJA"
"50";"143";"LOBERA DE ONSELLA";"EGEA DE LOS CABALLEROS"
"50";"144";"LONGARES";"LA ALMUNIA DE DOÑA GODINA"
"50";"145";"LONGAS";"EGEA DE LOS CABALLEROS"
"50";"147";"LUCENA DE JALON";"LA ALMUNIA DE DOÑA GODINA"
"50";"148";"LUCENI";"ZARAGOZA"
"50";"149";"LUESIA";"EGEA DE LOS CABALLEROS"
"50";"150";"LUESMA";"DAROCA"
"50";"151";"LUMPIAQUE";"LA ALMUNIA DE DOÑA GODINA"
"50";"152";"LUNA";"EGEA DE LOS CABALLEROS"
"50";"153";"MAELLA";"CASPE"
"50";"154";"MAGALLON";"BORJA"
"50";"155";"MAINAR";"DAROCA"
"50";"156";"MALANQUILLA";"CALATAYUD"
"50";"157";"MALEJAN";"BORJA"
"50";"158";"MALON";"BORJA"
"50";"160";"MALUENDA";"CALATAYUD"
"50";"161";"MALLEN";"BORJA"
"50";"162";"MANCHONES";"DAROCA"
"50";"163";"MARA";"CALATAYUD"
"50";"164";"MARIA DE HUERVA";"ZARAGOZA"
"50";"165";"MEDIANA DE ARAGON";"ZARAGOZA"
"50";"166";"MEQUINENZA";"CASPE"
"50";"167";"MESONES DE ISUELA";"LA ALMUNIA DE DOÑA GODINA"
"50";"168";"MEZALOCHA";"LA ALMUNIA DE DOÑA GODINA"
"50";"169";"MIANOS";"EGEA DE LOS CABALLEROS"
"50";"170";"MIEDES DE ARAGON";"CALATAYUD"
"50";"171";"MONEGRILLO";"ZARAGOZA"
"50";"172";"MONEVA";"ZARAGOZA"
"50";"173";"MONREAL DE ARIZA";"CALATAYUD"
"50";"174";"MONTERDE";"CALATAYUD"
"50";"175";"MONTON";"CALATAYUD"
"50";"176";"MORATA DE JALON";"LA ALMUNIA DE DOÑA GODINA"
"50";"177";"MORATA DE JILOCA";"CALATAYUD"
"50";"178";"MORES";"CALATAYUD"
"50";"179";"MOROS";"CALATAYUD"
"50";"180";"MOYUELA";"ZARAGOZA"
"50";"181";"MOZOTA";"ZARAGOZA"
"50";"182";"MUEL";"LA ALMUNIA DE DOÑA GODINA"
"50";"183";"MUELA (LA)";"ZARAGOZA"
"50";"184";"MUNEBREGA";"CALATAYUD"
"50";"185";"MURERO";"DAROCA"
"50";"186";"MURILLO DE GALLEGO";"EGEA DE LOS CABALLEROS"
"50";"187";"NAVARDUN";"EGEA DE LOS CABALLEROS"
"50";"188";"NIGÜELLA";"LA ALMUNIA DE DOÑA GODINA"
"50";"189";"NOMBREVILLA";"DAROCA"
"50";"190";"NONASPE";"CASPE"
"50";"191";"NOVALLAS";"BORJA"
"50";"192";"NOVILLAS";"BORJA"
"50";"193";"NUEVALOS";"CALATAYUD"
"50";"194";"NUEZ DE EBRO";"ZARAGOZA"
"50";"195";"OLVES";"CALATAYUD"
"50";"196";"ORCAJO";"DAROCA"
"50";"197";"ORERA";"CALATAYUD"
"50";"198";"ORES";"EGEA DE LOS CABALLEROS"
"50";"199";"OSEJA";"CALATAYUD"
"50";"200";"OSERA DE EBRO";"ZARAGOZA"
"50";"201";"PANIZA";"LA ALMUNIA DE DOÑA GODINA"
"50";"202";"PARACUELLOS DE JILOCA";"CALATAYUD"
"50";"203";"PARACUELLOS DE LA RIBERA";"CALATAYUD"
"50";"204";"PASTRIZ";"ZARAGOZA"
"50";"205";"PEDROLA";"ZARAGOZA"
"50";"206";"PEDROSAS (LAS)";"EGEA DE LOS CABALLEROS"
"50";"207";"PERDIGUERA";"ZARAGOZA"
"50";"208";"PIEDRATAJADA";"EGEA DE LOS CABALLEROS"
"50";"209";"PINA DE EBRO";"ZARAGOZA"
"50";"210";"PINSEQUE";"ZARAGOZA"
"50";"211";"PINTANOS (LOS)";"EGEA DE LOS CABALLEROS"
"50";"212";"PLASENCIA DE JALON";"LA ALMUNIA DE DOÑA GODINA"
"50";"213";"PLEITAS";"ZARAGOZA"
"50";"214";"PLENAS";"ZARAGOZA"
"50";"215";"POMER";"CALATAYUD"
"50";"216";"POZUEL DE ARIZA";"CALATAYUD"
"50";"217";"POZUELO DE ARAGON";"BORJA"
"50";"218";"PRADILLA DE EBRO";"EGEA DE LOS CABALLEROS"
"50";"219";"PUEBLA DE ALBORTON";"ZARAGOZA"
"50";"220";"PUEBLA DE ALFINDEN (LA)";"ZARAGOZA"
"50";"221";"PUENDELUNA";"EGEA DE LOS CABALLEROS"
"50";"223";"PURUJOSA";"LA ALMUNIA DE DOÑA GODINA"
"50";"224";"QUINTO";"ZARAGOZA"
"50";"225";"REMOLINOS";"ZARAGOZA"
"50";"226";"RETASCON";"DAROCA"
"50";"227";"RICLA";"LA ALMUNIA DE DOÑA GODINA"
"50";"229";"ROMANOS";"DAROCA"
"50";"230";"RUEDA DE JALON";"LA ALMUNIA DE DOÑA GODINA"
"50";"231";"RUESCA";"CALATAYUD"
"50";"233";"SADABA";"EGEA DE LOS CABALLEROS"
"50";"234";"SALILLAS DE JALON";"LA ALMUNIA DE DOÑA GODINA"
"50";"235";"SALVATIERRA DE ESCA";"EGEA DE LOS CABALLEROS"
"50";"236";"SAMPER DEL SALZ";"ZARAGOZA"
"50";"237";"SAN MARTIN DE LA VIRGEN DE MONCAYO";"BORJA"
"50";"238";"SAN MATEO DE GALLEGO";"ZARAGOZA"
"50";"239";"SANTA CRUZ DE GRIO";"LA ALMUNIA DE DOÑA GODINA"
"50";"240";"SANTA CRUZ DE MONCAYO";"BORJA"
"50";"241";"SANTA EULALIA DE GALLEGO";"EGEA DE LOS CABALLEROS"
"50";"242";"SANTED";"DAROCA"
"50";"243";"SASTAGO";"CASPE"
"50";"244";"SABIÑAN";"CALATAYUD"
"50";"245";"SEDILES";"CALATAYUD"
"50";"246";"SESTRICA";"CALATAYUD"
"50";"247";"SIERRA DE LUNA";"EGEA DE LOS CABALLEROS"
"50";"248";"SIGÜES";"EGEA DE LOS CABALLEROS"
"50";"249";"SISAMON";"CALATAYUD"
"50";"250";"SOBRADIEL";"ZARAGOZA"
"50";"251";"SOS DEL REY CATOLICO";"EGEA DE LOS CABALLEROS"
"50";"252";"TABUENCA";"BORJA"
"50";"253";"TALAMANTES";"BORJA"
"50";"254";"TARAZONA";"BORJA"
"50";"255";"TAUSTE";"EGEA DE LOS CABALLEROS"
"50";"256";"TERRER";"CALATAYUD"
"50";"257";"TIERGA";"LA ALMUNIA DE DOÑA GODINA"
"50";"259";"TOBED";"LA ALMUNIA DE DOÑA GODINA"
"50";"260";"TORRALBA DE LOS FRAILES";"DAROCA"
"50";"261";"TORRALBA DE RIBOTA";"CALATAYUD"
"50";"262";"TORRALBILLA";"DAROCA"
"50";"263";"TORREHERMOSA";"CALATAYUD"
"50";"264";"TORRELAPAJA";"CALATAYUD"
"50";"265";"TORRELLAS";"BORJA"
"50";"266";"TORRES DE BERRELLEN";"ZARAGOZA"
"50";"267";"TORRIJO DE LA CAÑADA";"CALATAYUD"
"50";"268";"TOSOS";"LA ALMUNIA DE DOÑA GODINA"
"50";"269";"TRASMOZ";"BORJA"
"50";"270";"TRASOBARES";"LA ALMUNIA DE DOÑA GODINA"
"50";"271";"UNCASTILLO";"EGEA DE LOS CABALLEROS"
"50";"272";"UNDUES DE LERDA";"EGEA DE LOS CABALLEROS"
"50";"274";"URREA DE JALON";"LA ALMUNIA DE DOÑA GODINA"
"50";"275";"URRIES";"EGEA DE LOS CABALLEROS"
"50";"276";"USED";"DAROCA"
"50";"277";"UTEBO";"ZARAGOZA"
"50";"278";"VALDEHORNA";"DAROCA"
"50";"279";"VAL DE SAN MARTIN";"DAROCA"
"50";"280";"VALMADRID";"ZARAGOZA"
"50";"281";"VALPALMAS";"EGEA DE LOS CABALLEROS"
"50";"282";"VALTORRES";"CALATAYUD"
"50";"283";"VELILLA DE EBRO";"ZARAGOZA"
"50";"284";"VELILLA DE JILOCA";"CALATAYUD"
"50";"285";"VERA DE MONCAYO";"BORJA"
"50";"286";"VIERLAS";"BORJA"
"50";"287";"VILUEÑA (LA)";"CALATAYUD"
"50";"288";"VILLADOZ";"DAROCA"
"50";"289";"VILLAFELICHE";"DAROCA"
"50";"290";"VILLAFRANCA DE EBRO";"ZARAGOZA"
"50";"291";"VILLALBA DE PEREJIL";"CALATAYUD"
"50";"292";"VILLALENGUA";"CALATAYUD"
"50";"293";"VILLANUEVA DE GALLEGO";"ZARAGOZA"
"50";"294";"VILLANUEVA DE JILOCA";"DAROCA"
"50";"295";"VILLANUEVA DE HUERVA";"LA ALMUNIA DE DOÑA GODINA"
"50";"296";"VILLAR DE LOS NAVARROS";"DAROCA"
"50";"297";"VILLARREAL DE HUERVA";"DAROCA"
"50";"298";"VILLARROYA DE LA SIERRA";"CALATAYUD"
"50";"299";"VILLARROYA DEL CAMPO";"DAROCA"
"50";"300";"VISTABELLA";"DAROCA"
"50";"302";"ZAIDA (LA)";"CASPE"
"50";"304";"ZUERA";"ZARAGOZA"
"50";"305";"MARRACOS";"EGEA DE LOS CABALLEROS"
"50";"306";"VILLAMAYOR DE GALLEGO";"ZARAGOZA"
"50";"900";"ZARAGOZA";"ZARAGOZA"
